age,annual_income,credit_score,years_employed,existing_debt,num_credit_lines,loan_term_months,dti,monthly_spending,savings_balance,num_transactions_per_month,avg_transaction_amount,online_transactions_ratio,employment_type,loan_purpose,region,loan_amount,default,is_fraud
59,47596.98,668.0,17,9284.06,3,60,0.195,2849.75,12017.0,31,91.93,0.649,unemployed,home,south,39570.27,0,0
49,57447.11,588.0,30,6754.6,4,60,0.118,2600.63,33294.72,25,104.03,0.881,salaried,education,east,51926.5,0,0
35,60870.91,623.0,16,2776.86,2,36,0.046,3499.06,168.84,29,120.66,0.744,salaried,education,east,52856.33,1,0
63,68691.57,721.0,22,10998.1,2,24,0.16,2539.61,13663.05,25,101.58,0.682,salaried,home,east,55048.94,0,0
28,15000.0,824.0,10,1321.73,4,24,0.088,865.99,887.45,27,32.07,0.72,self_employed,business,south,55811.23,0,0
41,63890.4,715.0,14,6439.67,0,48,0.101,2220.64,3550.88,27,82.25,0.791,salaried,personal,central,59878.06,0,0
59,45273.88,723.0,29,1955.29,4,24,0.043,2269.61,22786.56,31,73.21,0.515,self_employed,home,central,62658.84,0,0
39,39449.55,635.0,30,6324.4,5,36,0.16,2332.31,4336.32,30,77.74,0.904,unemployed,personal,east,39802.79,1,0
43,77452.14,574.0,5,3132.08,4,12,0.04,3436.97,37791.03,28,122.75,0.45,salaried,education,west,51846.29,0,0
31,104827.45,622.0,11,494.67,6,60,0.005,3383.24,7703.76,23,147.1,0.685,salaried,auto,east,59332.98,0,0
31,73869.21,645.0,22,6305.34,5,48,0.085,3687.1,482.0,32,115.22,0.887,salaried,business,north,56153.2,0,0
44,42901.06,551.0,34,1806.17,5,48,0.042,1095.34,2872.85,40,27.38,0.911,salaried,auto,central,45737.48,0,0
56,33382.85,719.0,2,1581.56,6,48,0.047,1176.4,11944.42,35,33.61,0.748,self_employed,auto,south,49363.94,0,0
60,15000.0,779.0,27,4365.92,4,12,0.291,872.42,630.23,35,24.93,0.442,salaried,auto,west,51657.82,0,0
44,58813.82,660.0,14,4041.75,7,12,0.069,3031.39,991.1,18,168.41,0.653,self_employed,personal,central,50668.8,0,0
23,70302.12,742.0,12,18153.8,8,36,0.258,1624.7,28031.99,26,62.49,0.797,salaried,home,west,57885.48,0,0
42,51749.05,753.0,18,7484.18,6,48,0.145,2315.3,1478.62,29,79.84,0.741,salaried,home,south,50542.8,0,0
22,82469.66,562.0,17,17352.38,3,48,0.21,2571.03,48216.24,26,98.89,0.636,contract,home,west,52783.19,1,0
44,29908.99,502.0,30,1429.23,7,36,0.048,639.96,656.79,26,24.61,0.501,salaried,personal,south,41866.69,1,0
64,50158.46,608.0,20,3978.84,2,36,0.079,1603.73,20878.47,31,51.73,0.743,salaried,home,east,51108.98,0,0
50,48405.3,658.0,4,7293.8,4,12,0.151,2569.48,455.93,37,69.45,0.942,salaried,auto,south,47325.71,0,0
58,51557.4,548.0,16,1495.85,6,60,0.029,1938.5,278.78,24,80.77,0.61,self_employed,home,central,42616.65,1,0
22,91635.06,771.0,18,1233.28,2,24,0.013,2924.12,3510.0,22,132.91,0.934,self_employed,auto,central,61089.6,0,0
41,51679.73,816.0,3,9746.46,5,24,0.189,3227.66,8633.96,25,129.11,0.629,salaried,education,east,49645.92,0,1
53,47445.81,665.0,25,9547.53,7,36,0.201,2129.04,26126.0,25,85.16,0.847,contract,auto,west,47185.24,1,0
32,35542.62,567.0,23,2401.02,2,12,0.068,1069.19,1035.54,30,35.64,0.587,self_employed,auto,north,43160.68,1,0
42,98504.82,691.0,18,2318.72,3,60,0.024,2884.98,55765.16,34,84.85,0.757,salaried,business,east,64733.95,0,0
64,28451.66,566.0,29,12314.17,5,24,0.433,715.2,906.76,35,20.43,0.739,contract,business,south,41648.39,1,0
45,42241.15,747.0,25,1119.75,3,24,0.027,1956.68,16710.52,27,72.47,0.694,salaried,home,central,58879.22,0,0
47,116107.49,630.0,10,23106.4,5,24,0.199,6672.82,5916.17,21,317.75,0.935,self_employed,auto,north,54811.85,1,1
62,66883.63,712.0,2,25899.71,1,36,0.387,3789.88,1801.66,39,97.18,0.176,salaried,education,west,41604.17,0,0
48,53686.7,727.0,21,18430.95,5,24,0.343,3220.96,21627.91,29,111.07,0.566,salaried,auto,central,51110.44,0,0
36,54707.79,696.0,16,2129.22,1,24,0.039,1192.37,10414.03,23,51.84,0.814,salaried,education,east,54743.25,0,0
35,35388.07,802.0,10,152.5,1,12,0.004,1564.91,10246.48,22,71.13,0.854,salaried,home,south,58811.27,0,0
64,52531.21,665.0,26,24837.53,2,24,0.473,3101.27,632.45,24,129.22,0.365,self_employed,auto,east,50170.1,0,0
23,46284.41,607.0,28,3793.96,2,48,0.082,2700.5,7071.45,30,90.02,0.951,salaried,home,east,49343.93,0,0
57,58737.45,471.0,11,3344.93,3,48,0.057,1886.89,31641.22,36,52.41,0.56,salaried,business,central,46995.59,1,0
27,27506.88,456.0,12,2730.37,3,36,0.099,1148.35,11881.37,34,33.78,0.927,self_employed,home,east,40451.16,1,0
41,64798.22,705.0,10,2523.81,6,48,0.039,1608.98,3294.33,28,57.46,0.722,salaried,education,west,57315.4,0,0
29,85603.66,634.0,30,11937.07,5,36,0.139,2761.41,2195.01,22,125.52,0.631,salaried,education,west,58762.78,0,0
59,49428.36,581.0,10,21463.3,1,12,0.434,3072.76,464.69,30,102.43,0.711,self_employed,business,south,35986.89,1,0
38,72489.3,555.0,1,13878.38,4,60,0.191,3277.42,39823.66,24,136.56,0.492,salaried,education,south,40408.76,1,0
24,62296.21,713.0,22,10090.7,2,36,0.162,3890.27,3614.39,47,82.77,0.672,contract,auto,south,56690.26,0,0
45,41213.33,566.0,13,3054.03,1,48,0.074,887.03,2118.97,30,29.57,0.647,contract,auto,north,44984.63,0,0
34,33646.47,789.0,26,7126.04,5,48,0.212,2062.75,11660.55,19,108.57,0.819,contract,auto,west,55349.13,0,0
29,35836.61,850.0,11,2434.09,2,48,0.068,1275.06,11132.26,26,49.04,0.903,salaried,personal,south,54879.49,0,0
46,61808.84,573.0,28,1064.06,3,60,0.017,1501.23,33316.06,24,62.55,0.633,salaried,personal,central,58047.6,0,0
22,52824.73,707.0,5,1153.5,2,36,0.022,1297.66,1367.3,28,46.35,0.874,contract,business,east,54630.41,0,0
40,96162.22,687.0,22,8331.82,7,36,0.087,3381.35,34662.13,26,130.05,0.667,salaried,education,west,60749.59,0,0
48,77334.2,566.0,9,353.16,4,24,0.005,3137.45,2012.56,37,84.8,0.62,self_employed,business,central,48602.06,0,0
27,77261.67,567.0,33,32592.5,2,24,0.422,1884.13,5064.62,30,62.8,0.851,contract,business,north,43271.73,0,0
64,60985.19,640.0,11,48566.28,5,36,0.796,3434.34,32562.95,28,122.66,0.662,salaried,education,north,28921.34,0,0
28,35137.02,553.0,31,1456.58,5,24,0.041,1443.53,15420.59,25,57.74,0.39,self_employed,personal,east,49081.76,0,0
55,62717.93,743.0,25,5016.58,4,24,0.08,2260.26,1814.3,31,72.91,0.811,salaried,home,north,58734.02,0,0
34,55755.64,629.0,6,13152.11,5,24,0.236,2373.14,6365.31,17,139.6,0.659,contract,business,south,46316.36,0,0
37,32458.85,555.0,31,27923.21,3,48,0.86,1335.61,398.09,29,46.06,0.841,salaried,auto,west,45436.13,1,0
56,93384.17,642.0,32,19974.22,7,36,0.214,2346.94,3783.5,23,102.04,0.37,self_employed,personal,west,57829.14,0,0
60,88967.84,690.0,17,2646.38,4,48,0.03,2039.31,5013.94,30,67.98,0.69,contract,auto,east,61074.19,0,0
24,32374.71,588.0,34,801.42,4,36,0.025,1589.87,8693.79,32,49.68,0.918,salaried,home,west,47297.27,0,0
22,40659.68,481.0,19,3066.32,6,48,0.075,1673.22,11302.01,29,57.7,0.632,self_employed,auto,north,43082.61,0,0
26,42299.16,661.0,30,5174.08,0,36,0.122,924.42,17668.03,32,28.89,0.679,contract,business,west,47772.75,1,0
62,71284.43,547.0,4,4015.72,5,36,0.056,3465.51,3677.78,23,150.67,0.829,contract,home,west,51517.3,1,0
24,67685.44,583.0,31,13379.77,2,12,0.198,3400.26,32907.31,25,136.01,0.71,salaried,auto,north,57281.43,0,0
49,55269.87,690.0,18,2683.08,3,12,0.049,3385.33,24015.34,34,99.57,0.613,contract,home,east,46685.39,0,0
38,61281.65,600.0,0,17607.83,5,48,0.287,2885.41,10434.73,34,84.86,0.676,self_employed,auto,west,48295.57,0,0
46,30350.42,638.0,6,2301.4,3,48,0.076,980.09,3627.81,34,28.83,0.638,salaried,personal,west,41414.87,0,0
64,64319.14,774.0,21,4035.62,5,24,0.063,1979.72,1554.49,33,59.99,0.612,salaried,home,west,61983.46,0,0
54,51771.84,620.0,33,5344.75,4,48,0.103,2065.44,30149.07,23,89.8,0.473,salaried,auto,east,56772.6,0,0
30,39911.93,822.0,9,3097.87,3,24,0.078,985.11,1083.46,20,49.26,0.861,salaried,auto,south,53656.99,0,0
56,27183.68,713.0,25,13086.24,4,48,0.481,1128.11,3679.71,26,43.39,0.798,self_employed,auto,central,43148.75,0,0
34,54837.66,571.0,31,4741.79,2,36,0.086,1891.55,499.06,24,78.81,0.853,salaried,personal,east,44807.32,0,0
51,63616.74,610.0,26,19625.36,3,12,0.308,3525.09,678.97,22,160.23,0.82,salaried,personal,north,48480.4,0,0
35,25181.96,543.0,11,29815.87,8,24,1.184,1253.8,539.86,29,43.23,0.883,self_employed,home,east,28998.51,1,0
28,54628.92,704.0,22,17682.63,1,36,0.324,1722.35,28297.8,25,68.89,0.781,salaried,education,east,52061.49,0,0
34,57239.98,763.0,13,6655.08,3,24,0.116,2333.76,33357.83,31,75.28,0.924,salaried,home,south,50596.41,0,0
43,42217.78,620.0,33,6416.63,6,36,0.152,2140.57,1326.32,28,76.45,0.909,salaried,home,north,48133.38,0,0
60,64275.07,492.0,16,2188.65,2,48,0.034,1802.48,13157.63,36,50.07,0.793,salaried,personal,north,51390.07,1,0
41,51036.78,681.0,5,8074.52,6,24,0.158,3123.9,6214.64,20,156.2,0.415,contract,business,west,48975.27,0,0
36,61539.03,577.0,26,27466.1,5,36,0.446,1517.23,11489.55,26,58.36,0.53,salaried,personal,central,38276.8,0,0
38,68899.98,590.0,7,756.37,4,36,0.011,4172.08,26115.82,20,208.6,0.283,salaried,auto,central,47377.48,0,0
44,68917.34,676.0,32,12565.55,7,60,0.182,1483.71,3916.22,22,67.44,0.864,self_employed,home,central,53898.4,0,0
46,85611.01,755.0,34,18330.17,2,36,0.214,3508.1,26098.47,31,113.16,0.564,unemployed,auto,north,63472.41,0,0
45,63085.51,713.0,16,38882.28,2,24,0.616,2071.73,6377.55,26,79.68,0.509,self_employed,home,south,41451.49,0,0
61,43709.98,687.0,25,3668.44,4,24,0.084,2672.95,24861.64,36,74.25,0.67,self_employed,auto,west,56397.66,0,0
49,40477.21,637.0,6,3954.56,4,36,0.098,2286.17,2341.44,27,84.67,0.564,contract,education,north,44883.84,0,0
35,33574.13,538.0,23,2349.66,10,12,0.07,1962.08,18102.96,27,72.67,0.706,self_employed,home,west,44490.73,0,0
21,57990.29,680.0,24,14005.79,3,24,0.242,2396.22,30057.09,36,66.56,0.47,contract,auto,west,54010.11,0,0
45,98183.19,711.0,34,1357.82,7,12,0.014,2478.32,46235.12,31,79.95,0.591,contract,home,west,74290.52,0,0
27,46105.91,599.0,25,2804.91,2,36,0.061,1435.35,4295.71,32,44.85,0.832,salaried,home,east,47590.72,0,0
29,66325.1,619.0,4,3149.37,2,48,0.047,2848.98,13914.11,33,86.33,0.781,self_employed,home,south,47701.79,0,0
44,38618.01,744.0,34,4229.03,4,36,0.11,1430.43,17664.18,32,44.7,0.571,salaried,personal,south,64789.41,0,0
21,59139.97,617.0,29,4928.42,3,24,0.083,2039.52,30896.54,32,63.74,0.743,salaried,home,central,51553.52,0,0
64,95483.26,627.0,24,7368.9,3,48,0.077,3193.92,1450.59,28,114.07,0.964,self_employed,education,east,56088.87,1,0
28,73777.68,642.0,23,26673.45,4,36,0.362,2256.89,28044.14,21,107.47,0.762,contract,education,west,40569.02,1,0
44,26719.12,707.0,29,2556.55,6,36,0.096,1155.52,1449.27,18,64.2,0.632,salaried,auto,central,43304.95,0,0
31,70039.36,675.0,19,13595.32,3,60,0.194,3467.6,3617.06,26,133.37,0.645,contract,business,north,51055.06,0,0
37,71489.2,669.0,2,10153.95,5,48,0.142,3547.93,15836.59,40,88.7,0.521,self_employed,home,west,48997.45,0,0
28,58575.34,779.0,31,1110.2,2,48,0.019,1329.35,785.08,27,49.24,0.879,salaried,auto,north,62976.95,0,0
55,73158.6,615.0,7,14964.44,3,12,0.205,1606.28,37005.96,20,80.31,0.782,self_employed,auto,south,44322.86,0,0
55,37232.01,569.0,22,854.85,3,36,0.023,911.0,4427.19,33,27.61,0.629,contract,education,east,40374.64,0,0
53,55740.84,737.0,15,12086.57,4,60,0.217,1202.48,16008.75,28,42.95,0.573,salaried,education,east,51362.54,0,0
25,89284.06,670.0,34,11322.27,5,24,0.127,3498.49,6734.51,23,152.11,0.898,salaried,home,central,60742.81,0,0
62,85731.64,600.0,24,10523.3,5,12,0.123,1977.8,2384.17,23,85.99,0.604,salaried,personal,west,58131.32,0,1
59,69329.12,619.0,14,2915.29,3,12,0.042,2702.77,38547.25,26,103.95,0.599,salaried,auto,west,55490.74,0,1
61,36411.94,542.0,7,7666.48,4,60,0.211,1269.72,1537.67,28,45.35,0.862,salaried,education,north,33658.26,0,0
48,33921.06,670.0,33,12903.41,5,36,0.38,789.53,20044.91,27,29.24,0.863,salaried,auto,south,44754.91,0,0
27,57042.09,526.0,24,9134.86,3,24,0.16,1389.78,15963.43,31,44.83,0.359,self_employed,business,south,41795.78,1,0
29,58767.74,708.0,18,14680.81,3,36,0.25,3114.91,3148.44,32,97.34,0.638,salaried,home,central,54506.09,0,0
28,51783.8,606.0,12,10479.38,4,36,0.202,2641.95,28405.03,26,101.61,0.584,salaried,business,east,48444.52,1,0
32,37716.27,532.0,11,2887.43,4,48,0.077,1235.41,273.29,33,37.44,0.553,contract,education,north,34637.71,0,0
54,65948.7,743.0,14,1495.09,2,36,0.023,1730.81,3876.72,33,52.45,0.635,self_employed,personal,central,64096.99,0,0
53,56929.81,842.0,22,8996.54,3,48,0.158,2031.3,30598.42,34,59.74,0.403,salaried,education,north,63185.99,0,0
43,61723.56,687.0,1,12834.99,1,24,0.208,2530.64,23659.38,35,72.3,0.587,unemployed,auto,south,43720.04,0,0
44,70759.72,626.0,22,1381.75,5,36,0.02,2999.7,23430.5,24,124.99,0.885,salaried,personal,central,56307.31,0,0
57,47899.37,568.0,4,1729.39,4,48,0.036,1046.97,1165.89,36,29.08,0.861,salaried,auto,south,44580.07,0,0
55,43480.1,672.0,33,109.28,7,36,0.003,1994.67,15654.45,24,83.11,0.597,salaried,education,central,56395.09,0,0
64,89179.31,704.0,9,6828.76,4,24,0.077,4199.37,39884.53,41,102.42,0.647,salaried,home,south,59717.35,0,0
60,38529.86,651.0,26,7033.7,1,48,0.183,1834.9,16605.44,20,91.74,0.976,self_employed,home,central,58224.86,0,0
42,43864.98,726.0,3,6239.69,6,48,0.142,2058.7,851.77,30,68.62,0.521,salaried,education,east,49936.68,0,0
47,94410.87,779.0,3,3418.31,1,24,0.036,5730.84,38670.03,37,154.89,0.772,contract,personal,north,66765.08,0,0
55,42354.89,543.0,7,5024.58,9,36,0.119,2135.02,961.41,31,68.87,0.965,salaried,personal,south,43376.7,0,0
21,51824.7,675.0,5,13081.02,4,24,0.252,1764.01,6141.58,33,53.45,0.568,contract,personal,south,53779.28,0,0
55,45008.81,488.0,24,1805.8,7,48,0.04,2460.74,4864.7,24,102.53,0.665,salaried,home,west,39110.09,0,0
57,24283.45,581.0,26,2025.72,3,12,0.083,942.71,1092.25,23,40.99,0.521,salaried,personal,west,48677.25,0,0
34,51252.08,711.0,19,9895.93,5,24,0.193,1196.77,2768.87,26,46.03,0.457,salaried,auto,west,52793.3,0,0
23,34379.65,646.0,26,18149.95,2,36,0.528,1645.69,2409.27,28,58.77,0.774,salaried,home,north,43380.0,0,0
21,60752.36,513.0,6,3745.01,4,48,0.062,2233.3,3334.47,34,65.69,0.75,self_employed,personal,central,39378.98,1,0
25,89102.02,739.0,22,24293.28,2,48,0.273,5310.22,1762.76,36,147.51,0.551,self_employed,education,north,49424.99,0,0
46,20002.69,604.0,19,534.66,4,36,0.027,701.57,762.41,27,25.98,0.689,salaried,auto,west,44018.32,0,0
34,45111.27,722.0,33,1135.37,6,60,0.025,1024.43,5191.42,22,46.57,0.566,salaried,personal,west,57034.86,0,0
59,66406.18,694.0,28,5545.0,5,12,0.084,4003.15,16842.02,33,121.31,0.565,salaried,business,south,58935.02,0,0
47,20282.08,579.0,4,11569.42,3,60,0.57,1125.98,5839.87,25,45.04,0.961,salaried,education,north,25809.16,1,0
29,98846.1,724.0,26,4170.28,4,24,0.042,6092.82,23451.5,30,203.09,0.854,salaried,business,central,68132.44,0,0
35,64276.63,677.0,11,7282.02,7,48,0.113,1823.88,31934.92,27,67.55,0.656,salaried,home,east,50467.4,1,0
35,88207.37,665.0,16,260.88,4,24,0.003,1915.63,31620.43,31,61.79,0.678,self_employed,home,central,60633.72,0,0
46,42033.55,610.0,33,5576.3,4,36,0.133,2541.45,12936.19,35,72.61,0.822,salaried,personal,south,46277.21,0,0
62,44378.29,556.0,29,2500.48,2,48,0.056,2297.17,2106.65,33,69.61,0.769,salaried,home,central,43760.22,0,0
33,50391.54,614.0,5,6537.89,4,36,0.13,2849.27,21740.2,26,109.59,0.637,salaried,personal,west,41429.25,0,0
52,141803.0,613.0,31,6715.77,9,48,0.047,2977.61,11460.26,29,102.68,0.85,salaried,home,north,71547.78,0,0
59,98041.62,722.0,31,12591.1,6,36,0.128,4726.55,3140.76,34,139.02,0.701,unemployed,personal,south,62707.12,1,0
52,57500.93,510.0,8,6985.66,7,24,0.121,2902.23,27760.05,30,96.74,0.793,salaried,personal,east,42174.87,0,0
24,60747.48,775.0,21,8573.54,3,36,0.141,2134.93,23694.14,30,71.16,0.877,unemployed,personal,west,61392.98,0,0
50,72092.6,780.0,9,6788.44,3,12,0.094,2924.05,31248.07,24,121.84,0.694,salaried,home,west,61288.94,0,0
57,158926.91,596.0,28,41792.8,5,36,0.263,4190.74,5602.76,32,130.96,0.59,salaried,personal,north,55044.4,0,0
43,64358.48,769.0,10,14115.5,6,48,0.219,1555.36,35929.06,30,51.85,0.795,salaried,personal,west,54391.02,0,0
59,55308.49,565.0,27,12682.2,5,12,0.229,3020.11,17609.8,31,97.42,0.845,unemployed,auto,east,48668.03,0,0
35,46519.68,746.0,1,8881.85,2,24,0.191,2562.81,16140.88,29,88.37,0.477,self_employed,auto,west,51462.02,0,0
63,60217.11,580.0,20,6764.06,3,36,0.112,1832.21,31911.16,26,70.47,0.861,self_employed,business,central,54612.69,0,0
49,41599.37,738.0,30,3804.74,7,48,0.091,2282.5,15664.59,27,84.54,0.919,salaried,business,east,54598.65,0,0
56,67727.09,528.0,16,13790.96,3,48,0.204,2438.46,18543.72,24,101.6,0.957,contract,home,north,45746.38,0,0
33,28433.73,742.0,26,1892.15,1,48,0.067,934.72,4750.47,33,28.32,0.494,salaried,auto,west,48946.76,0,0
52,48183.64,760.0,29,335.1,3,12,0.007,2594.24,2794.59,19,136.54,0.845,salaried,personal,north,59599.26,0,0
27,75401.68,525.0,7,10781.08,4,24,0.143,3791.05,35226.98,31,122.29,0.689,salaried,personal,east,39806.32,0,0
42,63965.92,799.0,4,1408.32,8,36,0.022,3025.4,4350.48,27,112.05,0.838,self_employed,auto,central,59423.6,0,0
48,43994.46,737.0,25,21074.37,4,24,0.479,2374.82,407.75,27,87.96,0.476,salaried,home,south,48261.01,0,0
22,48805.05,480.0,5,13253.79,6,36,0.272,2772.05,678.92,29,95.59,0.771,contract,personal,central,34257.56,1,0
62,86327.25,608.0,15,8297.26,2,36,0.096,5210.67,13591.26,26,200.41,0.85,salaried,auto,south,53733.15,0,0
26,31423.75,738.0,0,3390.91,7,24,0.108,1471.05,1238.56,28,52.54,0.65,self_employed,education,east,49496.11,0,0
48,31505.99,711.0,8,9143.57,2,36,0.29,775.76,10369.73,35,22.16,0.634,contract,personal,south,45596.74,0,0
48,35655.71,660.0,20,5831.1,7,48,0.164,1268.5,5589.74,29,43.74,0.658,salaried,education,north,51391.01,0,0
64,53916.67,729.0,6,3096.98,6,12,0.057,1419.03,5756.54,27,52.56,0.836,salaried,home,east,55634.91,0,0
64,29421.11,576.0,14,26116.73,6,24,0.888,761.97,12393.35,29,26.27,0.863,salaried,home,central,30396.5,1,0
40,83187.36,654.0,23,1589.45,2,48,0.019,5161.51,420.02,23,224.41,0.939,salaried,business,east,59647.95,0,1
50,35741.52,578.0,4,12599.3,5,24,0.353,1019.91,5259.76,31,32.9,0.695,self_employed,auto,east,35223.23,0,0
31,59931.65,661.0,28,14486.68,4,36,0.242,3091.23,11478.18,25,123.65,0.92,salaried,home,south,49021.89,0,0
48,41748.43,735.0,10,27290.56,6,48,0.654,2229.73,5224.72,24,92.91,0.795,salaried,personal,west,38276.48,0,0
45,52602.89,716.0,3,7174.91,4,24,0.136,2172.93,1856.72,27,80.48,0.829,salaried,auto,west,47969.4,0,0
59,26330.79,669.0,9,6889.04,2,48,0.262,553.62,1147.84,23,24.07,0.947,salaried,home,central,40504.04,1,0
53,85015.79,734.0,33,22764.15,2,48,0.268,4348.95,21787.43,37,117.54,0.917,salaried,auto,central,59959.61,0,0
21,35148.1,742.0,3,14534.27,7,60,0.414,2126.56,4099.71,29,73.33,0.948,contract,auto,east,48523.93,0,0
47,33530.22,803.0,9,12981.46,2,36,0.387,1773.95,8476.81,29,61.17,0.854,salaried,auto,west,41475.76,0,0
33,158032.19,749.0,32,14008.92,9,36,0.089,6772.86,45863.14,33,205.24,0.843,self_employed,education,central,86701.06,0,1
61,69524.76,706.0,17,6116.41,4,48,0.088,3150.43,36866.0,27,116.68,0.865,self_employed,home,central,59611.42,0,0
23,83540.55,729.0,11,380.71,1,48,0.005,2291.9,27427.78,23,99.65,0.523,salaried,auto,south,64973.68,0,0
59,66602.75,671.0,22,1988.79,8,36,0.03,3839.32,3543.01,34,112.92,0.85,salaried,education,central,58996.19,0,0
26,44195.74,626.0,24,9269.98,7,12,0.21,2020.13,25958.22,29,69.66,0.918,salaried,business,north,46976.9,0,0
28,30089.08,724.0,3,4540.1,3,36,0.151,937.98,389.57,21,44.67,0.558,self_employed,education,north,38686.04,0,0
47,47359.88,714.0,12,8400.25,2,24,0.177,1184.86,15460.94,32,37.03,0.264,salaried,business,east,55929.37,0,0
29,34885.56,675.0,17,7220.19,5,12,0.207,1115.84,7604.9,30,37.19,0.846,salaried,auto,north,47130.34,1,1
57,35841.01,633.0,28,5196.86,3,24,0.145,1890.88,15230.15,33,57.3,0.693,salaried,auto,west,57056.21,0,0
53,26570.74,629.0,29,2407.72,2,24,0.091,1611.07,3472.24,28,57.54,0.85,salaried,business,west,48311.95,0,0
62,57040.35,615.0,27,11423.32,1,60,0.2,1743.11,1809.42,22,79.23,0.593,contract,auto,west,54533.74,1,0
64,109977.98,757.0,6,21576.53,3,36,0.196,3710.36,34999.24,37,100.28,0.52,contract,education,west,58867.0,0,0
44,69644.68,750.0,23,13225.66,8,60,0.19,3788.34,27691.44,23,164.71,0.945,contract,home,central,57800.11,0,0
35,51657.69,747.0,9,1150.89,4,48,0.022,2644.42,18471.87,22,120.2,0.909,self_employed,auto,east,49486.65,0,0
52,53196.22,561.0,26,6948.73,3,24,0.131,1382.08,4949.34,21,65.81,0.912,salaried,home,east,44718.23,0,0
52,15000.0,619.0,20,16236.28,3,48,1.082,881.58,6339.94,27,32.65,0.286,salaried,home,west,29989.12,0,0
44,44769.13,628.0,28,8045.96,1,36,0.18,1369.28,12919.12,34,40.27,0.687,salaried,personal,west,54456.04,0,0
61,28509.59,598.0,6,5211.44,3,36,0.183,1506.28,367.04,14,107.59,0.391,salaried,auto,east,41210.75,0,0
32,57554.39,808.0,12,3013.55,2,36,0.052,2760.59,1450.74,30,92.02,0.655,self_employed,home,south,64035.81,0,0
59,48195.01,684.0,22,3609.55,8,60,0.075,1944.29,11287.97,33,58.92,0.628,self_employed,business,central,60760.42,0,0
22,36636.96,678.0,24,2495.51,3,12,0.068,896.69,10155.25,23,38.99,0.696,salaried,home,west,51366.36,0,0
23,56974.18,610.0,12,1960.34,5,36,0.034,3305.85,30703.17,29,113.99,0.687,salaried,business,north,50034.7,0,0
57,56753.67,723.0,29,7999.51,6,12,0.141,2436.56,29824.57,28,87.02,0.45,self_employed,home,north,64227.44,0,0
37,107299.67,836.0,25,6408.86,2,24,0.06,2741.64,3642.9,26,105.45,0.608,salaried,home,west,68489.3,0,0
22,73783.31,657.0,11,11946.56,7,12,0.162,3003.04,23431.98,27,111.22,0.685,salaried,education,central,52031.17,0,0
22,59732.87,630.0,0,3312.61,7,60,0.055,1502.81,3736.39,26,57.8,0.935,salaried,business,east,39498.05,1,0
48,35369.97,642.0,17,5559.42,4,24,0.157,1287.57,1453.14,24,53.65,0.978,salaried,personal,east,45627.44,0,0
43,33421.42,623.0,20,10265.33,3,48,0.307,861.0,4763.05,23,37.43,0.506,salaried,auto,east,46392.63,0,0
57,70932.33,650.0,23,29728.58,5,48,0.419,2252.59,41143.84,15,150.17,0.857,salaried,education,central,44983.85,0,0
52,49511.92,598.0,16,3861.42,1,12,0.078,2705.37,27722.2,30,90.18,0.833,salaried,business,central,50577.97,0,0
53,60609.96,575.0,8,3187.08,2,12,0.053,1850.13,26286.06,33,56.06,0.769,contract,home,north,49743.82,0,0
21,84128.46,648.0,27,5368.9,4,24,0.064,3988.99,1674.35,37,107.81,0.948,salaried,auto,central,56171.18,0,0
39,27421.63,657.0,14,11582.08,6,36,0.422,834.45,391.05,26,32.09,0.674,self_employed,personal,central,48167.8,0,0
22,101586.5,627.0,12,29325.64,3,36,0.289,4724.49,12128.19,26,181.71,0.721,salaried,auto,south,48528.22,0,0
64,83802.81,774.0,27,6921.25,6,48,0.083,4344.45,2716.59,24,181.02,0.731,salaried,auto,south,70016.42,0,0
46,21493.42,685.0,16,15062.92,5,36,0.701,540.28,591.95,33,16.37,0.867,contract,education,south,40364.56,1,0
52,156199.86,713.0,8,5619.31,5,48,0.036,8771.67,5804.96,26,337.37,0.81,contract,personal,east,69765.19,0,0
26,62606.18,715.0,20,366.06,4,36,0.006,3687.67,2283.08,36,102.44,0.546,salaried,personal,north,62970.91,0,0
52,43680.53,659.0,29,20216.8,7,36,0.463,1587.72,1864.73,28,56.7,0.66,contract,personal,south,37891.14,0,0
24,68430.78,669.0,10,3080.87,6,36,0.045,3927.77,21636.37,32,122.74,0.598,unemployed,personal,west,54203.57,0,0
31,34896.31,577.0,29,1343.45,1,36,0.038,895.82,1149.97,32,27.99,0.494,salaried,auto,south,42783.52,1,0
37,69269.35,706.0,24,50064.05,6,36,0.723,2671.0,39929.95,21,127.19,0.924,contract,personal,east,39214.76,0,0
58,37908.35,622.0,6,3841.1,4,36,0.101,1044.25,1317.05,19,54.96,0.567,self_employed,auto,north,48627.43,0,0
44,134478.79,596.0,19,1321.25,8,12,0.01,8187.77,7084.98,26,314.91,0.629,salaried,home,south,65148.37,0,0
25,55661.56,761.0,34,3359.71,3,24,0.06,2955.39,513.31,33,89.56,0.661,self_employed,home,north,65745.37,0,0
54,72578.24,537.0,9,6490.91,5,48,0.089,3386.99,36235.15,24,141.12,0.374,salaried,auto,west,47189.03,0,0
26,38035.33,796.0,34,828.61,2,12,0.022,905.17,15948.73,29,31.21,0.889,salaried,home,central,59196.0,0,0
42,78231.15,789.0,0,3913.41,3,36,0.05,2170.24,1827.08,26,83.47,0.22,salaried,auto,central,59497.08,1,0
31,53870.54,631.0,13,9946.83,1,60,0.185,1909.11,7654.56,17,112.3,0.861,contract,education,east,48356.19,0,0
36,28700.41,802.0,4,22285.16,7,36,0.776,870.3,4157.72,32,27.2,0.696,salaried,personal,north,33953.44,0,0
53,48657.28,574.0,33,4559.08,3,24,0.094,1644.44,12185.79,27,60.91,0.711,salaried,home,east,46070.17,1,0
29,129184.9,734.0,23,7482.67,2,12,0.058,7904.04,31926.43,31,254.97,0.72,salaried,personal,north,75506.13,0,0
26,79741.04,651.0,3,9096.95,4,48,0.114,4324.72,17747.52,22,196.58,0.688,salaried,business,south,55725.77,0,0
36,45682.07,496.0,26,660.43,5,12,0.014,1084.93,12427.23,28,38.75,0.735,self_employed,personal,south,43410.28,1,0
49,23362.22,596.0,4,3770.03,4,12,0.161,541.3,11673.85,19,28.49,0.552,self_employed,education,east,38903.47,1,0
23,37248.95,635.0,12,10375.36,5,36,0.279,847.16,1836.33,36,23.53,0.932,self_employed,education,central,44893.32,0,0
40,28769.95,716.0,20,11974.71,4,24,0.416,1461.87,14715.1,34,43.0,0.95,salaried,personal,west,38900.84,0,0
56,23617.57,609.0,31,3959.84,6,60,0.168,997.5,13054.66,35,28.5,0.229,salaried,auto,central,45689.15,0,0
39,77150.71,627.0,30,60.83,5,36,0.001,2083.03,8994.13,32,65.09,0.512,salaried,education,east,60498.99,0,0
46,55718.88,696.0,31,62.0,3,48,0.001,3342.32,1294.75,30,111.41,0.959,salaried,education,west,56290.51,0,0
23,121515.71,691.0,14,6952.05,7,60,0.057,3548.3,48321.72,28,126.72,0.906,salaried,auto,north,61823.32,0,0
39,34581.05,642.0,29,7216.34,1,24,0.209,1760.57,20318.82,25,70.42,0.771,salaried,home,central,44454.93,0,0
40,54120.78,624.0,6,7301.69,6,24,0.135,3379.16,28271.55,32,105.6,0.74,salaried,home,east,44844.71,0,0
52,28929.63,730.0,30,11513.22,7,60,0.398,1796.7,13010.78,22,81.67,0.548,salaried,personal,north,49024.37,0,0
27,41452.65,624.0,25,22875.51,1,36,0.552,1933.31,23413.89,40,48.33,0.483,salaried,home,central,45669.36,1,0
61,49023.28,549.0,25,41601.04,8,24,0.849,1334.05,28913.18,32,41.69,0.426,self_employed,home,central,33450.71,1,0
53,45770.99,616.0,1,10867.81,2,36,0.237,2846.98,2475.82,26,109.5,0.731,salaried,auto,central,35817.73,0,0
60,55497.5,696.0,8,6493.9,0,48,0.117,2836.69,7107.84,25,113.47,0.697,salaried,auto,south,53537.96,0,0
59,83886.86,637.0,4,1367.82,4,36,0.016,4637.98,3641.08,32,144.94,0.501,salaried,home,central,54992.78,0,0
38,80008.48,607.0,26,4363.13,4,60,0.055,4938.35,20128.11,27,182.9,0.549,self_employed,education,central,48368.78,1,0
60,38322.77,543.0,11,7647.3,11,60,0.2,1122.86,1893.42,29,38.72,0.851,contract,home,west,44954.51,1,0
21,53441.38,638.0,34,77044.72,2,48,1.442,1830.8,278.99,25,73.23,0.831,self_employed,personal,south,23196.25,1,0
31,77446.56,669.0,28,1222.19,2,36,0.016,2407.07,38788.53,28,85.97,0.793,salaried,auto,south,57880.59,0,0
48,86342.86,564.0,15,14178.65,3,12,0.164,5363.89,16472.8,22,243.81,0.739,contract,auto,east,49438.46,0,0
45,40234.47,634.0,18,61647.06,8,48,1.532,1935.39,18789.7,19,101.86,0.818,salaried,personal,west,23040.07,1,0
43,74508.91,557.0,26,14726.26,1,36,0.198,2516.46,875.95,26,96.79,0.796,salaried,auto,west,33604.46,0,0
51,62882.04,639.0,17,13116.02,3,48,0.209,2280.37,3037.41,25,91.21,0.762,self_employed,education,south,52648.69,0,0
50,33533.66,797.0,12,2693.92,3,60,0.08,1333.06,13313.68,27,49.37,0.847,self_employed,business,south,53293.61,0,0
62,77658.1,665.0,29,30.31,4,24,0.0,3037.13,21557.38,24,126.55,0.617,salaried,personal,east,66792.37,0,0
55,57999.78,516.0,25,2305.5,3,60,0.04,1627.78,29646.33,31,52.51,0.802,salaried,personal,west,48958.87,0,0
27,24744.89,678.0,5,14037.27,2,36,0.567,1398.59,13596.61,28,49.95,0.591,self_employed,home,west,40831.52,0,0
36,47465.86,762.0,2,1021.35,4,36,0.022,2516.46,12130.3,25,100.66,0.646,unemployed,home,central,50982.54,0,0
46,55156.83,532.0,22,3160.31,4,12,0.057,3248.8,20834.74,29,112.03,0.821,self_employed,business,west,42540.33,0,0
22,41248.87,561.0,11,7440.22,2,48,0.18,1762.56,7514.18,23,76.63,0.752,salaried,personal,west,37160.94,0,0
21,94155.49,672.0,14,7803.44,4,48,0.083,4597.84,16036.64,22,208.99,0.841,self_employed,education,west,61692.09,0,0
32,95703.56,643.0,0,7047.42,6,36,0.074,5000.43,4959.93,23,217.41,0.814,self_employed,auto,west,48762.23,1,0
25,45609.87,753.0,7,35614.83,7,36,0.781,2079.61,4760.13,25,83.18,0.871,salaried,home,central,38757.12,0,0
57,43412.32,635.0,30,111.26,3,36,0.003,2178.1,12075.64,28,77.79,0.5,salaried,home,north,48443.48,0,0
52,51069.59,720.0,10,6017.82,5,48,0.118,2200.34,14470.83,30,73.34,0.65,contract,personal,central,52938.62,0,0
29,49511.67,780.0,16,6318.25,3,24,0.128,1855.54,17772.82,23,80.68,0.742,salaried,education,south,50256.41,0,0
61,41496.91,576.0,26,3124.62,3,24,0.075,2563.97,1602.17,32,80.12,0.809,salaried,home,east,41834.59,0,0
55,15000.0,714.0,30,6701.31,2,24,0.447,610.96,4063.17,30,20.37,0.865,contract,home,central,47124.48,0,0
39,119332.06,616.0,26,10067.86,1,12,0.084,6652.31,32959.26,26,255.86,0.731,salaried,home,west,60346.69,0,0
36,54186.55,462.0,13,10053.44,6,36,0.186,2479.11,20619.66,29,85.49,0.483,salaried,home,west,40499.51,0,0
23,49999.11,690.0,22,827.63,6,36,0.017,1609.05,21367.1,30,53.64,0.571,salaried,personal,south,52453.67,0,0
40,62713.13,701.0,4,14596.33,2,48,0.233,1601.54,30117.24,27,59.32,0.738,self_employed,auto,south,51912.69,0,0
44,52259.35,518.0,29,24025.07,5,36,0.46,3081.23,21775.08,26,118.51,0.519,self_employed,education,west,42301.68,0,0
53,44638.76,611.0,33,1187.52,0,48,0.027,1557.32,108.79,26,59.9,0.572,contract,auto,south,55184.97,0,0
44,34456.72,597.0,18,4850.56,6,36,0.141,1141.86,530.94,20,57.09,0.695,salaried,home,east,43191.72,1,0
31,23685.64,719.0,30,6452.35,4,36,0.272,1230.88,2328.09,32,38.47,0.92,salaried,education,east,43392.42,0,0
28,29452.36,518.0,15,1303.38,4,60,0.044,1406.33,14454.57,29,48.49,0.868,contract,education,north,42538.96,1,0
56,32777.47,659.0,26,6299.44,3,60,0.192,1585.18,979.9,23,68.92,0.739,salaried,home,east,42291.9,0,0
58,72614.14,451.0,25,2085.79,2,36,0.029,1911.36,17597.5,25,76.45,0.875,contract,business,south,47010.1,0,0
60,75062.8,682.0,28,24650.43,2,48,0.328,2339.79,3415.13,27,86.66,0.791,contract,auto,east,54042.55,0,0
40,36431.55,661.0,28,5355.54,9,60,0.147,1511.66,2344.63,19,79.56,0.458,salaried,personal,north,52465.32,0,0
55,16339.74,607.0,30,47508.84,11,24,2.907,931.9,6996.1,28,33.28,0.908,self_employed,home,east,27096.61,1,0
45,54399.18,771.0,1,428.65,5,36,0.008,2097.53,17570.71,30,69.92,0.634,self_employed,home,south,52915.07,1,0
55,44815.35,427.0,5,1228.37,2,36,0.027,1198.45,11882.72,26,46.09,0.883,self_employed,education,north,32651.21,0,0
45,44319.58,648.0,8,5270.12,7,36,0.119,1662.57,1785.51,31,53.63,0.663,self_employed,home,central,40623.94,0,0
49,83297.34,752.0,14,18668.96,4,60,0.224,2747.42,268.18,29,94.74,0.911,contract,education,south,55302.24,0,0
38,57664.31,661.0,19,7291.7,7,12,0.126,3591.02,4586.59,23,156.13,0.62,salaried,auto,central,44543.21,0,0
38,34913.51,766.0,1,11862.45,2,36,0.34,1274.15,8754.76,22,57.92,0.549,salaried,education,east,46112.81,0,0
22,31480.2,612.0,2,4958.01,6,12,0.157,1463.28,2329.26,23,63.62,0.544,salaried,home,north,40059.17,1,0
55,48137.89,636.0,29,372.2,4,24,0.008,2155.64,14443.02,31,69.54,0.599,salaried,auto,south,51218.68,1,0
36,36030.25,755.0,7,9392.33,7,36,0.261,1005.97,1315.85,28,35.93,0.746,salaried,education,north,51151.27,0,0
61,52439.8,726.0,20,9046.13,1,48,0.173,1376.83,20653.1,27,50.99,0.726,self_employed,personal,west,56776.16,0,0
56,85970.88,850.0,12,666.97,6,48,0.008,1854.35,13523.69,33,56.19,0.389,salaried,education,west,73626.34,0,0
53,29117.6,659.0,31,1686.53,4,12,0.058,773.33,13488.55,26,29.74,0.575,contract,home,east,56152.65,0,0
24,56359.2,667.0,13,5819.05,6,24,0.103,2880.6,410.66,39,73.86,0.49,salaried,auto,west,48441.99,0,0
53,81778.73,611.0,0,5325.68,6,36,0.065,3859.45,45686.81,28,137.84,0.835,salaried,home,central,48194.93,0,0
34,52115.4,633.0,26,12564.1,0,24,0.241,1702.52,5163.3,29,58.71,0.929,self_employed,education,east,54637.2,0,0
41,74960.11,742.0,23,4410.58,6,24,0.059,2233.87,20376.19,29,77.03,0.559,contract,home,north,67179.72,0,0
40,47606.63,650.0,21,9797.07,1,60,0.206,1054.12,2015.55,29,36.35,0.879,contract,education,north,45648.87,0,0
28,58505.3,581.0,13,10969.45,2,36,0.187,1908.98,17592.61,24,79.54,0.634,salaried,personal,north,45111.68,1,0
27,66062.28,618.0,7,9320.84,4,36,0.141,2302.07,36823.46,31,74.26,0.52,salaried,home,east,44351.16,0,0
23,41881.48,642.0,26,8159.86,9,48,0.195,2382.18,6047.72,24,99.26,0.71,self_employed,home,central,49614.34,0,0
37,132694.43,587.0,2,14744.4,5,36,0.111,2839.92,72405.99,18,157.77,0.852,salaried,education,north,63012.37,1,0
53,70256.71,611.0,32,9633.03,6,48,0.137,2236.31,21952.73,32,69.88,0.951,self_employed,personal,west,53087.75,0,0
32,97376.82,565.0,20,16171.91,1,60,0.166,5895.07,804.42,24,245.63,0.728,salaried,business,south,46165.23,1,0
42,87724.88,614.0,31,9112.38,3,24,0.104,4941.53,41019.32,28,176.48,0.72,self_employed,home,south,60393.51,0,0
42,62772.99,749.0,31,1558.18,3,36,0.025,3614.15,17173.64,28,129.08,0.938,salaried,personal,west,64569.04,0,1
50,101073.7,654.0,23,3332.34,2,24,0.033,2117.7,30125.63,23,92.07,0.974,salaried,personal,central,65127.86,0,0
58,58956.88,850.0,10,3609.07,6,12,0.061,2118.17,22141.03,29,73.04,0.908,salaried,home,central,66262.75,0,0
58,39011.09,585.0,20,887.6,3,12,0.023,1594.51,19551.3,21,75.93,0.766,salaried,education,central,38270.86,1,0
28,54538.85,691.0,17,10607.86,4,24,0.194,1381.07,1405.95,33,41.85,0.776,self_employed,education,west,48193.79,0,0
47,34448.64,669.0,10,8137.28,4,24,0.236,833.01,1571.35,34,24.5,0.813,contract,home,east,41433.78,0,0
47,21041.1,705.0,26,8019.0,6,48,0.381,751.58,2384.03,29,25.92,0.914,salaried,auto,east,45252.01,0,0
54,36914.36,598.0,0,5859.71,8,36,0.159,2185.3,1765.31,29,75.36,0.829,self_employed,education,south,39538.41,0,0
41,55982.63,619.0,28,7050.1,4,36,0.126,2100.39,2653.26,28,75.01,0.597,self_employed,auto,east,52879.71,0,0
50,87366.41,685.0,20,73.08,7,12,0.001,4574.79,3872.27,25,182.99,0.759,contract,education,north,62113.38,0,0
53,36864.94,607.0,28,910.8,4,12,0.025,1686.66,11988.29,29,58.16,0.766,salaried,home,north,42547.99,0,0
48,85354.9,499.0,8,10349.71,6,36,0.121,4934.28,21025.53,17,290.25,0.952,salaried,education,north,46882.51,0,0
53,31419.77,761.0,6,2727.8,4,24,0.087,1091.13,14949.26,29,37.63,0.7,salaried,home,north,51335.29,0,0
25,35818.32,725.0,30,1027.71,6,36,0.029,944.89,780.8,26,36.34,0.677,self_employed,home,central,58027.28,0,0
39,103997.33,615.0,26,3586.25,1,36,0.034,2759.69,42574.01,21,131.41,0.953,salaried,personal,west,57713.57,0,0
24,55349.86,669.0,31,2643.09,7,48,0.048,1587.23,13118.25,35,45.35,0.533,salaried,home,east,56115.2,0,0
55,50104.7,736.0,4,268.31,3,48,0.005,2732.21,1468.07,24,113.84,0.787,salaried,auto,north,51810.44,0,0
37,60227.0,764.0,32,4757.21,2,36,0.079,2688.18,591.95,31,86.72,0.812,self_employed,personal,south,64102.88,0,0
64,31480.34,659.0,14,246.61,4,60,0.008,1371.58,14615.66,28,48.98,0.894,salaried,personal,north,42726.87,0,0
48,46682.21,600.0,4,3.52,6,60,0.0,1211.81,24487.45,26,46.61,0.709,self_employed,auto,west,50967.88,0,0
50,54241.28,774.0,19,14152.48,4,24,0.261,1531.57,2195.02,32,47.86,0.58,self_employed,personal,west,53299.46,0,0
49,94289.15,658.0,16,3404.66,4,60,0.036,2770.83,20372.27,34,81.5,0.585,salaried,auto,north,60712.34,0,0
26,25547.95,637.0,3,7545.35,3,60,0.295,1333.5,6674.92,37,36.04,0.444,salaried,business,north,35846.6,0,0
55,119772.05,672.0,20,3181.2,5,12,0.027,5966.47,6186.99,41,145.52,0.759,salaried,auto,west,70363.22,0,0
61,51221.19,748.0,33,23936.39,5,12,0.467,2312.49,24648.42,27,85.65,0.457,salaried,business,central,53138.53,0,0
57,32867.83,647.0,4,11756.75,3,12,0.358,824.07,11116.24,30,27.47,0.83,salaried,personal,central,40415.72,0,0
44,30295.8,734.0,3,4146.47,4,24,0.137,825.73,3769.66,37,22.32,0.379,contract,home,east,44978.6,0,0
49,61262.13,632.0,21,2128.65,6,48,0.035,1933.05,2091.16,41,47.15,0.568,salaried,auto,central,56123.94,0,0
51,29547.54,702.0,13,1334.48,5,36,0.045,1638.49,8146.33,31,52.85,0.619,salaried,auto,south,49238.61,0,0
55,42105.95,569.0,3,12935.21,10,24,0.307,2144.43,2289.81,29,73.95,0.787,self_employed,home,south,29157.58,1,0
53,48413.97,741.0,7,5430.36,3,12,0.112,2854.0,848.98,27,105.7,0.541,unemployed,auto,north,46050.5,0,0
41,90640.29,593.0,2,2375.26,5,24,0.026,2017.02,43626.42,25,80.68,0.54,unemployed,auto,central,59547.21,0,0
52,85673.95,689.0,28,22689.59,3,12,0.265,4716.51,29801.24,31,152.15,0.712,self_employed,personal,north,52757.9,0,0
43,40564.7,524.0,25,4450.09,2,24,0.11,885.7,1594.44,32,27.68,0.663,contract,business,west,36942.45,0,0
53,49231.68,652.0,29,7057.36,3,48,0.143,2390.75,8128.08,34,70.32,0.889,self_employed,education,south,47293.32,0,0
23,26425.29,666.0,11,17554.64,6,48,0.664,1266.12,2530.36,24,52.76,0.65,self_employed,business,east,37048.63,0,0
38,21642.34,592.0,14,16128.09,6,60,0.745,692.49,631.19,37,18.72,0.688,self_employed,personal,central,33412.28,1,0
45,31161.12,641.0,1,9143.85,6,48,0.293,1621.49,14942.83,26,62.36,0.905,self_employed,personal,south,35975.38,0,0
62,89804.81,672.0,0,19753.57,3,48,0.22,3451.07,32366.14,33,104.58,0.827,self_employed,business,west,51617.94,0,0
51,76959.63,698.0,27,27347.41,5,24,0.355,3634.36,1612.35,27,134.61,0.732,salaried,auto,central,49573.57,0,1
23,64379.23,659.0,34,24616.13,2,36,0.382,3031.82,28425.88,23,131.82,0.564,salaried,home,east,48144.19,0,0
60,28115.29,763.0,33,3863.31,2,36,0.137,1618.41,10674.15,35,46.24,0.741,contract,personal,west,53675.44,0,0
44,39330.41,748.0,3,4555.1,7,60,0.116,1924.17,237.26,22,87.46,0.868,contract,home,north,42138.43,0,0
52,36826.78,647.0,17,2475.9,1,48,0.067,1796.28,304.45,22,81.65,0.76,self_employed,auto,east,42811.24,0,0
42,50276.89,537.0,11,16316.66,4,48,0.325,2296.91,3959.07,23,99.87,0.82,salaried,auto,north,38237.44,1,0
43,48870.34,609.0,20,1169.18,1,24,0.024,1222.08,10016.51,30,40.74,0.806,contract,home,east,47480.51,0,0
22,34513.97,461.0,9,3947.71,3,12,0.114,1151.92,12280.29,26,44.3,0.834,contract,auto,south,39288.53,0,0
47,63395.46,634.0,20,88.03,8,24,0.001,2534.25,35506.47,25,101.37,0.616,salaried,business,east,55927.63,0,0
62,60055.59,769.0,24,8126.96,4,24,0.135,1877.54,24483.7,32,58.67,0.62,salaried,personal,north,56573.67,0,0
22,39027.8,717.0,16,9666.62,3,48,0.248,1082.34,16820.36,32,33.82,0.754,salaried,education,north,44412.07,0,0
46,62126.34,657.0,5,2577.0,5,36,0.041,2618.88,4735.33,28,93.53,0.503,salaried,home,east,49935.4,0,0
37,89852.83,588.0,13,12011.2,5,24,0.134,4998.7,728.78,27,185.14,0.734,contract,home,south,51350.61,0,0
60,103014.74,660.0,17,4324.66,4,36,0.042,4867.81,10322.77,23,211.64,0.88,self_employed,business,south,50957.94,0,0
53,67561.8,831.0,29,3361.92,2,12,0.05,3363.08,2418.41,19,177.0,0.779,self_employed,auto,central,66833.04,0,0
29,66674.01,776.0,8,28145.99,7,60,0.422,1781.99,3007.52,25,71.28,0.731,salaried,home,south,52165.11,0,0
63,48627.16,637.0,13,7995.73,5,36,0.164,2628.97,23291.3,20,131.45,0.935,salaried,personal,central,48983.96,0,0
59,86109.14,524.0,16,2617.01,3,36,0.03,2192.18,12235.8,22,99.64,0.738,salaried,home,central,49803.01,0,0
49,33467.89,838.0,33,36800.0,2,24,1.1,1090.54,14694.56,30,36.35,0.426,contract,home,west,42877.6,0,0
62,81734.59,588.0,21,4412.59,7,36,0.054,4689.35,16945.25,21,223.3,0.635,contract,personal,south,48796.43,0,0
46,47599.52,695.0,31,9392.77,4,24,0.197,2819.87,16349.51,25,112.79,0.565,salaried,home,central,56010.63,0,0
55,105971.09,518.0,11,11581.43,0,24,0.109,2594.91,33481.54,24,108.12,0.927,unemployed,personal,west,52206.54,1,0
45,70593.47,623.0,15,4938.24,2,48,0.07,1947.56,4401.54,27,72.13,0.636,self_employed,personal,south,54265.05,0,0
44,52546.84,517.0,21,6909.22,6,24,0.131,1879.47,26680.21,25,75.18,0.665,salaried,business,north,43177.63,0,0
33,48707.12,551.0,1,2467.35,3,24,0.051,2468.77,21724.57,27,91.44,0.577,self_employed,personal,west,42146.01,0,0
27,68632.8,571.0,7,5643.23,5,36,0.082,1856.15,28317.81,36,51.56,0.585,salaried,auto,north,48464.88,0,0
56,67151.46,691.0,0,3350.02,3,48,0.05,1831.93,1458.88,30,61.06,0.778,self_employed,personal,south,49826.96,0,0
40,45285.66,642.0,4,7135.87,3,12,0.158,1972.67,26957.45,25,78.91,0.643,self_employed,auto,west,48339.58,0,0
21,56462.17,850.0,16,9974.97,4,60,0.177,2564.69,3186.68,29,88.44,0.495,contract,auto,central,61038.66,0,0
28,81094.92,746.0,29,8567.38,3,12,0.106,1986.66,1584.49,32,62.08,0.854,unemployed,auto,south,63809.05,0,0
36,29333.62,748.0,14,13493.83,1,12,0.46,1106.22,2826.39,36,30.73,0.863,salaried,home,north,43883.82,0,0
34,75105.21,693.0,19,381.75,2,48,0.005,3856.11,11761.57,20,192.81,0.828,self_employed,personal,west,62196.37,0,0
32,68497.09,673.0,1,736.72,0,48,0.011,2401.87,19099.01,29,82.82,0.658,salaried,home,east,49600.08,0,0
43,92410.08,751.0,3,2068.28,2,36,0.022,2857.79,34696.15,30,95.26,0.886,salaried,auto,east,67383.54,0,0
35,39259.78,448.0,23,38292.23,3,36,0.975,1004.96,3016.89,25,40.2,0.923,salaried,auto,central,23297.61,1,0
48,54315.9,597.0,1,14497.01,3,24,0.267,2183.18,19389.58,24,90.97,0.871,salaried,personal,west,34849.12,1,0
54,59413.74,534.0,1,23207.54,3,48,0.391,3565.07,28013.74,33,108.03,0.827,self_employed,personal,west,29901.46,1,0
22,75543.08,490.0,0,2858.21,3,36,0.038,3506.63,41811.17,28,125.24,0.692,salaried,business,central,41023.78,0,0
52,65716.32,585.0,12,7676.81,8,60,0.117,1551.32,926.7,20,77.57,0.89,self_employed,auto,east,44979.22,1,0
43,31014.19,552.0,5,7284.8,4,36,0.235,980.05,16669.02,21,46.67,0.75,self_employed,education,south,36085.31,0,0
42,61757.45,752.0,21,7585.67,4,36,0.123,3192.63,32435.72,26,122.79,0.725,contract,personal,south,58064.95,0,0
45,133506.17,658.0,16,11378.82,6,48,0.085,6991.3,24491.08,28,249.69,0.56,salaried,home,west,73032.8,0,0
42,71345.6,479.0,21,4507.58,5,60,0.063,2603.38,29874.87,28,92.98,0.768,self_employed,education,south,51500.12,0,0
42,113223.74,677.0,5,10176.79,3,48,0.09,2674.75,47809.17,21,127.37,0.914,contract,personal,west,65344.95,0,0
62,86627.94,564.0,2,13979.09,2,24,0.161,3742.56,49335.3,32,116.96,0.591,contract,education,east,43453.36,0,0
26,100015.54,655.0,5,3070.67,4,60,0.031,5136.42,15409.69,19,270.34,0.774,contract,personal,north,55000.16,1,0
35,62285.62,683.0,16,26226.24,2,24,0.421,2158.7,4592.34,25,86.35,0.864,unemployed,auto,west,43595.18,0,0
63,68516.53,586.0,34,6569.2,2,36,0.096,3678.96,23607.25,27,136.26,0.717,salaried,education,central,50682.2,0,0
57,60777.99,668.0,34,11876.56,5,48,0.195,2100.31,10281.34,48,43.76,0.949,salaried,home,central,54427.97,0,0
53,54282.29,684.0,22,11748.23,6,24,0.216,1512.83,851.05,38,39.81,0.849,self_employed,home,north,49485.91,1,0
28,75658.7,636.0,7,7496.72,4,24,0.099,4094.71,42021.96,29,141.2,0.646,salaried,personal,north,49659.96,0,0
64,42853.78,589.0,6,3506.55,6,60,0.082,1131.46,18830.44,30,37.72,0.83,salaried,home,central,39748.39,0,0
64,126553.7,650.0,9,9894.88,2,36,0.078,3924.64,51694.21,29,135.33,0.522,self_employed,personal,central,59384.72,0,0
25,35681.73,638.0,25,821.98,5,60,0.023,2012.15,20419.93,31,64.91,0.578,self_employed,auto,west,51708.62,0,0
59,78051.54,677.0,9,35878.48,5,24,0.46,3326.56,4686.55,30,110.89,0.642,self_employed,personal,west,41158.72,1,0
24,100750.47,628.0,18,1830.04,7,36,0.018,2746.36,36324.13,23,119.41,0.608,unemployed,auto,south,58965.38,0,0
26,50037.11,549.0,22,2899.54,2,24,0.058,2325.95,15147.72,28,83.07,0.818,contract,business,central,49702.82,1,0
52,32832.04,636.0,30,27798.36,3,36,0.847,1485.58,6410.33,35,42.45,0.744,salaried,home,central,41138.84,1,0
50,91125.08,678.0,32,1858.14,1,48,0.02,3991.49,32827.7,29,137.64,0.821,contract,auto,west,64419.21,0,0
55,59369.02,666.0,1,1677.97,6,60,0.028,2079.27,2874.4,37,56.2,0.408,contract,home,west,54701.88,0,0
60,78119.29,641.0,27,14691.41,2,36,0.188,2951.17,26998.1,28,105.4,0.496,contract,personal,central,55587.08,0,0
36,51572.58,609.0,31,2604.61,2,24,0.051,2709.56,6233.41,30,90.32,0.642,self_employed,home,east,51292.44,0,0
33,118109.34,604.0,32,895.66,3,12,0.008,7018.99,40978.66,37,189.7,0.928,self_employed,personal,central,63982.26,0,0
62,20896.7,613.0,8,2313.13,8,24,0.111,938.57,2798.99,33,28.44,0.415,salaried,personal,north,42269.39,1,0
50,64169.28,741.0,28,19733.38,3,48,0.308,3829.93,690.77,28,136.78,0.847,salaried,auto,central,57185.88,0,0
39,99090.34,569.0,14,2960.53,5,36,0.03,2790.27,33407.52,25,111.61,0.765,self_employed,personal,east,58011.85,0,0
37,56806.3,658.0,17,10688.78,2,48,0.188,1870.04,463.1,27,69.26,0.917,self_employed,home,west,52372.3,0,1
39,62072.69,543.0,17,4524.81,3,60,0.073,3455.14,1478.47,26,132.89,0.761,salaried,home,east,50438.54,0,0
48,44564.58,715.0,6,2735.75,1,48,0.061,2717.0,17689.41,36,75.47,0.339,self_employed,home,south,51570.41,0,0
46,54683.09,604.0,13,1399.86,2,48,0.026,3168.04,19588.9,28,113.14,0.947,salaried,home,east,43389.73,0,0
57,25531.4,580.0,28,32241.8,2,36,1.263,1054.67,7674.34,27,39.06,0.827,self_employed,auto,north,30914.15,1,0
46,39210.74,668.0,18,6626.66,6,36,0.169,2141.64,6310.41,30,71.39,0.842,self_employed,business,central,47412.22,0,0
43,38023.52,441.0,4,1097.02,6,48,0.029,1110.82,7385.35,25,44.43,0.878,contract,home,central,31706.25,1,0
29,73211.35,540.0,4,1994.96,2,36,0.027,2493.11,1080.13,32,77.91,0.68,salaried,business,central,50659.83,0,0
32,41893.4,681.0,14,4707.56,4,36,0.112,2615.84,13603.96,25,104.63,0.776,self_employed,education,west,44566.43,0,0
21,42441.67,736.0,25,7070.73,6,24,0.167,1200.09,2270.12,28,42.86,0.76,contract,auto,central,53160.99,0,0
21,45703.7,688.0,23,1805.8,1,36,0.04,1414.11,2325.63,24,58.92,0.811,self_employed,home,central,60229.86,0,0
54,38681.24,662.0,18,2928.19,5,24,0.076,1970.86,18718.5,22,89.58,0.754,salaried,home,north,53576.66,0,0
52,61148.46,850.0,19,13780.06,5,36,0.225,2978.65,11289.54,29,102.71,0.812,salaried,business,central,61605.97,0,0
45,64211.28,692.0,8,4863.55,5,36,0.076,3258.87,18835.52,21,155.18,0.89,unemployed,auto,west,54129.98,0,1
60,78531.76,561.0,27,12.63,2,12,0.0,4744.98,1940.97,36,131.8,0.917,salaried,auto,central,59824.92,0,1
21,72673.9,737.0,15,499.05,6,48,0.007,1876.71,2366.0,22,85.3,0.396,salaried,auto,central,66818.57,0,0
36,69476.3,596.0,10,5207.58,5,36,0.075,3120.23,19322.61,41,76.1,0.818,salaried,home,central,52409.12,0,0
59,46721.71,590.0,33,558.01,2,60,0.012,1473.88,13314.78,31,47.54,0.596,salaried,business,east,51254.53,0,0
25,45392.55,533.0,24,1719.4,6,60,0.038,1691.38,2705.42,29,58.32,0.643,salaried,personal,east,45951.71,0,0
42,36605.55,615.0,20,11713.49,3,36,0.32,1257.17,500.47,21,59.87,0.777,self_employed,personal,central,41246.29,1,0
49,36309.71,545.0,4,5891.98,4,36,0.162,2164.52,864.03,33,65.59,0.871,self_employed,home,north,40317.5,1,0
23,59125.5,697.0,10,5928.05,2,48,0.1,3563.19,9196.26,30,118.77,0.881,salaried,home,north,46307.78,0,0
32,39193.37,639.0,8,8206.61,6,36,0.209,1630.15,20683.26,27,60.38,0.928,self_employed,personal,east,47181.09,0,0
46,104898.22,534.0,10,13982.57,2,24,0.133,5370.8,56970.2,33,162.75,0.575,contract,personal,south,47923.58,0,0
36,53269.79,643.0,0,1554.04,3,24,0.029,1579.13,2241.49,32,49.35,0.768,salaried,auto,east,47118.41,0,0
57,106470.75,734.0,25,1710.07,10,36,0.016,3717.57,61010.04,29,128.19,0.382,self_employed,auto,north,72005.61,0,0
42,70073.16,788.0,9,1164.87,3,12,0.017,3381.68,5853.5,22,153.71,0.831,salaried,education,east,66317.91,0,0
49,38186.74,498.0,18,24857.23,4,24,0.651,1865.54,8440.38,42,44.42,0.865,salaried,home,central,38813.3,1,0
34,52684.64,584.0,15,7749.62,4,12,0.147,3092.95,3113.68,27,114.55,0.851,unemployed,home,central,38169.88,1,0
48,25513.08,540.0,3,874.95,0,48,0.034,1333.54,1015.44,24,55.56,0.849,salaried,auto,east,38170.5,0,0
25,59023.53,680.0,13,2243.6,4,48,0.038,3302.06,33878.33,28,117.93,0.928,salaried,home,west,56421.59,0,0
50,39791.33,530.0,29,11638.19,3,24,0.292,2194.11,5675.01,25,87.76,0.495,contract,home,north,39024.67,0,0
25,32824.94,740.0,6,264.78,5,24,0.008,1054.89,9267.64,22,47.95,0.746,salaried,home,east,50740.43,0,0
32,107469.9,752.0,11,11640.34,2,36,0.108,5882.35,18226.55,26,226.24,0.772,salaried,auto,west,66745.24,0,0
36,86143.04,720.0,23,21819.16,1,24,0.253,2535.27,46979.71,29,87.42,0.553,self_employed,home,east,60515.56,0,0
46,85081.72,589.0,21,522.3,4,12,0.006,1817.21,3328.95,26,69.89,0.736,salaried,auto,south,59689.64,0,0
46,77029.99,594.0,29,1856.8,2,48,0.024,3581.18,31900.17,34,105.33,0.615,salaried,auto,west,60589.21,0,0
41,31079.38,611.0,19,21.43,6,12,0.001,1119.34,11511.19,23,48.67,0.642,self_employed,home,south,46208.84,0,0
59,45242.14,744.0,25,1039.01,6,36,0.023,2205.57,21710.32,29,76.05,0.748,self_employed,auto,east,56418.1,0,0
56,46500.73,506.0,4,8637.28,2,12,0.186,1399.48,14669.24,22,63.61,0.739,salaried,home,south,38365.61,0,0
53,25099.88,683.0,5,412.68,6,12,0.016,784.92,13134.63,17,46.17,0.969,self_employed,auto,north,42320.42,0,0
50,42165.16,571.0,33,4993.55,7,36,0.118,2458.85,1858.85,17,144.64,0.741,contract,education,north,45747.82,0,0
57,42372.55,614.0,4,6299.77,5,24,0.149,2056.49,20479.43,27,76.17,0.903,salaried,personal,central,45018.76,0,0
43,57336.89,713.0,9,21340.58,7,12,0.372,1407.67,1734.57,34,41.4,0.689,salaried,home,east,50102.64,0,0
30,169324.86,521.0,27,5787.06,3,36,0.034,5999.34,35795.83,28,214.26,0.653,salaried,personal,west,67207.21,0,0
25,53669.31,626.0,2,1384.08,4,36,0.026,2572.22,1515.86,29,88.7,0.807,salaried,personal,south,42939.42,0,0
56,57350.19,639.0,12,3073.45,6,36,0.054,2906.97,19555.38,24,121.12,0.96,salaried,home,central,52916.41,0,0
54,48407.27,647.0,1,10038.04,6,12,0.207,2010.98,26340.66,20,100.55,0.719,self_employed,auto,central,43880.14,0,0
51,75506.26,641.0,34,1070.23,4,36,0.014,2365.71,4091.61,32,73.93,0.478,unemployed,personal,north,55889.77,0,0
30,33414.23,697.0,27,2372.68,6,12,0.071,1627.72,16585.57,23,70.77,0.924,contract,auto,east,47886.45,1,0
39,127161.97,612.0,22,49205.14,5,60,0.387,3093.85,7509.33,21,147.33,0.728,salaried,business,north,45174.86,1,0
52,51232.45,681.0,22,49.95,5,24,0.001,2758.21,9886.08,32,86.19,0.664,salaried,business,south,49512.74,0,0
21,45349.96,678.0,34,1485.82,9,12,0.033,2372.99,20348.05,25,94.92,0.696,salaried,education,east,53862.82,0,0
25,83827.52,674.0,31,16702.99,1,24,0.199,2751.25,4766.13,27,101.9,0.752,contract,home,east,61995.34,0,0
24,36282.28,695.0,1,962.08,5,36,0.027,847.71,7448.97,20,42.39,0.724,salaried,education,south,52054.57,0,0
36,74881.56,674.0,15,307.98,8,60,0.004,1838.72,15564.6,19,96.77,0.612,salaried,personal,central,55053.13,0,0
44,101959.05,642.0,15,1163.93,9,36,0.011,3936.6,17490.09,19,207.19,0.893,unemployed,personal,north,66808.73,1,0
36,48600.82,542.0,2,10645.69,6,36,0.219,1384.4,28494.45,30,46.15,0.67,salaried,auto,central,34896.97,0,0
22,136458.9,765.0,27,44799.85,3,60,0.328,5324.7,77490.5,31,171.76,0.641,contract,business,north,60102.98,0,0
48,72397.8,794.0,28,8038.35,6,24,0.111,1680.66,17956.61,38,44.23,0.931,contract,auto,east,63922.52,0,0
52,72803.0,619.0,19,1194.75,5,24,0.016,2860.61,17138.4,27,105.95,0.63,salaried,auto,west,54169.05,0,0
47,100171.54,689.0,32,1827.63,4,24,0.018,5854.63,30319.5,30,195.15,0.582,salaried,home,west,69794.34,0,0
40,112851.8,603.0,21,6943.52,4,48,0.062,5540.47,30240.92,26,213.1,0.855,salaried,education,north,58791.63,0,0
44,60951.12,589.0,7,11318.2,5,24,0.186,1434.43,11895.56,28,51.23,0.928,salaried,education,central,40544.87,0,0
32,77544.52,655.0,23,9786.71,2,36,0.126,1888.03,13395.58,32,59.0,0.445,contract,auto,south,60757.92,0,0
55,101554.78,850.0,19,7695.21,7,60,0.076,4264.01,56846.02,32,133.25,0.609,salaried,business,central,71740.7,0,0
53,32118.42,786.0,11,38593.4,3,48,1.202,1021.98,4379.3,29,35.24,0.833,salaried,auto,east,33668.3,0,0
53,24877.62,773.0,19,1986.2,6,60,0.08,976.07,6235.9,41,23.81,0.714,salaried,auto,west,45322.65,0,0
63,52791.25,694.0,19,1708.51,5,24,0.032,2789.3,22228.95,24,116.22,0.809,contract,auto,north,58323.58,0,0
57,24610.51,572.0,3,17634.87,5,36,0.717,916.0,14383.34,28,32.71,0.99,salaried,home,west,25836.55,1,0
32,47037.58,738.0,29,3092.84,3,48,0.066,1568.93,20301.6,23,68.21,0.696,self_employed,auto,east,63050.64,0,0
23,62409.21,408.0,30,3638.3,2,48,0.058,3628.36,2092.84,22,164.93,0.888,salaried,home,south,42195.36,0,0
21,47856.52,683.0,21,7159.97,7,36,0.15,2419.89,13824.43,35,69.14,0.654,self_employed,home,north,51503.3,0,0
53,50832.09,743.0,14,4320.85,5,48,0.085,2402.73,20028.13,24,100.11,0.955,salaried,home,central,57919.32,0,0
60,34518.48,663.0,27,3052.55,3,12,0.088,822.52,14433.01,38,21.65,0.597,salaried,auto,south,53484.39,0,0
30,77239.37,791.0,10,22419.26,10,24,0.29,3221.14,46024.52,29,111.07,0.983,salaried,personal,north,49543.94,0,0
63,33571.79,529.0,13,1245.85,3,24,0.037,1951.02,747.36,22,88.68,0.793,salaried,home,north,39499.19,1,0
64,21029.77,786.0,10,4662.01,3,48,0.222,1158.72,301.17,33,35.11,0.811,salaried,home,west,52030.64,0,0
49,49350.22,637.0,8,26.74,3,60,0.001,1160.51,13157.28,25,46.42,0.444,self_employed,education,east,47890.46,0,0
33,81777.63,773.0,23,14826.77,2,36,0.181,4262.64,13314.52,30,142.09,0.865,salaried,home,central,58250.27,0,0
32,56157.97,737.0,9,1659.84,4,48,0.03,3214.61,262.61,20,160.73,0.906,salaried,auto,east,47951.22,0,0
51,32075.29,779.0,31,13344.85,3,36,0.416,994.29,18636.79,25,39.77,0.686,self_employed,business,east,52715.72,0,0
22,56719.76,733.0,19,1447.89,3,60,0.026,2412.91,3144.14,21,114.9,0.877,salaried,education,south,58780.56,0,0
55,65988.56,709.0,13,4852.08,4,60,0.074,3809.74,19746.71,26,146.53,0.676,salaried,personal,south,54563.72,0,0
43,56423.58,766.0,3,11723.7,5,48,0.208,3245.82,16769.45,20,162.29,0.663,salaried,personal,north,57659.27,0,0
37,48095.17,655.0,23,2842.37,7,24,0.059,1829.18,6133.36,32,57.16,0.897,salaried,personal,central,49250.22,0,0
46,67421.38,701.0,31,3390.81,6,24,0.05,2829.36,23931.75,28,101.05,0.813,contract,business,south,65012.0,0,0
28,24777.91,650.0,9,9905.24,1,36,0.4,625.83,12343.36,23,27.21,0.89,salaried,home,east,43339.91,1,0
49,36232.8,592.0,15,1870.98,6,12,0.052,1561.55,1914.15,25,62.46,0.879,salaried,auto,south,43862.71,0,0
46,30111.32,695.0,31,27288.65,2,24,0.906,1707.65,6991.77,26,65.68,0.931,salaried,home,north,39806.13,0,0
30,99386.73,667.0,17,1883.03,0,48,0.019,2786.07,13181.64,23,121.13,0.75,salaried,personal,north,58899.76,0,1
46,74638.69,757.0,24,12476.49,2,36,0.167,2980.21,23439.42,30,99.34,0.851,self_employed,home,north,52764.92,0,0
54,58882.92,634.0,6,14602.66,2,60,0.248,2804.87,5336.1,24,116.87,0.741,contract,home,west,43628.37,0,0
61,28204.03,585.0,17,4220.97,6,12,0.15,644.66,14472.97,35,18.42,0.7,salaried,business,north,41810.33,0,0
27,75725.22,756.0,17,1528.98,4,24,0.02,1692.95,21730.25,27,62.7,0.741,salaried,personal,west,63748.97,0,0
24,101107.85,655.0,2,1632.66,5,48,0.016,5682.98,54197.75,23,247.09,0.86,salaried,home,central,64418.91,0,0
31,70064.58,583.0,0,38071.7,3,12,0.543,4277.02,2932.22,31,137.97,0.963,self_employed,education,central,37030.87,1,1
49,53325.51,768.0,32,11632.28,4,36,0.218,2801.29,27229.59,20,140.06,0.452,contract,auto,north,62968.76,0,0
56,71989.32,729.0,6,5381.31,9,12,0.075,4388.91,12279.48,28,156.75,0.706,salaried,home,central,58539.67,0,0
45,61255.7,807.0,9,2677.77,6,24,0.044,1667.77,35172.43,20,83.39,0.737,salaried,home,north,59153.23,0,0
41,82185.51,621.0,7,171.82,4,60,0.002,4692.05,532.13,30,156.4,0.858,self_employed,education,north,52584.95,0,0
56,81361.59,609.0,31,9990.62,3,36,0.123,4766.01,41197.99,35,136.17,0.451,salaried,business,central,51352.04,0,0
30,49046.32,558.0,22,28301.5,2,48,0.577,1614.72,16167.61,32,50.46,0.763,salaried,personal,south,31225.06,1,0
57,40243.81,602.0,16,1016.94,2,12,0.025,1925.28,5335.23,33,58.34,0.981,salaried,education,central,41815.43,0,0
29,45255.51,617.0,13,12639.8,5,24,0.279,1519.54,12223.31,30,50.65,0.511,self_employed,auto,west,42002.73,0,0
44,68949.71,708.0,16,1497.01,7,24,0.022,1750.47,13516.98,27,64.83,0.649,self_employed,auto,west,62161.26,0,0
55,46502.07,571.0,24,14136.51,7,24,0.304,2544.17,7356.66,39,65.24,0.877,unemployed,home,central,42925.58,1,0
55,38648.44,594.0,20,4166.51,4,24,0.108,2264.07,14707.04,28,80.86,0.575,salaried,education,central,41150.97,0,0
56,54153.13,794.0,5,11205.08,5,36,0.207,1376.55,22296.7,28,49.16,0.782,salaried,home,west,51629.79,0,0
38,89174.97,401.0,19,23467.62,4,48,0.263,4266.25,7290.0,18,237.01,0.139,salaried,business,central,35094.99,1,0
59,57572.4,691.0,19,8711.55,1,36,0.151,3528.8,25369.63,24,147.03,0.594,self_employed,auto,west,64056.25,0,0
52,47844.04,540.0,25,22810.54,6,24,0.477,1541.22,14360.15,26,59.28,0.707,self_employed,auto,north,33926.99,1,0
44,62579.58,582.0,31,2411.2,5,36,0.039,3261.95,20491.77,29,112.48,0.647,salaried,personal,central,57471.11,0,0
43,56264.42,771.0,7,34405.32,1,36,0.611,2138.73,25395.36,18,118.82,0.838,self_employed,auto,north,43089.37,0,0
52,22694.17,656.0,28,18561.35,2,36,0.818,533.04,613.77,26,20.5,0.667,self_employed,auto,east,45905.75,0,0
57,74127.48,850.0,16,1024.3,4,24,0.014,3705.49,27001.59,37,100.15,0.521,salaried,home,south,67002.61,0,0
32,65078.94,703.0,17,4802.85,4,60,0.074,2022.64,20666.62,33,61.29,0.824,contract,education,central,59577.72,0,0
33,54572.06,579.0,17,23559.3,3,24,0.432,2493.07,4849.79,27,92.34,0.85,salaried,business,west,32775.49,0,0
43,87383.39,697.0,10,732.02,2,24,0.008,2077.88,23424.73,25,83.12,0.747,self_employed,personal,north,65795.15,0,0
45,93512.44,746.0,11,5442.32,2,36,0.058,2416.61,47220.13,28,86.31,0.777,salaried,home,south,63747.99,0,0
55,77609.56,694.0,14,11572.95,3,12,0.149,1635.52,2902.28,25,65.42,0.421,self_employed,education,west,59806.92,0,0
61,36951.61,632.0,25,306.18,4,24,0.008,1105.23,145.92,38,29.08,0.847,salaried,home,central,49632.7,0,0
50,37531.28,506.0,2,12579.14,8,48,0.335,986.26,20977.8,29,34.01,0.689,self_employed,education,east,36040.79,1,0
37,89572.26,623.0,2,4033.51,4,48,0.045,2962.09,44400.09,16,185.13,0.907,self_employed,personal,west,59367.98,0,0
40,23277.66,792.0,34,2581.6,3,12,0.111,682.92,513.28,34,20.09,0.895,salaried,auto,north,57238.09,0,0
45,50666.42,582.0,8,7721.61,4,36,0.152,1612.03,28476.34,21,76.76,0.357,salaried,business,west,45675.2,0,0
42,66033.77,615.0,3,7073.9,2,12,0.107,1729.87,12724.18,29,59.65,0.51,self_employed,auto,central,39833.28,0,0
33,24644.68,734.0,19,18638.92,7,12,0.756,695.8,6932.08,30,23.19,0.461,salaried,home,west,43917.69,0,1
39,60201.61,703.0,14,10143.19,2,48,0.168,1961.54,9422.51,27,72.65,0.565,contract,home,east,53205.01,0,0
56,83240.82,539.0,28,4931.52,3,36,0.059,3247.35,10204.18,31,104.75,0.767,salaried,home,west,52716.17,0,0
32,27763.87,641.0,4,9451.96,4,60,0.34,882.4,2532.75,29,30.43,0.725,salaried,auto,east,41703.19,1,0
61,114253.69,770.0,6,12481.98,0,36,0.109,3272.61,48464.4,36,90.91,0.826,contract,auto,west,61320.53,0,0
39,34391.9,652.0,7,24928.65,3,48,0.725,1628.65,968.21,30,54.29,0.546,salaried,auto,west,38908.65,1,0
32,70166.85,772.0,31,10964.52,4,36,0.156,2521.86,1723.01,28,90.07,0.811,self_employed,business,east,60414.14,0,0
29,52176.19,776.0,32,7064.84,7,36,0.135,2398.71,1479.68,27,88.84,0.229,salaried,auto,east,62751.1,0,0
27,55897.9,571.0,31,4200.99,4,36,0.075,2095.0,10614.61,19,110.26,0.854,salaried,home,central,54239.81,0,0
48,30406.97,625.0,33,19987.69,2,60,0.657,1157.62,5021.96,35,33.07,0.76,salaried,home,north,42736.72,0,1
34,95531.65,706.0,24,14154.47,3,12,0.148,3487.57,35961.4,27,129.17,0.752,unemployed,personal,central,60187.33,0,0
51,62733.29,519.0,31,722.9,3,36,0.012,3535.38,31391.81,28,126.26,0.441,self_employed,personal,north,55707.35,1,0
39,112350.43,631.0,1,10822.0,1,12,0.096,4136.99,35195.24,22,188.04,0.646,salaried,education,central,55603.63,0,0
36,30765.9,696.0,8,6964.33,4,36,0.226,1411.94,13316.5,28,50.43,0.525,salaried,home,south,40813.28,0,0
25,49933.35,597.0,28,984.76,4,36,0.02,2011.52,22174.1,21,95.79,0.809,contract,education,south,53408.47,0,0
55,59533.12,700.0,17,7490.87,3,48,0.126,2709.75,32520.66,27,100.36,0.867,self_employed,auto,central,57541.48,0,0
32,55668.65,599.0,21,1924.38,5,48,0.035,1613.89,2479.88,27,59.77,0.657,salaried,auto,east,49536.27,0,0
45,73134.35,598.0,34,11083.48,4,12,0.152,1885.62,1295.42,31,60.83,0.835,self_employed,auto,south,53790.22,0,0
41,49649.16,713.0,14,2937.32,5,12,0.059,2256.05,6459.54,24,94.0,0.715,salaried,personal,central,58370.05,0,0
56,140774.09,766.0,6,1466.31,1,36,0.01,8699.54,76961.05,39,223.07,0.696,salaried,personal,south,77311.3,0,0
43,55156.45,590.0,12,769.76,2,24,0.014,1741.8,25627.71,32,54.43,0.756,self_employed,home,south,46933.78,0,0
36,15000.0,547.0,15,6074.22,6,36,0.405,313.46,5740.48,32,9.8,0.673,unemployed,auto,central,33922.4,1,0
59,56268.52,647.0,20,2004.18,5,24,0.036,3312.46,3207.14,31,106.85,0.583,contract,personal,east,52183.92,0,0
62,95574.26,690.0,27,17387.13,4,48,0.182,2515.2,39223.79,36,69.87,0.88,self_employed,home,central,58159.57,0,0
59,35757.39,589.0,9,27.05,0,36,0.001,2036.99,13890.23,35,58.2,0.425,self_employed,home,central,47757.62,0,1
34,34750.88,791.0,18,16700.28,6,36,0.481,1468.64,18208.06,29,50.64,0.749,self_employed,personal,east,52148.02,0,0
51,37116.79,638.0,16,6626.23,4,24,0.179,1049.81,17711.49,19,55.25,0.708,salaried,home,central,43648.91,0,0
25,33375.77,588.0,0,22976.23,5,36,0.688,969.13,640.17,24,40.38,0.77,salaried,home,south,24604.22,0,0
55,43663.56,814.0,12,2060.32,1,24,0.047,1868.76,13521.63,29,64.44,0.965,self_employed,education,south,57414.96,0,0
43,81567.3,758.0,19,971.01,6,36,0.012,4400.07,32747.63,24,183.34,0.563,self_employed,education,central,63369.41,0,0
49,107672.53,588.0,5,8826.46,11,36,0.082,5880.08,1688.15,32,183.75,0.705,self_employed,home,north,49477.19,0,0
63,18198.37,741.0,22,11039.88,5,12,0.607,559.62,711.13,25,22.38,0.635,self_employed,auto,west,48709.07,0,0
31,45692.77,594.0,23,4195.32,2,12,0.092,2305.58,2045.77,42,54.89,0.746,salaried,personal,north,50164.55,0,0
38,62082.17,715.0,4,123.97,3,36,0.002,2533.99,10774.26,33,76.79,0.679,salaried,home,north,58596.12,0,0
32,59349.87,801.0,31,4702.48,2,24,0.079,2770.59,10473.21,33,83.96,0.194,salaried,home,central,61981.81,0,0
29,127385.46,547.0,16,2396.65,7,12,0.019,3342.08,75941.32,31,107.81,0.633,salaried,home,central,64071.07,1,0
30,21920.72,604.0,10,3842.08,4,12,0.175,853.4,5088.81,26,32.82,0.544,contract,business,south,40599.07,0,0
64,16897.5,606.0,26,6360.73,5,48,0.376,438.81,617.07,27,16.25,0.657,salaried,auto,east,39244.15,0,0
37,137035.55,673.0,3,10906.29,4,60,0.08,5724.37,1625.41,17,336.73,0.833,salaried,business,south,61071.61,0,0
58,76042.31,690.0,22,29726.5,4,60,0.391,1778.93,34775.08,34,52.32,0.564,self_employed,personal,central,51430.22,0,0
27,41893.37,642.0,22,1399.36,2,60,0.033,1106.0,17209.46,26,42.54,0.727,salaried,auto,south,49895.05,0,0
33,58525.59,507.0,33,10252.08,2,36,0.175,2012.12,29508.49,27,74.52,0.806,self_employed,education,east,44314.98,0,0
60,60442.51,545.0,20,2389.9,5,60,0.04,2546.55,24284.36,26,97.94,0.721,salaried,business,east,47220.91,0,0
62,41440.57,575.0,21,2244.29,8,12,0.054,1061.26,15434.75,21,50.54,0.778,salaried,home,south,38549.22,1,0
29,57745.47,698.0,0,9035.14,2,36,0.156,3318.07,2513.81,24,138.25,0.557,salaried,home,east,49635.09,0,0
47,63555.32,531.0,31,13464.96,3,48,0.212,2066.4,3448.81,23,89.84,0.832,salaried,business,north,43109.11,1,0
22,134186.86,572.0,27,34263.72,4,60,0.255,6059.78,58787.32,25,242.39,0.575,self_employed,education,west,47288.8,1,0
25,83579.46,554.0,17,13181.45,4,24,0.158,2235.79,686.8,25,89.43,0.56,self_employed,education,south,50668.22,1,0
49,118503.22,679.0,6,1540.46,5,36,0.013,6115.92,57063.67,30,203.86,0.777,salaried,education,west,73210.62,0,0
57,29595.95,746.0,5,2298.71,3,36,0.078,1282.08,1746.65,34,37.71,0.702,salaried,business,south,48030.22,0,0
58,46340.02,663.0,13,12896.31,2,36,0.278,2769.2,100.23,26,106.51,0.481,self_employed,personal,west,47932.54,0,0
39,60416.11,819.0,29,6737.71,2,36,0.112,2988.62,18439.7,30,99.62,0.915,self_employed,auto,east,60633.73,0,0
28,22822.56,663.0,13,3151.23,3,48,0.138,1408.88,937.34,14,100.63,0.595,salaried,home,north,43217.81,1,0
21,92211.18,642.0,8,5744.24,2,48,0.062,5042.54,5292.82,22,229.21,0.335,salaried,personal,west,57051.11,0,0
42,72330.01,583.0,30,22174.09,2,24,0.307,3104.27,41656.97,35,88.69,0.943,unemployed,home,central,47099.71,0,0
37,45925.63,667.0,1,12680.52,4,24,0.276,1387.4,17699.12,34,40.81,0.76,self_employed,personal,east,46047.55,0,0
27,49886.19,580.0,17,5391.96,2,48,0.108,1746.88,1564.92,26,67.19,0.902,salaried,personal,west,45893.97,0,0
45,95248.08,567.0,4,35460.99,4,60,0.372,3474.38,3761.17,38,91.43,0.897,self_employed,auto,west,27763.0,0,0
24,37875.24,564.0,25,14257.21,6,12,0.376,2230.14,21987.55,20,111.51,0.565,salaried,home,central,39555.51,0,0
56,96991.96,631.0,22,52.99,4,36,0.001,3060.75,5657.46,27,113.36,0.962,contract,personal,west,69691.98,0,0
26,48367.46,607.0,11,1072.77,9,48,0.022,2463.05,2181.73,26,94.73,0.431,self_employed,home,north,43070.96,1,0
51,76130.04,850.0,13,7266.3,2,60,0.095,3451.64,2799.49,23,150.07,0.61,salaried,personal,north,65546.34,0,0
39,56333.46,668.0,12,3876.41,4,36,0.069,1576.96,2713.75,25,63.08,0.549,salaried,home,east,52664.71,0,0
64,147995.51,666.0,34,15068.61,8,48,0.102,4737.68,51196.31,25,189.51,0.539,contract,personal,south,73589.27,0,0
59,36339.97,603.0,14,20343.23,7,60,0.56,1187.04,21204.85,27,43.96,0.938,self_employed,auto,east,37318.92,1,0
47,41857.36,850.0,34,2477.64,6,24,0.059,1184.55,17396.38,21,56.41,0.959,self_employed,business,west,61697.83,0,0
30,27508.31,571.0,18,12968.12,4,48,0.471,1472.25,15801.52,39,37.75,0.513,salaried,personal,east,40481.87,1,0
46,33072.56,610.0,14,6899.15,6,24,0.209,1120.67,2660.43,29,38.64,0.795,salaried,home,east,46354.33,1,0
39,74675.52,735.0,7,4477.74,3,48,0.06,3216.56,3423.06,30,107.22,0.877,contract,auto,central,54810.01,0,0
59,111309.92,667.0,22,13908.88,3,60,0.125,5736.17,59214.66,17,337.42,0.501,self_employed,education,east,62893.69,0,0
23,78583.45,542.0,12,7490.11,5,36,0.095,4809.05,3055.75,24,200.38,0.749,self_employed,auto,north,44323.99,0,0
33,54045.08,652.0,22,9077.73,9,24,0.168,3175.54,18047.53,27,117.61,0.716,salaried,personal,central,53352.24,0,0
48,36238.36,708.0,30,578.49,6,12,0.016,1075.24,1701.55,34,31.62,0.668,contract,home,south,50454.07,0,0
40,81168.98,694.0,29,7934.39,3,24,0.098,4714.89,41872.78,18,261.94,0.586,salaried,home,west,62866.28,0,0
48,35352.67,706.0,1,3219.22,3,48,0.091,1982.89,13487.92,24,82.62,0.907,salaried,auto,east,47775.37,0,0
28,29524.38,836.0,10,6118.42,5,60,0.207,651.89,13177.54,23,28.34,0.601,self_employed,education,west,53471.81,0,0
61,47154.69,673.0,24,2259.39,3,48,0.048,2720.45,11880.39,33,82.44,0.711,self_employed,business,south,58737.7,0,0
59,21692.61,718.0,28,8578.36,2,48,0.395,934.99,4812.2,35,26.71,0.801,salaried,home,east,52463.06,0,0
21,29096.61,444.0,21,1435.91,3,12,0.049,838.44,4025.24,31,27.05,0.498,salaried,education,west,44195.12,0,0
23,126588.34,809.0,18,1180.25,6,48,0.009,7887.1,48428.76,27,292.11,0.691,salaried,home,central,77743.92,0,0
33,26767.3,656.0,8,1878.86,2,48,0.07,905.5,13232.56,36,25.15,0.89,salaried,home,north,45150.79,0,0
48,31740.01,576.0,28,15307.3,6,24,0.482,909.43,1284.92,41,22.18,0.593,self_employed,education,central,41780.19,0,0
45,55956.22,633.0,9,306.98,7,60,0.005,1569.12,1385.5,37,42.41,0.608,contract,auto,central,48883.81,0,0
53,57282.86,706.0,21,11769.92,7,12,0.205,2449.62,3394.54,24,102.07,0.957,salaried,education,south,53968.75,0,0
58,48747.98,738.0,23,523.5,2,24,0.011,1370.6,1149.49,22,62.3,0.812,salaried,personal,west,56414.79,0,0
26,21993.05,642.0,7,8065.24,3,24,0.367,934.54,4392.81,28,33.38,0.48,salaried,education,north,42860.03,0,0
64,79365.59,701.0,5,13367.42,1,60,0.168,4091.35,46154.74,34,120.33,0.73,salaried,home,central,59662.77,0,0
52,44383.63,628.0,6,2364.83,3,36,0.053,2679.0,10808.36,23,116.48,0.632,self_employed,auto,north,45149.39,0,0
41,93826.47,692.0,19,1962.81,6,36,0.021,3391.82,35624.74,30,113.06,0.688,self_employed,auto,west,64873.93,0,0
36,40531.39,668.0,16,3072.0,4,60,0.076,2492.52,6445.25,38,65.59,0.609,contract,personal,south,49091.23,0,0
41,84298.76,676.0,7,10824.16,2,12,0.128,5229.72,35422.85,25,209.19,0.661,self_employed,auto,west,58260.69,0,0
31,97074.84,624.0,12,2647.24,2,24,0.027,4400.84,38467.06,29,151.75,0.805,salaried,home,east,59189.71,0,0
57,43909.06,684.0,23,6270.24,3,36,0.143,1468.17,1659.47,32,45.88,0.7,self_employed,home,north,49765.77,0,0
56,80515.31,580.0,30,1299.68,4,12,0.016,4539.24,19170.6,28,162.12,0.782,self_employed,personal,east,56331.49,0,0
55,29796.76,667.0,22,5565.62,3,60,0.187,686.88,17123.36,39,17.61,0.743,salaried,auto,north,41948.61,0,0
39,61001.9,596.0,16,8820.95,1,36,0.145,2390.93,23991.65,27,88.55,0.811,self_employed,business,central,52205.98,1,0
40,93901.58,566.0,23,670.76,4,24,0.007,4435.98,693.51,29,152.96,0.512,salaried,auto,central,56791.5,0,0
38,68413.25,590.0,9,15207.21,3,24,0.222,4222.56,30588.47,30,140.75,0.838,salaried,education,central,43083.78,0,0
61,159979.47,632.0,30,24944.08,3,24,0.156,7968.26,32850.08,19,419.38,0.925,self_employed,home,north,68183.22,0,0
34,70154.91,605.0,19,1936.0,7,48,0.028,2137.19,14836.77,30,71.24,0.733,self_employed,business,north,58065.0,0,0
35,45964.65,684.0,15,12822.8,4,24,0.279,2592.18,6939.34,27,96.01,0.737,self_employed,personal,central,47718.49,0,0
51,194541.13,657.0,13,3384.9,4,24,0.017,9384.32,77004.04,30,312.81,0.842,salaried,auto,central,83657.71,0,0
21,113002.53,736.0,2,10163.26,2,36,0.09,6424.47,64905.49,33,194.68,0.951,salaried,home,north,63935.79,0,0
23,26335.99,643.0,29,3296.34,1,12,0.125,1312.27,13031.31,25,52.49,0.777,salaried,personal,north,39594.44,0,0
36,38067.89,665.0,17,17846.92,3,48,0.469,1344.49,2116.49,28,48.02,0.568,salaried,home,west,45684.73,0,0
43,33956.27,809.0,5,3837.09,5,36,0.113,872.36,1900.99,27,32.31,0.7,self_employed,home,north,49781.38,0,0
31,72441.41,613.0,19,17004.19,6,36,0.235,3597.18,1513.78,21,171.29,0.544,salaried,education,north,44877.73,0,0
32,70053.96,626.0,34,13077.39,7,24,0.187,2052.49,26768.25,27,76.02,0.897,salaried,education,east,55981.78,0,0
30,69811.45,752.0,18,1967.03,3,24,0.028,1644.72,39056.1,32,51.4,0.944,salaried,personal,east,64622.94,0,0
52,26017.92,569.0,25,1536.59,8,24,0.059,859.4,884.14,33,26.04,0.754,salaried,education,east,43621.36,0,0
36,40654.26,762.0,34,13613.08,11,36,0.335,1383.95,16851.5,28,49.43,0.573,contract,personal,west,52936.86,0,0
28,50656.44,630.0,11,4453.14,3,24,0.088,3150.23,13844.66,33,95.46,0.62,self_employed,home,north,52828.34,0,1
58,23864.22,579.0,7,26853.02,6,36,1.125,1057.44,1226.8,34,31.1,0.565,salaried,auto,west,26283.2,1,0
32,36595.39,727.0,9,25774.17,4,36,0.704,2271.98,4198.5,26,87.38,0.396,salaried,auto,north,36868.05,1,0
44,99747.29,629.0,20,10642.27,8,36,0.107,5288.44,7324.34,17,311.08,0.751,self_employed,education,south,57689.22,0,0
48,26921.1,805.0,28,6248.78,6,12,0.232,1115.5,6356.75,30,37.18,0.814,unemployed,home,north,57873.39,0,0
28,104283.37,657.0,30,1951.85,3,60,0.019,3407.42,685.7,26,131.05,0.5,salaried,home,east,66199.53,0,0
48,88522.95,656.0,6,19263.64,4,48,0.218,2671.15,9040.11,36,74.2,0.773,salaried,auto,west,46788.17,0,0
56,47532.47,600.0,33,770.0,5,60,0.016,1454.3,529.25,25,58.17,0.878,contract,auto,south,51709.47,0,0
46,40457.49,638.0,33,4163.34,4,24,0.103,2295.05,925.32,21,109.29,0.736,contract,education,central,55862.78,0,0
28,78772.75,627.0,29,3460.64,6,12,0.044,2942.1,38770.2,25,117.68,0.476,self_employed,personal,north,64233.94,0,0
48,38006.67,763.0,3,28623.14,4,36,0.753,1506.23,20434.1,32,47.07,0.663,self_employed,home,west,39665.72,0,0
48,38867.0,675.0,29,1131.25,2,36,0.029,1809.25,1680.88,33,54.83,0.819,salaried,home,south,53577.41,0,0
57,53597.58,710.0,24,19877.76,2,48,0.371,1241.78,8316.12,27,45.99,0.911,salaried,education,south,53481.08,0,0
61,20772.7,658.0,13,5486.45,6,48,0.264,843.68,452.49,29,29.09,0.929,self_employed,personal,central,42505.58,0,0
56,28212.23,615.0,23,437.98,3,36,0.016,606.55,1362.59,18,33.7,0.778,self_employed,home,south,44570.46,0,0
47,47002.33,682.0,30,11746.29,6,60,0.25,2437.96,7299.05,30,81.27,0.932,salaried,home,east,48800.18,0,0
37,67108.31,785.0,27,957.04,5,12,0.014,1461.98,1688.15,20,73.1,0.582,contract,auto,west,71777.82,0,0
29,37770.8,561.0,24,2434.52,3,60,0.064,1896.54,22087.59,35,54.19,0.839,salaried,auto,central,43525.14,0,0
53,49566.74,686.0,18,14472.75,5,48,0.292,1447.39,24788.08,28,51.69,0.86,contract,personal,east,44435.82,0,0
40,26211.23,777.0,3,1512.91,2,36,0.058,1433.47,203.94,25,57.34,0.367,salaried,education,south,53686.41,0,0
33,82422.83,581.0,33,3543.65,3,48,0.043,2803.87,1692.42,35,80.11,0.861,self_employed,personal,south,59151.06,0,0
48,59816.51,728.0,31,4030.63,1,48,0.067,3500.54,21213.01,24,145.86,0.77,self_employed,home,east,63462.55,0,0
49,62245.76,728.0,24,7998.14,6,24,0.128,3212.54,25898.82,34,94.49,0.432,salaried,education,south,54103.46,0,0
33,67488.52,540.0,21,14042.97,6,36,0.208,1996.56,26583.26,17,117.44,0.821,self_employed,auto,central,43141.39,0,0
55,56114.94,744.0,27,2361.77,6,36,0.042,3237.55,3869.2,27,119.91,0.835,self_employed,auto,north,59680.3,0,0
26,43577.76,599.0,17,2073.59,1,36,0.048,945.01,25975.07,32,29.53,0.714,salaried,home,east,48295.58,0,0
38,90070.19,681.0,6,2258.13,2,24,0.025,4206.18,11359.05,26,161.78,0.83,self_employed,education,north,54721.41,0,0
25,58139.26,737.0,10,4325.75,4,24,0.074,3249.19,7090.24,28,116.04,0.833,contract,home,west,57060.17,0,0
45,50283.2,752.0,10,6893.46,4,36,0.137,1318.9,8060.19,37,35.65,0.756,self_employed,business,south,55301.61,0,0
22,53965.78,519.0,8,121.83,5,36,0.002,1226.0,13934.77,29,42.28,0.68,salaried,auto,central,47979.26,1,0
30,53450.74,802.0,34,13639.33,3,36,0.255,3092.97,11016.12,28,110.46,0.698,self_employed,home,west,56409.82,0,0
50,50056.39,771.0,22,23520.74,1,36,0.47,1661.06,1586.66,34,48.85,0.789,self_employed,home,north,49947.52,0,0
25,66220.67,739.0,32,16693.42,7,36,0.252,3215.08,36303.76,27,119.08,0.782,salaried,home,north,60167.91,0,1
53,35555.95,681.0,0,341.04,4,48,0.01,1981.65,1545.89,28,70.77,0.929,self_employed,auto,west,35046.83,0,0
21,36744.51,613.0,19,6690.58,4,36,0.182,934.36,8981.08,25,37.37,0.493,self_employed,personal,west,48051.17,0,0
38,69680.0,558.0,4,15139.39,1,48,0.217,2547.52,4123.56,26,97.98,0.417,contract,home,north,38032.21,1,0
52,50748.75,512.0,28,3795.92,3,12,0.075,2594.35,831.36,31,83.69,0.871,self_employed,education,east,45019.74,0,0
31,83878.69,705.0,25,20460.5,4,60,0.244,2015.62,41497.95,24,83.98,0.739,salaried,home,east,55928.57,0,0
41,65120.56,739.0,2,19613.73,5,60,0.301,3387.34,1610.78,44,76.98,0.801,contract,personal,west,42446.1,0,0
46,42248.22,643.0,20,1375.26,5,36,0.033,2430.38,2314.98,32,75.95,0.859,salaried,auto,east,45933.23,0,0
45,70178.23,611.0,12,6124.4,4,60,0.087,3786.18,27329.79,27,140.23,0.437,salaried,auto,west,54360.67,0,0
42,92849.57,656.0,30,234.02,1,48,0.003,2859.28,4996.23,33,86.64,0.718,salaried,business,south,65229.64,0,0
47,66246.69,596.0,16,2979.81,4,12,0.045,3694.95,25712.13,25,147.8,0.723,salaried,home,north,58305.37,0,0
33,73094.85,652.0,34,15035.73,7,36,0.206,3624.61,3920.52,36,100.68,0.751,self_employed,personal,north,57631.13,0,0
53,50146.46,591.0,22,33250.68,8,60,0.663,2605.92,2729.87,27,96.52,0.759,self_employed,auto,central,33829.77,1,0
54,84699.75,702.0,2,22010.13,7,24,0.26,4402.83,1641.12,26,169.34,0.617,self_employed,home,north,46052.07,0,0
61,41718.06,756.0,1,391.62,2,60,0.009,1651.21,21130.58,27,61.16,0.839,salaried,auto,north,51860.27,0,0
55,63091.69,693.0,2,23522.5,5,24,0.373,3683.2,32001.68,28,131.54,0.475,salaried,education,central,41500.21,0,0
21,172176.91,643.0,19,15566.58,5,36,0.09,4475.98,73853.85,22,203.45,0.816,salaried,home,west,72782.66,0,0
41,69043.81,734.0,8,18204.32,3,24,0.264,4196.47,11037.67,26,161.4,0.851,unemployed,home,west,49311.99,0,0
26,44832.11,652.0,3,22167.61,6,36,0.494,946.54,370.1,44,21.51,0.945,salaried,personal,east,37034.82,0,0
48,44780.07,731.0,24,6028.04,4,24,0.135,2366.39,16947.3,35,67.61,0.596,salaried,home,central,57248.35,0,0
37,52464.72,596.0,0,2135.39,3,36,0.041,1499.91,20947.77,35,42.85,0.723,salaried,personal,south,40588.8,0,0
25,79464.1,607.0,11,191.23,2,36,0.002,1869.33,4630.6,27,69.23,0.336,unemployed,education,south,51409.14,0,0
51,57849.49,566.0,23,214.47,4,36,0.004,2408.67,14516.3,25,96.35,0.9,contract,home,north,47851.71,0,0
25,40463.78,610.0,8,9257.87,5,60,0.229,1709.21,1777.08,36,47.48,0.813,self_employed,home,central,44792.64,1,0
58,40431.58,733.0,19,3702.63,6,48,0.092,1968.85,21425.12,25,78.75,0.656,salaried,auto,central,58725.54,0,0
23,58012.99,576.0,4,6164.77,10,12,0.106,2645.7,2803.86,24,110.24,0.641,salaried,personal,west,39355.51,0,0
43,55219.85,454.0,19,1267.18,3,60,0.023,1222.32,14052.45,30,40.74,0.861,salaried,personal,north,46078.61,1,0
57,66485.51,615.0,20,33386.65,8,36,0.502,1951.31,10563.87,26,75.05,0.704,salaried,home,south,44780.95,0,0
57,81868.57,550.0,1,1252.77,3,36,0.015,4148.04,3156.32,38,109.16,0.786,salaried,business,south,44171.95,1,0
30,184852.2,607.0,20,5295.94,5,24,0.029,11109.79,8497.49,26,427.3,0.593,self_employed,auto,north,78757.8,0,0
30,28059.57,829.0,23,5272.42,8,24,0.188,1480.24,6823.38,29,51.04,0.729,salaried,home,central,53472.03,0,0
39,73798.08,574.0,8,78.08,3,12,0.001,4568.14,22956.97,34,134.36,0.791,self_employed,auto,west,55325.04,1,0
37,56626.85,704.0,29,9918.11,5,48,0.175,1472.98,33394.37,21,70.14,0.415,salaried,education,central,57981.06,0,0
41,23622.16,643.0,17,6953.82,5,36,0.294,1435.5,537.96,21,68.36,0.637,salaried,home,north,37262.03,0,0
34,95062.4,682.0,9,6193.37,5,12,0.065,3461.93,17091.99,18,192.33,0.871,contract,home,north,60824.68,0,0
29,65481.83,607.0,20,15337.93,4,36,0.234,2893.21,38571.28,27,107.16,0.744,self_employed,home,east,44594.56,0,0
21,77645.81,749.0,21,2483.41,1,24,0.032,4776.63,23528.07,20,238.83,0.747,contract,education,south,66786.99,0,0
33,25216.69,686.0,16,17765.8,6,36,0.704,995.58,1421.82,26,38.29,0.704,salaried,education,central,44728.2,1,0
24,49060.64,689.0,4,18007.58,2,24,0.367,1665.38,25208.01,25,66.62,0.842,self_employed,auto,central,38677.47,0,0
21,33334.94,658.0,5,15783.01,2,60,0.473,1792.8,14425.97,24,74.7,0.684,contract,home,north,37683.45,1,0
60,143400.32,757.0,9,3758.72,4,48,0.026,7198.3,62231.93,23,312.97,0.594,self_employed,education,central,73297.01,0,0
52,90675.97,698.0,1,1596.62,5,24,0.018,1971.59,2057.38,36,54.77,0.456,salaried,auto,south,59676.66,0,0
54,39877.38,682.0,6,5802.25,4,24,0.145,1636.87,767.14,31,52.8,0.588,salaried,home,north,39319.19,0,0
48,27133.18,705.0,3,2708.01,4,48,0.1,1608.98,7480.64,33,48.76,0.825,self_employed,home,central,48063.39,0,0
51,59120.01,500.0,18,482.33,3,12,0.008,2579.37,19006.3,24,107.47,0.708,salaried,home,central,49191.27,0,0
28,88573.67,666.0,27,2949.91,2,12,0.033,4109.28,2457.31,26,158.05,0.158,salaried,personal,central,63674.61,0,0
59,24815.55,645.0,19,5699.11,5,36,0.23,1021.39,677.86,35,29.18,0.831,self_employed,education,south,41349.35,0,0
46,35621.38,749.0,29,1076.51,6,24,0.03,1611.83,18534.36,30,53.73,0.894,salaried,education,south,48059.51,0,0
54,32941.45,590.0,1,25995.43,6,36,0.789,1092.22,19184.1,30,36.41,0.627,salaried,personal,north,34458.6,0,0
23,80027.51,667.0,2,9606.67,2,24,0.12,2344.98,40916.46,33,71.06,0.912,salaried,personal,west,46643.55,0,0
32,45870.47,814.0,24,1319.19,6,12,0.029,1705.19,19305.45,24,71.05,0.784,unemployed,home,central,58814.23,0,0
21,46743.41,648.0,1,15044.89,6,36,0.322,1426.26,20896.6,22,64.83,0.469,self_employed,business,south,40273.73,0,0
64,58606.13,537.0,14,23690.85,3,36,0.404,3444.67,2623.51,29,118.78,0.751,self_employed,business,west,31602.18,0,0
25,36489.27,835.0,2,2743.87,5,36,0.075,986.12,17654.55,24,41.09,0.709,salaried,education,east,56159.18,0,1
50,28292.19,589.0,4,1391.51,8,24,0.049,872.37,148.34,19,45.91,0.471,salaried,business,central,40470.91,0,0
50,100343.88,562.0,26,3503.79,2,60,0.035,5390.76,6359.26,23,234.38,0.789,salaried,education,north,57038.03,1,0
37,104622.99,565.0,4,16067.46,5,36,0.154,2624.4,8001.36,19,138.13,0.747,salaried,education,central,50514.99,0,1
43,58736.24,712.0,16,1732.37,2,36,0.029,3173.84,32216.03,17,186.7,0.449,salaried,personal,west,51423.67,0,0
35,60686.1,760.0,11,13600.46,5,36,0.224,2726.53,23099.63,34,80.19,0.431,salaried,home,west,52567.69,0,0
57,95554.91,800.0,30,11337.38,4,48,0.119,3824.4,27145.87,20,191.22,0.693,salaried,personal,north,69234.29,0,0
41,58133.31,651.0,32,9483.61,4,60,0.163,3319.88,27132.91,24,138.33,0.858,contract,personal,west,60081.26,0,0
34,44865.08,566.0,28,5111.6,3,36,0.114,1679.99,6624.9,27,62.22,0.993,self_employed,home,west,44833.79,1,0
22,55143.97,602.0,2,4112.3,3,12,0.075,1777.18,26850.05,20,88.86,0.561,salaried,auto,east,42351.0,0,0
31,101409.89,653.0,29,802.02,2,36,0.008,4407.17,22370.76,30,146.91,0.839,self_employed,business,north,69184.88,0,0
59,55492.03,648.0,21,3979.48,3,36,0.072,2445.73,21530.57,21,116.46,0.758,self_employed,home,west,51422.31,0,0
58,40085.82,761.0,31,8288.15,4,48,0.207,1040.29,23759.81,22,47.29,0.904,self_employed,personal,east,51320.79,0,1
54,57881.37,538.0,9,20563.52,4,24,0.355,3099.83,3570.67,37,83.78,0.77,salaried,auto,west,38065.93,1,0
58,72787.57,555.0,31,16114.57,2,36,0.221,2651.3,41877.92,27,98.2,0.316,salaried,business,south,53607.35,0,0
54,68962.22,624.0,3,294.71,4,12,0.004,1798.98,32089.55,23,78.22,0.415,salaried,home,east,48967.39,0,0
38,69478.37,681.0,28,1345.51,3,24,0.019,1735.31,19339.27,32,54.23,0.697,salaried,personal,south,65772.87,0,0
50,37346.52,612.0,7,16983.81,1,24,0.455,1657.54,2967.83,30,55.25,0.675,contract,auto,east,37185.43,0,0
35,76614.88,605.0,19,25219.03,5,12,0.329,2789.44,6495.8,31,89.98,0.267,self_employed,personal,south,45349.58,1,0
47,54874.81,750.0,6,516.84,5,48,0.009,1868.81,1963.48,31,60.28,0.798,self_employed,home,south,53367.4,0,0
54,39328.08,690.0,0,10873.4,6,24,0.276,1573.01,12772.21,28,56.18,0.873,unemployed,home,west,38488.13,1,0
58,76341.22,566.0,24,4097.57,2,24,0.054,4110.71,25233.01,27,152.25,0.817,salaried,personal,east,56372.14,0,0
53,44172.71,607.0,25,4077.12,0,12,0.092,1234.09,8004.48,27,45.71,0.743,salaried,education,north,53553.41,0,0
44,26677.24,694.0,8,9261.84,6,60,0.347,687.7,1953.51,25,27.51,0.616,self_employed,auto,west,44704.27,0,1
35,34535.01,543.0,22,14956.82,4,12,0.433,1972.7,1670.37,23,85.77,0.721,self_employed,personal,east,41515.87,1,0
50,49924.31,693.0,1,2892.24,5,48,0.058,2727.92,7419.96,31,88.0,0.467,contract,home,south,44446.4,0,0
62,70279.54,621.0,25,10997.84,2,36,0.156,1943.06,27713.03,24,80.96,0.796,contract,business,west,51417.18,0,0
37,36723.37,681.0,13,9092.35,9,12,0.248,1619.76,850.54,27,59.99,0.678,salaried,business,east,37034.38,0,0
25,48615.7,660.0,30,6555.62,2,60,0.135,2114.21,1885.01,30,70.47,0.38,salaried,auto,south,52991.33,0,0
49,31336.12,555.0,25,8301.36,3,36,0.265,1663.62,1461.07,34,48.93,0.804,contract,personal,north,39714.79,0,0
24,84281.26,596.0,18,163.97,3,24,0.002,2911.94,1116.8,26,112.0,0.465,self_employed,auto,east,52510.25,0,0
30,117336.25,773.0,4,36.67,3,24,0.0,2758.03,3280.78,27,102.15,0.764,self_employed,home,central,75299.89,0,0
37,111767.62,850.0,5,7195.34,1,24,0.064,3198.83,20328.51,25,127.95,0.744,salaried,home,central,72718.01,0,0
30,83636.96,501.0,34,6683.09,4,24,0.08,2481.1,48303.87,27,91.89,0.689,self_employed,personal,east,57076.06,1,0
37,79867.91,739.0,15,666.07,1,24,0.008,3211.66,10079.58,31,103.6,0.604,unemployed,home,north,60574.38,0,0
40,21325.4,675.0,30,6095.93,6,24,0.286,891.68,6281.11,30,29.72,0.958,salaried,business,east,43751.68,0,0
44,58672.59,827.0,17,12751.85,6,36,0.217,1723.97,1388.01,28,61.57,0.668,salaried,auto,north,54626.56,0,0
25,43336.84,603.0,13,7012.32,6,48,0.162,1478.47,864.71,35,42.24,0.701,contract,auto,east,47359.59,0,0
54,80515.89,726.0,24,6561.1,2,24,0.081,4308.11,3574.38,21,205.15,0.727,self_employed,home,west,58733.41,0,0
26,17293.41,624.0,14,11389.71,4,12,0.659,391.5,758.44,32,12.23,0.732,salaried,personal,west,37660.65,1,0
22,59091.09,759.0,25,1696.99,3,12,0.029,3061.18,27919.17,24,127.55,0.82,salaried,personal,west,70090.96,0,0
33,49192.69,846.0,10,5503.78,4,24,0.112,3028.98,1066.11,22,137.68,0.477,salaried,auto,east,62074.16,0,0
63,89616.39,668.0,6,1442.02,3,48,0.016,4710.55,20463.03,27,174.46,0.657,salaried,personal,east,56785.85,0,0
63,108726.86,553.0,17,6678.02,1,24,0.061,6486.83,36684.79,25,259.47,0.626,unemployed,personal,north,57293.28,1,0
31,35668.36,770.0,19,8067.1,7,24,0.226,1134.32,791.78,25,45.37,0.371,salaried,auto,central,50114.75,0,0
43,36400.23,698.0,1,1167.63,4,60,0.032,1543.64,20865.35,20,77.18,0.902,salaried,home,north,46006.4,0,0
36,60097.5,682.0,25,706.67,4,36,0.012,2290.28,9374.02,33,69.4,0.49,contract,personal,east,60110.85,0,0
51,118207.07,785.0,22,1641.62,3,60,0.014,3807.83,14181.58,29,131.3,0.896,self_employed,home,south,71202.65,0,0
31,55662.68,553.0,31,7944.35,2,36,0.143,1253.76,21690.59,33,37.99,0.876,salaried,auto,central,53004.33,0,0
36,30466.33,589.0,12,1892.26,2,36,0.062,1598.66,15595.72,39,40.99,0.88,contract,auto,south,38563.61,0,0
28,41248.05,701.0,12,2897.27,3,60,0.07,2104.55,1618.28,27,77.95,0.661,self_employed,education,central,47183.05,0,0
24,59349.49,587.0,16,10912.46,7,36,0.184,2636.02,22845.92,29,90.9,0.641,unemployed,education,east,46101.61,0,0
60,60360.55,623.0,24,2569.3,3,36,0.043,3706.97,18305.25,24,154.46,0.694,salaried,auto,central,53934.28,0,0
24,39464.65,758.0,21,4560.41,3,24,0.116,2248.08,21176.69,25,89.92,0.647,contract,education,central,49063.77,0,0
45,40879.92,687.0,26,23786.1,4,24,0.582,1810.04,23750.69,24,75.42,0.781,salaried,education,central,46768.96,0,0
23,34832.09,550.0,16,15686.55,5,36,0.45,2061.71,12722.54,28,73.63,0.761,salaried,home,west,38397.54,1,0
52,90538.19,685.0,25,2655.05,3,36,0.029,3997.43,5952.84,25,159.9,0.628,contract,home,east,70129.32,0,1
23,37210.68,755.0,13,8192.24,2,36,0.22,2073.8,2921.51,27,76.81,0.636,self_employed,personal,west,51874.21,0,0
47,43951.53,665.0,13,9864.26,3,36,0.224,1833.85,11566.01,32,57.31,0.474,salaried,personal,north,46125.33,0,0
49,43392.25,724.0,11,20745.03,3,24,0.478,2361.98,13256.12,24,98.42,0.392,salaried,personal,east,48433.22,0,0
52,26299.87,606.0,4,7136.06,6,48,0.271,1037.7,10297.25,25,41.51,0.701,salaried,home,west,37786.98,0,0
39,36734.19,672.0,3,7415.19,2,48,0.202,1640.1,21898.93,29,56.56,0.902,self_employed,home,north,47655.75,0,0
41,94151.64,516.0,28,19739.32,3,48,0.21,2730.03,4053.56,27,101.11,0.807,salaried,personal,south,48515.54,1,0
25,31439.5,704.0,24,503.25,6,12,0.016,1464.92,16553.75,32,45.78,0.698,self_employed,business,north,55842.14,1,0
38,35114.2,681.0,3,8903.17,5,48,0.254,1899.02,19902.86,37,51.32,0.652,unemployed,home,north,39367.76,0,0
48,29743.16,540.0,15,4850.7,9,48,0.163,1657.73,3970.4,25,66.31,0.888,salaried,personal,east,39072.0,0,0
62,52011.74,779.0,1,21647.88,1,12,0.416,2750.12,1110.56,28,98.22,0.503,salaried,education,east,40846.28,0,0
42,126559.08,699.0,22,29092.27,7,36,0.23,2695.23,53031.68,22,122.51,0.711,salaried,auto,east,57251.28,0,0
41,51036.05,591.0,3,1679.65,4,24,0.033,3046.3,2034.85,27,112.83,0.625,self_employed,auto,south,46136.55,1,0
26,55828.68,706.0,19,2974.91,3,24,0.053,1298.84,14820.98,28,46.39,0.423,self_employed,home,north,58278.35,0,0
21,37875.08,566.0,16,2875.13,3,24,0.076,1908.33,19519.61,39,48.93,0.403,contract,personal,central,50389.94,1,0
25,52694.79,578.0,5,954.52,3,24,0.018,2902.82,31034.45,27,107.51,0.79,salaried,personal,south,47116.98,1,0
61,94190.31,567.0,17,5936.44,1,48,0.063,4972.78,2364.84,28,177.6,0.775,contract,personal,west,60831.48,1,0
32,57774.87,564.0,19,6476.93,5,60,0.112,3061.87,12797.18,27,113.4,0.754,salaried,home,north,47907.79,0,0
46,141392.72,687.0,33,7658.28,4,24,0.054,4263.26,26461.18,22,193.78,0.688,salaried,auto,central,69723.43,0,0
54,95488.96,658.0,23,9787.94,3,24,0.103,2334.9,32994.53,20,116.74,0.586,salaried,education,central,60051.36,0,0
34,52112.37,714.0,17,584.86,0,24,0.011,2113.64,19547.1,27,78.28,0.885,self_employed,auto,east,55914.4,0,0
46,51657.75,410.0,29,8767.27,6,36,0.17,2435.87,6487.16,26,93.69,0.77,salaried,personal,north,38675.83,0,0
47,112861.36,617.0,0,22060.74,5,12,0.195,6228.01,2071.77,30,207.6,0.851,salaried,auto,central,45345.39,0,0
29,57629.88,618.0,22,5462.58,8,36,0.095,2047.04,5187.06,33,62.03,0.815,self_employed,home,north,56660.44,0,0
46,102131.32,654.0,28,1015.62,5,60,0.01,5633.99,55615.61,24,234.75,0.719,salaried,personal,south,66160.32,0,0
42,133426.8,652.0,31,808.77,2,36,0.006,5568.17,5285.17,26,214.16,0.57,contract,home,west,72239.1,0,0
50,49419.55,669.0,1,2978.47,6,24,0.06,2648.38,1692.59,29,91.32,0.663,unemployed,auto,south,46456.94,1,0
63,63473.64,658.0,16,12568.0,2,12,0.198,1922.55,35278.69,20,96.13,0.696,self_employed,personal,south,48946.06,0,0
37,84204.35,611.0,1,2722.11,5,36,0.032,4438.37,49677.96,25,177.53,0.801,salaried,education,central,53230.34,0,0
46,76525.17,616.0,3,15154.1,4,12,0.198,2272.59,2633.79,38,59.81,0.806,salaried,auto,south,46696.64,0,0
56,76284.18,646.0,33,15416.16,4,36,0.202,1846.71,36487.1,25,73.87,0.861,contract,auto,south,62779.42,0,0
21,29730.74,693.0,0,5497.67,6,24,0.185,1592.96,9886.08,25,63.72,0.672,salaried,home,south,43615.93,0,0
28,36982.96,657.0,22,3220.22,4,24,0.087,1974.36,792.45,24,82.26,0.893,contract,personal,west,50133.48,0,0
55,43352.94,583.0,5,8194.28,7,60,0.189,1102.23,11670.04,37,29.79,0.634,salaried,education,west,43069.04,0,0
35,93572.27,579.0,15,14971.73,5,48,0.16,3608.89,4387.02,32,112.78,0.706,contract,business,north,51308.57,0,1
42,31072.59,693.0,1,600.75,3,12,0.019,687.54,14008.37,21,32.74,0.569,salaried,personal,south,44762.49,0,1
34,107522.14,714.0,11,27599.94,4,24,0.257,5474.61,59985.99,28,195.52,0.632,unemployed,personal,north,49201.21,0,0
46,76951.09,741.0,26,9343.59,4,48,0.121,4100.63,29274.93,25,164.03,0.275,salaried,home,south,63823.55,0,0
48,91071.81,608.0,18,4569.69,5,48,0.05,4444.12,13772.32,35,126.97,0.806,salaried,auto,central,55510.45,0,0
43,35657.33,490.0,27,6347.33,4,36,0.178,1525.44,15731.52,30,50.85,0.914,salaried,home,north,41469.1,0,0
34,55968.04,682.0,34,4383.87,4,60,0.078,1483.24,3297.17,18,82.4,0.688,salaried,personal,east,53151.54,0,0
44,61977.35,589.0,3,4788.61,6,24,0.077,3841.17,3306.34,34,112.98,0.552,salaried,auto,central,45744.29,0,0
22,60762.93,641.0,6,8148.53,4,12,0.134,1914.42,1289.9,21,91.16,0.826,salaried,education,west,56803.54,1,0
46,61885.79,663.0,24,559.18,5,60,0.009,3451.66,16733.68,27,127.84,0.737,salaried,auto,south,57291.61,0,0
34,47837.4,697.0,16,1735.46,3,36,0.036,1148.87,672.87,31,37.06,0.737,salaried,personal,east,54943.51,0,0
27,57574.97,726.0,13,2317.75,4,12,0.04,1657.4,17630.7,30,55.25,0.677,salaried,auto,west,62383.96,0,0
23,86258.49,749.0,1,4710.86,2,48,0.055,4267.41,21326.83,24,177.81,0.881,self_employed,auto,south,63251.24,0,0
43,32050.54,762.0,23,4173.44,5,24,0.13,723.76,11090.26,22,32.9,0.859,salaried,education,south,59144.56,0,0
63,108681.03,659.0,14,11527.83,6,12,0.106,2296.6,54235.75,31,74.08,0.483,salaried,auto,south,64392.3,0,0
38,84276.18,506.0,32,2699.97,4,48,0.032,3917.38,33102.62,24,163.22,0.886,contract,personal,west,57323.49,0,0
58,35089.57,598.0,11,528.89,3,24,0.015,1716.34,7985.92,22,78.02,0.918,contract,home,north,44878.51,1,0
55,64390.81,770.0,18,513.35,5,36,0.008,3244.18,13914.14,33,98.31,0.625,unemployed,business,east,55150.87,0,0
35,81281.56,663.0,4,102.4,10,36,0.001,4619.32,1152.48,25,184.77,0.812,salaried,home,north,53726.7,0,0
45,31073.73,835.0,0,348.91,4,60,0.011,1057.8,991.19,29,36.48,0.91,salaried,home,north,52484.14,0,0
57,55209.5,618.0,8,17609.33,3,24,0.319,1349.66,27072.19,24,56.24,0.813,salaried,personal,north,43821.73,0,0
48,52295.63,847.0,33,10753.42,5,36,0.206,1956.08,1076.53,25,78.24,0.712,salaried,auto,north,62224.94,0,0
30,40517.48,650.0,28,49539.59,1,24,1.223,1273.44,17461.38,30,42.45,0.624,self_employed,personal,west,31465.63,1,0
59,56475.41,614.0,1,184.7,6,36,0.003,3431.64,17738.4,41,83.7,0.646,unemployed,auto,central,50192.08,0,0
37,41351.79,590.0,18,17014.37,5,12,0.411,1207.51,2145.43,31,38.95,0.818,salaried,auto,north,42358.7,1,0
59,100552.79,706.0,27,10718.22,3,48,0.107,5027.19,31807.33,32,157.1,0.862,salaried,personal,east,61528.0,0,0
42,40864.22,530.0,34,9203.43,2,12,0.225,2421.79,21646.0,19,127.46,0.761,salaried,personal,south,40414.85,0,0
46,77372.8,603.0,21,3967.95,2,24,0.051,3770.04,34725.99,28,134.64,0.846,self_employed,home,central,50393.36,0,0
64,25721.34,646.0,3,4254.94,0,48,0.165,607.02,7758.23,37,16.41,0.581,self_employed,home,south,40412.17,0,0
45,50371.74,458.0,7,16811.62,4,36,0.334,2993.18,9727.6,27,110.86,0.805,self_employed,education,east,29105.88,1,0
37,54477.33,642.0,0,11249.64,5,48,0.206,1471.1,31877.86,26,56.58,0.717,salaried,personal,central,44808.26,0,0
33,49640.83,796.0,6,9986.6,4,36,0.201,1447.4,7011.67,37,39.12,0.757,self_employed,personal,central,43909.19,0,0
40,45326.94,687.0,24,280.16,1,60,0.006,2320.77,21374.62,30,77.36,0.524,salaried,education,east,55261.23,0,0
45,40119.52,594.0,28,1833.59,8,60,0.046,1659.37,16723.71,26,63.82,0.535,contract,personal,north,46932.9,0,0
24,76080.2,609.0,0,29580.65,2,48,0.389,4051.31,19639.17,26,155.82,0.568,salaried,personal,west,33644.0,0,0
30,84944.73,679.0,17,5452.35,6,24,0.064,2351.7,3709.1,26,90.45,0.451,unemployed,home,east,63061.2,0,0
23,52209.91,607.0,3,13684.33,4,12,0.262,2951.3,4970.61,23,128.32,0.674,salaried,education,west,39792.29,0,0
61,33074.34,690.0,19,4438.72,3,36,0.134,1108.24,5285.6,26,42.62,0.531,self_employed,home,south,52101.68,0,0
38,121452.34,604.0,7,13007.63,4,12,0.107,5168.54,5308.96,18,287.14,0.787,salaried,home,north,58637.62,0,0
56,36464.38,563.0,26,1142.45,6,48,0.031,932.19,343.46,34,27.42,0.694,salaried,personal,south,45770.83,0,0
42,28092.56,750.0,34,387.37,5,36,0.014,996.2,15325.84,27,36.9,0.803,salaried,business,north,59896.52,0,0
54,21901.71,710.0,24,5649.21,3,36,0.258,785.2,8028.95,25,31.41,0.834,contract,home,central,51072.68,0,0
28,56656.01,489.0,13,8060.59,1,12,0.142,3462.75,3469.37,22,157.4,0.884,salaried,education,north,44179.32,1,0
60,49126.93,621.0,30,3520.09,3,36,0.072,2724.54,2288.62,30,90.82,0.383,salaried,auto,east,46147.58,0,0
64,86157.34,739.0,4,11329.18,3,24,0.131,2002.42,23587.6,27,74.16,0.474,contract,personal,central,57552.25,0,0
39,71323.99,636.0,16,6163.39,3,36,0.086,2334.82,13684.82,36,64.86,0.558,unemployed,auto,north,59858.64,0,0
62,61734.03,601.0,9,23719.5,3,24,0.384,1817.87,20260.15,30,60.6,0.842,salaried,education,west,34870.62,0,0
61,47948.59,629.0,15,799.39,3,24,0.017,1636.05,2184.79,26,62.92,0.69,salaried,personal,east,54055.06,0,0
57,89276.16,659.0,3,619.99,8,36,0.007,1908.71,48953.57,38,50.23,0.868,contract,auto,west,56844.31,0,0
26,125533.19,635.0,4,21196.46,7,48,0.169,6706.13,25839.86,32,209.57,0.539,self_employed,auto,central,59520.82,0,0
46,85309.46,643.0,19,9953.65,7,24,0.117,2269.18,36062.74,31,73.2,0.619,salaried,personal,north,59269.85,0,0
54,43976.5,637.0,5,10008.51,5,36,0.228,1287.64,9583.17,28,45.99,0.759,salaried,education,central,44288.08,0,0
26,77011.07,567.0,10,251.48,4,24,0.003,3709.63,2137.69,30,123.65,0.825,salaried,personal,central,55989.48,0,0
57,45209.37,563.0,16,24978.57,5,36,0.552,2129.43,26148.49,37,57.55,0.857,salaried,business,west,35293.25,0,0
53,32949.12,557.0,2,13298.78,6,36,0.404,1820.64,6354.95,21,86.7,0.781,contract,education,south,36563.88,0,0
42,36150.01,658.0,15,13007.33,2,36,0.36,959.61,10461.52,25,38.38,0.859,salaried,home,central,40070.08,1,0
41,46111.6,700.0,25,21866.57,6,60,0.474,1383.5,18282.98,24,57.65,0.69,self_employed,education,west,48661.74,0,0
26,56771.05,570.0,23,7768.02,5,36,0.137,3255.39,23518.28,37,87.98,0.968,salaried,auto,west,50606.66,1,1
26,136934.98,522.0,33,4517.78,8,12,0.033,6653.53,6807.51,29,229.43,0.651,contract,home,central,65281.09,0,0
24,36433.35,576.0,19,5897.1,5,12,0.162,878.88,8798.83,23,38.21,0.571,self_employed,home,east,46625.2,0,0
50,98279.41,769.0,16,13514.97,4,12,0.138,2432.35,4229.91,28,86.87,0.349,salaried,auto,west,60827.29,0,0
31,46968.54,623.0,19,13177.52,7,24,0.281,2022.4,17699.53,29,69.74,0.459,salaried,personal,west,44229.52,0,0
50,21864.66,632.0,15,8464.94,5,48,0.387,1139.38,1293.16,34,33.51,0.806,salaried,education,north,45056.05,1,0
51,43149.38,582.0,3,2214.03,2,48,0.051,2055.62,1937.35,33,62.29,0.896,self_employed,auto,north,43292.46,1,0
44,91997.22,699.0,17,15377.56,3,36,0.167,4515.43,5225.0,22,205.25,0.595,contract,auto,east,56187.05,0,0
29,63265.87,640.0,34,9377.75,2,36,0.148,2825.85,11667.78,36,78.5,0.732,salaried,business,west,53841.71,0,0
23,64990.93,588.0,29,2250.73,8,48,0.035,3740.65,18490.61,30,124.69,0.756,contract,personal,central,57669.58,1,0
51,98501.48,562.0,17,5896.5,3,12,0.06,5733.26,32208.68,32,179.16,0.746,contract,personal,east,54696.76,0,0
60,33984.12,682.0,20,52923.59,3,24,1.557,1565.5,1739.84,32,48.92,0.797,salaried,auto,west,25805.72,1,0
57,33749.21,672.0,31,3582.56,1,12,0.106,1731.46,8988.31,20,86.57,0.496,unemployed,auto,south,47106.05,0,0
56,19561.57,545.0,4,1115.39,7,60,0.057,784.46,6711.83,30,26.15,0.795,self_employed,personal,north,36919.27,0,0
44,80393.37,754.0,22,197.15,3,12,0.002,2577.05,8007.56,29,88.86,0.786,contract,personal,central,64197.2,0,0
51,69781.06,595.0,29,1837.05,4,60,0.026,3303.69,9185.34,27,122.36,0.983,salaried,auto,west,64230.39,0,0
26,75040.63,461.0,26,1862.84,5,48,0.025,4112.01,18510.53,43,95.63,0.217,self_employed,personal,west,49418.17,0,0
22,31813.47,780.0,14,17571.69,5,36,0.552,1010.85,1568.05,33,30.63,0.863,contract,home,east,50195.2,0,0
40,26320.09,641.0,13,1528.08,3,24,0.058,1234.77,1692.13,22,56.13,0.56,salaried,home,south,45954.68,0,0
48,29916.69,687.0,20,17867.07,5,36,0.597,1399.29,12818.16,31,45.14,0.811,self_employed,personal,west,42535.67,0,0
31,35769.2,792.0,33,816.38,2,36,0.023,2114.58,2187.62,31,68.21,0.601,salaried,home,south,62641.29,0,0
24,109019.44,565.0,25,21342.05,2,36,0.196,5720.27,2298.31,30,190.68,0.874,unemployed,personal,west,54025.01,1,0
35,84970.3,691.0,24,2665.71,2,60,0.031,4642.59,4785.0,27,171.95,0.436,salaried,auto,north,63909.35,0,0
26,44081.73,750.0,30,8509.11,3,12,0.193,1967.03,17213.71,33,59.61,0.768,salaried,personal,west,59768.78,0,0
50,61985.97,571.0,5,1566.26,2,12,0.025,3170.83,2144.87,29,109.34,0.299,salaried,education,west,42270.44,0,0
58,39924.16,774.0,3,4449.49,7,48,0.111,1239.0,1966.58,24,51.62,0.685,contract,home,central,54957.99,1,0
22,63826.64,530.0,23,807.04,4,36,0.013,2871.31,8888.08,23,124.84,0.838,salaried,auto,central,53302.86,0,0
35,32463.02,642.0,30,7797.4,4,36,0.24,1572.16,11744.67,28,56.15,0.863,salaried,business,north,51058.07,0,0
31,75933.49,559.0,18,3820.15,5,48,0.05,4220.01,37056.91,28,150.71,0.913,salaried,auto,south,56722.22,0,0
28,36961.55,709.0,10,17204.02,3,60,0.465,1025.22,1614.58,23,44.57,0.631,self_employed,auto,central,46523.39,0,0
46,77859.54,568.0,28,1806.02,5,36,0.023,2682.12,15921.14,30,89.4,0.365,contract,education,west,51323.33,0,0
64,44696.91,598.0,4,2956.39,8,36,0.066,2405.13,16911.66,25,96.21,0.766,salaried,auto,west,42581.0,0,0
25,37966.74,575.0,17,1755.98,6,12,0.046,1477.91,16873.35,24,61.58,0.601,self_employed,auto,east,52253.3,0,0
26,111954.58,548.0,2,7467.36,3,36,0.067,4592.2,55423.78,25,183.69,0.747,self_employed,auto,east,51700.88,0,0
46,58666.6,585.0,10,1066.49,5,12,0.018,2736.03,3481.12,28,97.72,0.423,salaried,personal,central,47492.8,0,0
24,46864.62,646.0,20,1889.35,5,36,0.04,2396.36,11797.74,28,85.58,0.74,salaried,home,central,50833.48,1,0
39,76204.84,641.0,29,10212.54,1,60,0.134,2502.97,2863.4,40,62.57,0.657,self_employed,home,west,57661.48,0,0
40,29643.67,632.0,18,695.96,7,48,0.023,1684.65,9592.78,28,60.17,0.972,salaried,personal,west,47764.45,0,0
53,89151.16,593.0,24,12233.85,5,48,0.137,3210.1,1841.37,24,133.75,0.641,unemployed,personal,south,56633.95,1,0
40,50881.26,620.0,34,991.68,9,48,0.019,1613.09,9930.73,29,55.62,0.576,self_employed,home,central,57228.65,0,0
32,70994.27,515.0,11,7925.9,4,48,0.112,3548.41,29558.38,29,122.36,0.865,salaried,personal,north,42851.2,0,0
21,26996.35,591.0,25,55112.45,3,12,2.041,967.21,1219.69,20,48.36,0.804,salaried,business,north,22687.76,0,0
46,45611.19,631.0,4,1719.28,2,48,0.038,1912.54,1523.81,32,59.77,0.611,salaried,personal,west,43809.93,0,0
34,54288.14,675.0,18,2723.17,2,48,0.05,1878.14,2107.49,25,75.13,0.586,salaried,auto,west,54066.3,0,0
58,86131.86,665.0,26,20582.77,3,36,0.239,4857.41,38003.52,22,220.79,0.525,contract,personal,west,62363.48,0,0
57,73584.15,546.0,28,8858.39,0,36,0.12,3064.96,42553.64,30,102.17,0.547,salaried,home,central,46575.85,0,0
31,45405.36,686.0,11,6104.88,5,24,0.134,1069.71,114.03,28,38.2,0.887,salaried,auto,east,51103.39,0,0
56,62509.67,660.0,18,7444.33,5,24,0.119,1449.99,20231.33,32,45.31,0.522,self_employed,home,south,50953.52,0,0
33,95363.97,772.0,8,3152.34,4,24,0.033,3436.4,50247.28,26,132.17,0.359,salaried,auto,north,65039.95,0,0
63,49513.72,523.0,17,17399.19,4,48,0.351,1872.44,6846.05,38,49.27,0.908,contract,auto,central,29686.22,1,0
23,47146.3,638.0,28,12307.93,6,12,0.261,1055.65,2763.44,23,45.9,0.605,self_employed,home,east,44171.86,0,0
53,23147.29,738.0,2,9256.73,0,48,0.4,1304.39,301.69,19,68.65,0.578,salaried,home,west,41217.59,0,0
26,47782.63,625.0,22,24160.22,4,12,0.506,2004.05,18611.86,25,80.16,0.877,self_employed,auto,west,36422.13,1,0
30,24764.53,572.0,29,7767.11,3,12,0.314,1081.23,1568.12,31,34.88,0.903,salaried,auto,central,40854.98,0,0
25,51459.45,581.0,23,6454.69,7,24,0.125,2469.63,16524.22,29,85.16,0.385,salaried,home,central,45459.27,1,0
43,84513.01,717.0,3,33453.07,3,36,0.396,2526.88,1396.92,24,105.29,0.537,contract,auto,south,48350.16,0,0
30,20871.97,518.0,27,2076.21,4,48,0.099,889.61,4183.94,23,38.68,0.371,salaried,home,west,42372.01,0,0
64,94409.22,622.0,15,1378.03,4,12,0.015,2843.53,2215.19,31,91.73,0.772,salaried,auto,central,59222.42,0,0
22,46695.34,576.0,12,1593.67,3,24,0.034,1780.82,725.63,28,63.6,0.747,salaried,home,east,47300.72,0,0
33,53518.13,582.0,7,40957.85,3,36,0.765,2512.76,27979.84,28,89.74,0.745,self_employed,personal,west,35739.87,1,0
60,43213.62,688.0,24,9506.47,3,36,0.22,1324.96,4677.33,26,50.96,0.587,salaried,auto,west,42655.32,0,0
22,25060.38,616.0,1,3286.55,3,36,0.131,1444.71,6752.77,30,48.16,0.282,salaried,home,central,36960.86,0,1
40,38088.01,670.0,29,2576.88,6,24,0.068,1259.6,2243.95,22,57.25,0.257,contract,business,north,55419.98,0,0
21,139223.32,544.0,2,524.75,4,36,0.004,4662.51,50252.65,25,186.5,0.791,self_employed,home,central,59994.95,0,0
57,33083.16,721.0,22,1273.53,4,24,0.038,1958.99,12775.0,31,63.19,0.776,self_employed,personal,west,54894.84,0,1
29,26506.78,668.0,28,21490.6,6,36,0.811,982.07,1174.08,24,40.92,0.402,unemployed,business,south,40911.88,1,0
37,57732.81,755.0,29,12381.43,10,24,0.214,1531.22,3019.2,31,49.39,0.764,salaried,auto,west,54804.45,0,0
29,52125.03,615.0,10,25557.75,4,12,0.49,2014.55,25842.33,32,62.95,0.435,salaried,auto,west,35294.04,1,0
31,46840.41,688.0,20,4960.63,4,36,0.106,1637.56,10828.47,32,51.17,0.81,self_employed,home,south,55759.0,0,0
35,54529.74,717.0,26,8274.5,4,36,0.152,2261.02,27578.91,27,83.74,0.728,salaried,home,east,61121.11,0,0
44,72394.9,687.0,23,5949.1,1,24,0.082,3356.32,10045.66,27,124.31,0.939,salaried,personal,west,58529.6,0,1
58,41596.71,794.0,30,19186.88,2,36,0.461,1437.98,10594.99,27,53.26,0.816,self_employed,home,north,58855.68,0,0
55,59129.46,509.0,29,42785.0,4,60,0.724,2984.11,24094.04,33,90.43,0.846,salaried,home,west,33409.38,1,0
50,85883.21,665.0,0,24297.42,2,36,0.283,2872.71,1390.27,21,136.8,0.79,salaried,home,west,44872.21,0,0
51,34617.69,616.0,0,8202.98,7,24,0.237,1930.89,7814.14,21,91.95,0.662,salaried,home,south,36549.11,0,0
25,19053.73,609.0,7,574.15,5,24,0.03,1160.77,6043.72,27,42.99,0.791,salaried,personal,south,39703.31,0,0
64,73266.87,777.0,33,8649.87,2,48,0.118,1568.15,1171.79,25,62.73,0.827,salaried,home,east,70123.51,0,0
34,167097.57,597.0,15,918.77,3,36,0.005,4291.94,77069.36,39,110.05,0.252,self_employed,personal,west,79071.64,0,0
31,53997.36,722.0,26,1345.08,2,24,0.025,2272.52,2389.44,35,64.93,0.443,salaried,personal,east,62276.7,0,0
29,59329.95,560.0,3,1911.44,6,36,0.032,2776.18,32917.32,16,173.51,0.771,salaried,auto,east,44346.35,1,0
54,47424.12,737.0,18,4065.84,3,48,0.086,2787.32,2754.21,32,87.1,0.896,salaried,home,west,54528.66,0,0
32,110705.34,648.0,28,8063.68,3,48,0.073,5214.67,6000.35,27,193.14,0.742,self_employed,auto,south,60908.62,0,0
55,52313.48,626.0,2,3652.16,3,12,0.07,2973.8,152.67,20,148.69,0.693,salaried,home,west,45208.06,1,0
55,49813.74,519.0,10,5417.71,3,24,0.109,2121.95,24802.49,30,70.73,0.686,self_employed,auto,west,35922.95,1,0
21,81624.82,626.0,7,435.99,3,48,0.005,4045.99,1379.44,23,175.91,0.766,salaried,auto,east,58684.55,1,0
60,43567.95,592.0,32,8702.52,6,36,0.2,2584.15,17365.31,31,83.36,0.862,salaried,auto,central,48515.92,0,0
42,30390.58,799.0,7,9631.06,7,60,0.317,1491.0,12404.47,27,55.22,0.774,salaried,auto,west,42794.47,0,0
49,80582.37,654.0,24,942.15,4,24,0.012,3299.38,19651.51,30,109.98,0.865,contract,education,east,59383.76,0,0
28,41514.74,599.0,23,13838.96,2,60,0.333,1890.44,5810.06,36,52.51,0.885,salaried,home,east,47374.35,0,0
31,34927.96,596.0,25,9383.31,8,36,0.269,1353.88,1436.47,35,38.68,0.507,self_employed,education,east,51264.46,0,0
61,139388.69,534.0,25,6055.33,5,60,0.043,3775.4,4963.02,32,117.98,0.733,salaried,personal,north,65418.13,1,0
57,49992.66,779.0,16,7243.95,3,36,0.145,2645.77,21404.55,22,120.26,0.68,self_employed,home,south,53854.9,0,0
34,67670.24,757.0,26,6293.32,7,36,0.093,2578.39,16058.56,20,128.92,0.683,contract,home,north,62279.09,0,0
50,54901.05,644.0,28,497.64,1,36,0.009,1360.58,7169.36,27,50.39,0.772,self_employed,business,north,54767.06,0,0
55,36357.52,835.0,8,11957.31,3,12,0.329,1823.9,4148.11,38,48.0,0.856,salaried,auto,south,50122.76,0,0
41,73883.52,649.0,13,6453.47,4,12,0.087,3891.34,12858.29,30,129.71,0.716,contract,personal,east,51958.58,0,0
57,62414.98,743.0,4,1707.64,3,48,0.027,1574.09,30206.27,29,54.28,0.7,self_employed,personal,west,52958.13,0,0
25,40266.66,698.0,29,10275.49,5,24,0.255,1603.74,4338.91,26,61.68,0.96,salaried,auto,north,46745.25,0,0
39,65836.89,601.0,27,10688.93,4,36,0.162,2691.85,1790.86,34,79.17,0.816,contract,home,south,54235.59,0,0
34,42983.02,666.0,7,2161.41,4,24,0.05,1315.48,17106.88,17,77.38,0.672,contract,home,east,46097.12,0,0
46,32957.6,682.0,14,14328.59,5,24,0.435,1784.07,16855.85,28,63.72,0.699,salaried,personal,west,40517.16,1,0
24,31490.77,539.0,27,5487.61,2,36,0.174,1352.47,9981.15,32,42.26,0.399,salaried,education,south,41746.95,0,0
45,61176.99,674.0,32,1792.75,4,24,0.029,2733.4,2536.12,25,109.34,0.651,salaried,home,west,56970.79,0,0
62,45604.93,747.0,5,9646.51,4,48,0.212,1630.33,14417.09,36,45.29,0.727,salaried,personal,central,48792.63,0,0
45,106485.79,591.0,11,8173.27,0,36,0.077,3307.72,4890.84,26,127.22,0.441,salaried,auto,east,47200.28,0,0
38,53139.13,632.0,6,1681.37,5,48,0.032,2883.18,25273.72,28,102.97,0.538,salaried,business,west,47263.29,0,0
60,38050.08,556.0,27,18526.09,5,24,0.487,1637.61,18006.26,20,81.88,0.533,salaried,home,south,32168.78,1,0
28,58163.77,609.0,6,17350.34,3,36,0.298,1795.53,2598.72,34,52.81,0.607,salaried,education,north,37124.18,0,0
59,30259.93,616.0,0,16284.43,3,24,0.538,1167.66,14802.59,23,50.77,0.726,self_employed,personal,east,43238.72,0,0
60,52163.64,784.0,23,4585.86,5,24,0.088,2294.75,2527.11,29,79.13,0.785,salaried,home,south,59665.52,0,0
34,62543.97,623.0,18,15667.34,4,24,0.25,2749.74,32580.3,30,91.66,0.692,salaried,home,south,41491.96,0,0
52,59163.05,605.0,31,16767.09,3,12,0.283,2607.45,1721.0,34,76.69,0.617,salaried,home,east,47523.63,1,0
58,97368.69,642.0,29,50999.09,1,48,0.524,2714.59,52084.84,20,135.73,0.65,salaried,education,north,51088.79,1,0
53,174360.92,505.0,0,28446.44,5,60,0.163,7663.62,11039.61,24,319.32,0.702,salaried,home,central,60730.09,1,0
43,73286.29,450.0,31,4343.75,7,24,0.059,2582.57,16652.09,26,99.33,0.664,salaried,auto,west,52270.98,1,0
35,92084.17,533.0,19,1988.11,2,48,0.022,4094.24,51184.98,35,116.98,0.71,contract,education,south,53424.13,0,0
53,170170.85,678.0,20,3113.68,6,48,0.018,8270.93,44309.51,43,192.35,0.835,self_employed,personal,north,79277.45,0,0
45,34447.73,650.0,18,6144.87,4,12,0.178,1048.45,17949.98,24,43.69,0.723,contract,home,north,49215.24,0,0
37,57456.44,724.0,29,14733.95,4,60,0.256,1485.77,19602.46,36,41.27,0.941,contract,auto,west,58456.53,0,0
53,43691.18,521.0,27,11553.12,7,48,0.264,2010.52,740.42,30,67.02,0.504,salaried,personal,south,43908.68,1,0
22,79157.59,633.0,31,13948.34,4,48,0.176,3934.84,606.8,27,145.73,0.569,unemployed,auto,south,60181.67,0,0
34,61219.96,515.0,29,4301.25,2,60,0.07,3484.25,25975.53,25,139.37,0.68,self_employed,home,west,54348.7,0,0
60,37485.35,673.0,22,2552.07,0,24,0.068,1165.17,5617.13,29,40.18,0.825,salaried,home,north,46518.15,0,0
60,54443.92,533.0,26,219.83,3,48,0.004,1415.41,19302.43,34,41.63,0.546,salaried,auto,south,40439.91,0,0
59,86778.59,629.0,25,8855.92,7,60,0.102,5327.7,21504.71,27,197.32,0.781,contract,auto,east,53755.03,0,0
26,30131.42,668.0,2,14264.36,3,24,0.473,677.97,1231.39,22,30.82,0.904,salaried,auto,east,34878.63,1,0
26,37842.76,617.0,30,19795.42,3,12,0.523,1444.62,14406.53,32,45.14,0.994,salaried,personal,central,47418.75,0,0
23,35373.78,458.0,1,5820.46,3,12,0.165,1464.18,13180.0,28,52.29,0.856,self_employed,auto,south,32013.99,1,0
27,62747.78,791.0,9,23635.63,3,24,0.377,3165.48,20024.05,29,109.15,0.95,self_employed,personal,west,46061.85,0,0
28,94677.55,608.0,18,2035.47,3,48,0.021,5172.81,39725.28,31,166.86,0.742,self_employed,home,west,69977.57,0,0
62,21930.19,513.0,30,6500.92,1,48,0.296,966.4,9519.34,48,20.13,0.982,contract,personal,south,36981.84,0,0
35,56527.32,715.0,28,2164.53,5,24,0.038,1245.65,8036.81,38,32.78,0.308,self_employed,education,south,61850.76,0,0
49,35742.68,718.0,24,1875.13,3,36,0.052,2231.16,1307.16,34,65.62,0.597,salaried,personal,central,59444.35,0,0
53,85172.27,624.0,31,27593.1,6,24,0.324,4044.93,2355.79,29,139.48,0.416,salaried,home,north,48575.0,0,0
50,48696.59,781.0,16,15320.92,3,48,0.315,2701.81,15563.79,36,75.05,0.756,self_employed,education,central,53730.69,0,0
59,57457.64,587.0,22,106.83,5,48,0.002,2189.54,27611.61,24,91.23,0.782,unemployed,home,west,56383.36,1,0
47,54143.78,665.0,17,2814.08,6,48,0.052,1245.82,2980.03,26,47.92,0.775,self_employed,auto,east,53712.6,0,0
56,89850.14,693.0,10,2066.25,2,36,0.023,2181.4,1861.63,32,68.17,0.857,contract,auto,south,62086.03,0,0
49,136200.62,779.0,19,1432.38,4,48,0.011,7213.49,5597.16,22,327.89,0.77,salaried,home,east,77187.32,0,0
58,32513.17,485.0,12,10758.46,3,48,0.331,965.27,11316.77,19,50.8,0.636,salaried,education,central,30861.23,1,0
53,35289.82,845.0,23,7529.79,4,36,0.213,1994.35,1966.3,30,66.48,0.902,salaried,education,west,60653.45,0,0
57,62609.61,750.0,19,5445.15,6,48,0.087,1962.76,1302.57,25,78.51,0.959,contract,business,south,56360.96,0,0
47,37519.61,688.0,27,1890.9,5,24,0.05,1186.85,870.37,27,43.96,0.779,unemployed,home,central,53765.28,0,0
53,82463.64,582.0,34,2926.81,5,48,0.035,2054.25,1184.44,35,58.69,0.591,salaried,home,east,52897.91,0,0
24,88641.27,575.0,20,3961.92,6,36,0.045,2365.44,3963.31,21,112.64,0.82,contract,home,north,50574.63,0,0
42,42363.43,674.0,5,13854.28,0,48,0.327,1107.06,1328.34,20,55.35,0.669,self_employed,auto,east,36846.02,0,0
22,38422.87,692.0,6,40745.08,1,48,1.06,868.0,692.99,42,20.67,0.485,salaried,home,west,28959.03,1,0
30,47875.03,681.0,28,1829.82,1,24,0.038,1469.78,2142.84,16,91.86,0.732,contract,auto,south,52643.91,0,0
25,56772.55,664.0,22,3760.43,5,24,0.066,1235.95,29212.03,32,38.62,0.843,contract,personal,central,53977.87,0,0
30,62422.23,687.0,4,2959.06,7,24,0.047,3130.25,26286.93,26,120.39,0.936,salaried,business,central,57953.75,0,0
53,19657.86,464.0,21,405.61,8,24,0.021,914.31,1153.1,35,26.12,0.948,salaried,personal,east,32682.03,1,0
58,35054.0,627.0,8,2227.14,4,12,0.064,981.78,1211.94,22,44.63,0.909,salaried,auto,north,42373.34,0,0
33,45168.5,532.0,31,20869.71,4,60,0.462,2563.62,26026.06,30,85.45,0.781,salaried,auto,central,40219.7,0,0
51,37848.81,647.0,9,16655.46,7,12,0.44,1239.03,16045.05,29,42.73,0.581,salaried,home,east,40572.06,1,0
56,15000.0,761.0,27,1650.95,2,48,0.11,647.3,4045.6,20,32.36,0.491,salaried,home,north,54684.95,0,0
44,23161.17,573.0,10,4103.67,3,36,0.177,1265.2,360.49,28,45.19,0.824,self_employed,personal,north,42422.17,1,0
35,30109.28,590.0,6,3350.05,2,60,0.111,1090.42,1642.06,29,37.6,0.683,salaried,home,north,36755.81,0,0
49,51437.47,578.0,29,1438.78,6,60,0.028,1609.65,1182.33,22,73.17,0.586,salaried,business,west,50978.76,0,0
28,44520.68,589.0,33,8760.71,3,48,0.197,2524.08,2234.74,24,105.17,0.391,self_employed,auto,east,45763.17,1,0
25,40773.76,697.0,27,7333.72,4,36,0.18,975.27,15555.35,35,27.86,0.834,salaried,auto,west,54314.43,0,0
49,77530.89,717.0,31,5011.69,4,36,0.065,3716.44,994.9,37,100.44,0.896,salaried,home,north,58761.56,0,0
24,77517.59,775.0,15,17410.18,4,60,0.225,4323.74,32385.44,26,166.3,0.773,salaried,home,south,55903.41,0,0
32,57957.39,565.0,0,8701.42,4,24,0.15,2922.46,3198.79,31,94.27,0.857,salaried,education,east,41074.91,1,0
22,57185.41,708.0,33,2701.12,5,36,0.047,2083.09,3016.57,25,83.32,0.97,salaried,personal,north,56783.87,0,0
47,36846.02,722.0,22,4211.4,7,24,0.114,2227.36,17922.99,26,85.67,0.652,contract,auto,central,56889.79,0,1
51,38884.6,791.0,19,1464.33,5,36,0.038,1030.2,19619.37,26,39.62,0.76,self_employed,personal,north,57435.08,0,0
56,25123.47,571.0,17,8054.58,10,36,0.321,1268.24,10002.51,28,45.29,0.732,salaried,personal,east,35073.35,0,0
56,48395.49,480.0,17,7950.69,3,36,0.164,2456.23,27248.13,27,90.97,0.679,contract,home,central,33476.69,0,0
46,77155.92,626.0,20,18374.71,2,24,0.238,3576.01,44787.62,23,155.48,0.77,salaried,education,south,52460.96,0,0
63,99652.9,850.0,7,17430.03,6,24,0.175,4092.5,46666.45,28,146.16,0.639,salaried,auto,west,62750.79,0,0
47,48525.71,557.0,33,16322.85,1,60,0.336,2936.44,5705.85,20,146.82,0.683,self_employed,personal,south,46798.85,1,0
25,67592.41,691.0,10,7165.64,8,12,0.106,2721.59,460.39,29,93.85,0.689,contract,home,west,56267.67,0,1
40,15000.0,462.0,9,9500.49,2,24,0.633,520.68,3981.82,23,22.64,0.686,self_employed,auto,east,27670.68,0,1
31,44586.32,804.0,7,13446.6,8,24,0.302,1885.47,11269.67,33,57.14,0.866,salaried,education,east,54614.87,0,0
30,44118.61,490.0,7,865.47,3,24,0.02,2391.47,4548.85,22,108.7,0.428,salaried,business,south,42680.39,1,0
60,105982.13,447.0,18,3217.77,9,36,0.03,2927.82,457.89,32,91.49,0.375,salaried,personal,central,49027.56,1,0
58,64654.96,658.0,0,1667.1,4,60,0.026,2345.1,1061.56,24,97.71,0.65,unemployed,auto,west,48460.69,1,0
26,67671.13,660.0,2,6447.15,3,48,0.095,3004.78,12685.85,12,250.4,0.772,self_employed,home,central,57620.02,0,0
28,66108.18,771.0,31,16363.0,6,24,0.248,3699.44,3673.0,29,127.57,0.713,contract,personal,west,64638.41,0,1
43,55295.63,722.0,15,2360.61,6,12,0.043,2074.35,3253.53,26,79.78,0.472,self_employed,auto,west,56985.24,0,0
46,107965.22,480.0,29,11814.17,4,36,0.109,4725.66,63855.21,33,143.2,0.753,self_employed,home,east,60422.09,1,0
63,19199.21,637.0,27,4685.22,2,48,0.244,497.97,9427.97,32,15.56,0.608,unemployed,education,south,44775.69,1,1
32,57860.76,591.0,27,21004.35,3,24,0.363,1432.33,2703.96,27,53.05,0.867,self_employed,auto,east,46666.18,0,0
46,90076.2,537.0,15,8870.52,3,24,0.098,2677.54,5081.66,29,92.33,0.551,salaried,auto,central,54706.19,0,0
33,23129.7,687.0,32,33777.12,3,36,1.46,1142.64,5028.0,41,27.87,0.858,salaried,home,west,35033.64,0,0
60,78988.93,739.0,24,2537.33,3,24,0.032,2343.74,26241.36,30,78.12,0.758,salaried,auto,west,65607.17,0,0
38,38463.94,582.0,17,23188.27,3,12,0.603,2207.4,13876.44,32,68.98,0.482,salaried,business,west,34975.01,1,0
45,56920.86,622.0,25,3975.28,1,24,0.07,3317.41,20120.46,22,150.79,0.775,self_employed,business,south,46467.68,0,0
53,38133.11,627.0,5,8754.98,2,24,0.23,1216.23,10314.2,32,38.01,0.854,self_employed,auto,central,43353.14,0,0
60,83417.91,594.0,2,1725.98,6,24,0.021,2103.75,48869.12,23,91.47,0.947,self_employed,business,south,49855.86,0,0
63,47583.3,614.0,5,12835.99,2,48,0.27,1806.76,9768.68,30,60.23,0.638,contract,personal,south,38327.48,0,0
32,79269.49,594.0,13,34453.45,7,36,0.435,4272.94,11768.09,25,170.92,0.679,self_employed,personal,south,42553.09,1,0
64,65900.31,661.0,17,13936.19,6,24,0.211,1669.06,2953.49,26,64.19,0.577,salaried,home,south,45803.4,0,0
56,37903.3,600.0,15,8609.25,2,36,0.227,946.38,20945.59,32,29.57,0.676,contract,education,south,41879.68,0,0
24,67903.08,686.0,23,5351.35,8,24,0.079,2107.07,39490.36,31,67.97,0.966,salaried,home,west,57523.27,0,0
25,40190.82,600.0,12,3811.33,2,36,0.095,1997.3,1953.62,29,68.87,0.756,self_employed,auto,south,39519.9,1,0
57,55762.54,705.0,0,4887.24,6,24,0.088,2031.46,13508.3,26,78.13,0.833,contract,personal,south,54332.43,0,0
28,47194.5,598.0,13,3581.33,4,60,0.076,2431.91,23236.3,21,115.81,0.888,self_employed,personal,central,48220.7,0,0
62,81223.54,701.0,16,16092.23,3,24,0.198,3062.12,37555.05,33,92.79,0.872,salaried,home,north,58586.3,0,0
48,69088.6,578.0,12,20123.69,9,48,0.291,1666.87,1751.68,31,53.77,0.406,salaried,auto,east,43012.85,0,0
51,53432.55,725.0,12,26900.18,4,24,0.503,3336.33,4310.35,33,101.1,0.596,salaried,personal,south,42325.25,0,0
29,39792.34,499.0,8,4877.17,6,48,0.123,1958.21,2050.96,19,103.06,0.91,salaried,auto,west,32452.79,0,0
49,30606.08,650.0,5,7111.27,3,24,0.232,1442.65,6035.23,24,60.11,0.764,contract,personal,north,40956.49,1,0
34,57586.61,602.0,5,7741.22,8,12,0.134,2383.96,4928.73,33,72.24,0.924,salaried,education,west,42861.83,0,0
60,40760.51,646.0,29,9476.42,3,12,0.232,990.37,24143.17,25,39.61,0.675,salaried,auto,central,45064.33,0,0
61,23269.57,549.0,13,22.13,4,12,0.001,1439.99,12962.89,23,62.61,0.831,self_employed,home,east,37374.08,1,0
42,29776.87,633.0,3,16645.81,2,24,0.559,1198.23,13665.43,32,37.44,0.655,salaried,personal,north,37325.17,1,0
31,112605.28,556.0,33,2809.5,5,36,0.025,2539.94,6660.52,22,115.45,0.589,unemployed,education,east,66003.92,1,0
43,40255.85,630.0,1,5750.73,4,36,0.143,1414.43,1768.47,21,67.35,0.684,self_employed,auto,east,43813.76,0,0
21,88165.7,622.0,16,16581.88,5,24,0.188,1957.7,35548.68,23,85.12,0.904,salaried,auto,north,54323.01,1,0
57,46143.33,678.0,13,51860.76,2,60,1.124,1935.67,7518.28,28,69.13,0.6,salaried,education,central,34221.48,0,0
41,94637.58,656.0,16,14257.59,7,12,0.151,4945.2,2707.5,30,164.84,0.835,contract,home,west,56769.71,0,0
46,91603.41,810.0,29,226.32,3,36,0.002,5562.06,5307.61,31,179.42,0.87,unemployed,home,west,72159.13,0,0
56,37363.03,607.0,28,4140.54,1,48,0.111,2091.38,112.91,21,99.59,0.532,salaried,personal,east,47940.63,0,0
43,22145.97,639.0,6,2555.73,2,60,0.115,711.58,6472.33,29,24.54,0.943,unemployed,auto,central,38574.7,0,0
21,23005.9,850.0,8,29951.12,2,24,1.302,811.95,825.1,23,35.3,0.323,self_employed,home,west,38716.21,0,0
60,37650.53,631.0,22,2761.53,6,36,0.073,1599.75,1971.27,26,61.53,0.755,salaried,home,central,46374.95,0,0
35,126796.09,731.0,13,25837.8,6,24,0.204,6260.67,54398.49,21,298.13,0.453,unemployed,personal,east,59440.12,0,1
41,45037.33,699.0,19,24955.82,3,12,0.554,2320.09,3516.86,25,92.8,0.509,unemployed,home,east,47573.59,1,0
29,57835.6,848.0,16,16460.12,1,36,0.285,3252.2,13817.39,24,135.51,0.633,contract,personal,north,54948.96,0,0
29,97392.22,528.0,31,928.98,5,36,0.01,2940.65,8987.78,35,84.02,0.601,salaried,auto,south,59980.85,0,0
30,56933.81,519.0,24,17.97,6,24,0.0,1451.15,31879.13,26,55.81,0.511,self_employed,personal,east,48362.19,1,0
46,56058.49,555.0,29,14213.81,2,24,0.254,1582.64,23598.61,31,51.05,0.888,unemployed,business,west,44796.51,0,1
61,71696.59,665.0,26,16680.75,2,24,0.233,4311.93,11831.92,30,143.73,0.89,salaried,business,south,54462.62,0,0
55,61699.83,565.0,26,29474.66,2,36,0.478,1625.7,629.4,22,73.9,0.486,salaried,auto,west,43064.31,1,0
45,51804.89,469.0,30,2217.51,6,36,0.043,1767.7,475.42,29,60.96,0.501,salaried,home,west,44680.49,0,0
46,39157.52,571.0,25,11889.5,3,48,0.304,1135.2,1240.21,36,31.53,0.706,salaried,education,west,40832.97,0,0
31,56124.07,681.0,13,6588.2,5,24,0.117,1428.19,9647.4,27,52.9,0.757,salaried,personal,west,54110.77,0,0
58,88652.54,573.0,20,3583.93,5,48,0.04,3792.7,5151.92,32,118.52,0.802,contract,education,east,55344.19,0,0
22,120801.27,747.0,27,8389.29,3,36,0.069,4426.36,29925.4,27,163.94,0.842,salaried,business,east,70468.91,0,0
27,61791.71,554.0,14,7150.63,6,36,0.116,3158.08,36819.75,21,150.38,0.788,salaried,home,south,46481.0,1,0
38,76101.44,651.0,29,3111.54,3,24,0.041,2830.03,39532.4,22,128.64,0.622,self_employed,home,west,61329.3,0,0
47,61167.96,617.0,24,2813.46,4,24,0.046,2690.39,33357.24,31,86.79,0.541,salaried,home,south,50609.15,0,0
54,52088.62,666.0,10,5999.95,2,12,0.115,2866.27,12789.73,35,81.89,0.744,contract,auto,south,50679.28,0,0
47,68282.97,675.0,10,5782.71,5,36,0.085,2923.36,6174.78,23,127.1,0.609,salaried,auto,south,51480.86,0,0
37,92521.82,785.0,27,3236.51,4,48,0.035,3613.64,46901.15,28,129.06,0.805,salaried,education,north,73781.81,0,1
63,36356.82,709.0,4,2755.44,4,36,0.076,957.63,833.43,36,26.6,0.497,self_employed,business,east,42719.28,0,0
64,28194.2,614.0,27,27772.37,6,24,0.985,1244.52,7894.66,28,44.45,0.732,contract,business,west,35078.72,0,0
44,42622.87,702.0,7,17848.71,3,48,0.419,1063.98,4479.51,30,35.47,0.399,self_employed,home,central,43287.47,0,0
45,59590.29,714.0,25,15273.57,3,12,0.256,1501.9,3238.1,24,62.58,0.812,self_employed,personal,west,57124.71,0,0
27,80132.94,824.0,5,2170.44,7,24,0.027,3175.88,41969.18,39,81.43,0.772,self_employed,auto,central,66758.35,0,0
26,34707.86,637.0,31,1888.62,5,12,0.054,1474.22,346.48,24,61.43,0.895,salaried,business,east,43262.34,0,0
44,17679.14,643.0,31,14914.85,7,24,0.844,918.23,6008.8,30,30.61,0.751,salaried,auto,south,35753.34,0,0
53,43077.16,762.0,11,1837.51,6,24,0.043,1716.85,6711.16,24,71.54,0.82,salaried,auto,east,56924.73,0,0
49,49649.25,480.0,5,6302.2,2,36,0.127,2319.89,1580.94,35,66.28,0.441,contract,personal,south,38203.34,1,0
63,32111.74,633.0,12,2252.57,5,12,0.07,1899.7,18829.84,27,70.36,0.698,salaried,auto,east,43204.43,0,0
42,38551.84,709.0,33,4274.35,4,12,0.111,2313.14,5923.27,39,59.31,0.802,self_employed,business,west,57437.2,0,0
46,80039.66,739.0,22,17283.76,2,36,0.216,2547.63,4631.35,26,97.99,0.773,salaried,home,south,48084.39,0,0
48,56114.75,462.0,16,19982.28,4,48,0.356,2235.56,9403.99,26,85.98,0.896,self_employed,education,central,34751.1,1,0
41,63293.0,536.0,0,51368.08,6,36,0.812,2719.32,3739.69,25,108.77,0.798,contract,auto,west,19791.66,1,0
27,46163.42,438.0,6,25926.26,5,24,0.562,1821.48,3110.19,23,79.19,0.862,salaried,home,west,27402.4,1,0
37,38586.21,724.0,12,10012.14,4,36,0.259,2352.77,1613.59,29,81.13,0.833,salaried,home,central,45530.29,0,0
40,46013.76,667.0,13,5086.36,1,24,0.111,1515.25,496.2,23,65.88,0.505,self_employed,auto,central,40319.71,0,0
61,67812.11,771.0,16,534.81,4,24,0.008,2879.88,33074.74,31,92.9,0.89,contract,business,north,61533.16,0,0
40,27692.2,652.0,29,8432.26,4,36,0.304,721.98,8124.84,26,27.77,0.887,salaried,auto,south,43511.61,0,0
42,113843.12,840.0,33,2129.26,5,36,0.019,5359.43,2462.22,16,334.96,0.757,salaried,education,south,84339.74,0,0
48,70170.71,570.0,26,17082.26,3,36,0.243,2421.39,28166.17,29,83.5,0.789,salaried,home,north,48033.42,0,0
60,42567.82,619.0,24,7164.57,3,12,0.168,2315.61,3231.08,34,68.11,0.685,contract,personal,central,48730.33,0,0
27,78122.49,685.0,34,11901.49,3,24,0.152,2051.93,3312.44,28,73.28,0.817,self_employed,personal,central,60772.2,0,1
21,93906.71,589.0,8,10073.79,5,12,0.107,5398.81,18431.28,28,192.81,0.865,salaried,home,north,52505.92,0,0
52,46692.92,685.0,5,3840.17,2,36,0.082,1809.53,24136.05,32,56.55,0.772,salaried,auto,central,46664.96,0,0
33,49145.32,641.0,25,12809.84,7,48,0.261,1857.94,21626.68,29,64.07,0.658,salaried,auto,north,51933.32,0,0
50,106092.16,636.0,26,16685.12,2,36,0.157,5584.95,56124.57,31,180.16,0.657,contract,education,north,57626.49,0,0
43,140580.96,639.0,30,12267.79,4,60,0.087,4698.94,17876.82,23,204.3,0.861,self_employed,personal,central,68422.08,0,0
39,54898.76,710.0,2,13497.46,2,48,0.246,3105.1,5822.23,31,100.16,0.462,self_employed,home,west,50330.5,0,0
52,32170.45,621.0,23,4016.8,8,24,0.125,1042.01,1391.72,28,37.21,0.729,contract,auto,east,40482.31,0,0
50,43836.8,555.0,14,25891.62,3,60,0.591,2249.46,24296.23,39,57.68,0.874,salaried,education,north,36995.5,0,0
49,86237.21,656.0,5,4973.77,5,36,0.058,1997.33,4198.24,25,79.89,0.419,salaried,home,south,58704.91,0,0
49,34077.86,596.0,10,20461.63,5,60,0.6,1705.28,19272.11,30,56.84,0.684,self_employed,personal,east,28268.19,0,0
50,49329.25,565.0,29,17555.28,3,12,0.356,1567.5,1304.6,28,55.98,0.563,salaried,auto,west,41071.78,0,0
36,61800.28,503.0,34,1194.9,3,36,0.019,3159.58,764.05,36,87.77,0.62,salaried,auto,central,44910.99,0,0
60,35766.91,729.0,28,30504.46,4,60,0.853,1977.39,13546.24,25,79.1,0.845,salaried,home,east,38524.19,0,0
39,88733.75,706.0,22,50496.77,6,36,0.569,2478.83,23532.95,40,61.97,0.502,salaried,home,north,43770.06,1,0
38,74034.42,770.0,2,8385.99,4,60,0.113,2057.63,3434.31,35,58.79,0.629,unemployed,home,north,51167.87,0,0
21,133825.99,650.0,25,13755.29,4,60,0.103,6942.54,7907.06,26,267.02,0.524,contract,auto,south,59821.64,0,0
34,77007.45,742.0,13,24420.33,6,48,0.317,2149.51,29713.01,30,71.65,0.668,self_employed,auto,central,54324.26,0,0
22,35157.73,570.0,18,182.05,2,24,0.005,761.1,1965.4,24,31.71,0.93,salaried,auto,east,48755.94,0,0
48,68779.85,488.0,20,23932.06,8,48,0.348,1609.56,10537.57,16,100.6,0.845,salaried,auto,central,31928.58,0,0
50,84508.7,586.0,20,8884.43,7,48,0.105,1852.47,35065.47,30,61.75,0.772,salaried,home,south,56036.59,0,0
58,86488.39,632.0,8,15866.26,3,12,0.183,5072.01,18976.36,27,187.85,0.721,self_employed,personal,south,45565.2,0,0
24,38193.52,681.0,12,7002.9,4,24,0.183,2172.45,8984.09,32,67.89,0.832,salaried,personal,south,48190.88,0,0
21,36193.98,759.0,23,6805.67,3,48,0.188,1591.64,11534.55,31,51.34,0.871,salaried,education,north,51990.28,0,0
28,32440.51,677.0,10,20502.63,5,48,0.632,1368.36,6355.52,30,45.61,0.77,salaried,auto,east,41283.56,0,0
49,111538.98,842.0,28,6373.84,2,36,0.057,3457.14,6476.52,28,123.47,0.921,self_employed,home,north,74233.67,0,0
59,71703.55,660.0,16,5744.34,2,36,0.08,2985.72,3248.99,33,90.48,0.843,self_employed,personal,central,53789.28,0,0
23,37438.38,659.0,25,8432.78,3,60,0.225,2232.67,16674.28,29,76.99,0.953,salaried,personal,east,45619.37,1,0
52,57367.6,679.0,25,6578.95,5,36,0.115,2558.14,3849.68,24,106.59,0.803,salaried,home,east,56505.0,0,0
30,51243.33,682.0,11,5319.98,3,24,0.104,1188.9,2640.41,34,34.97,0.675,salaried,education,central,42724.95,0,0
30,34973.24,681.0,17,1791.81,2,36,0.051,782.53,10373.23,35,22.36,0.848,self_employed,home,north,43999.78,0,0
39,55065.73,545.0,8,4558.52,1,24,0.083,3146.51,8243.56,29,108.5,0.779,salaried,auto,east,42049.37,0,0
54,59030.7,722.0,2,2982.14,0,36,0.051,1763.47,17988.78,40,44.09,0.636,contract,personal,central,55569.03,0,0
53,129193.16,850.0,9,4604.4,2,36,0.036,2717.24,7417.54,36,75.48,0.519,contract,auto,north,77330.51,0,0
43,40333.62,575.0,1,8093.98,2,24,0.201,2090.23,4633.48,30,69.67,0.39,salaried,auto,east,38629.03,1,0
48,25103.69,646.0,7,8448.02,5,48,0.337,1379.96,9312.75,31,44.51,0.709,salaried,personal,central,32814.34,0,0
52,33791.71,533.0,17,2454.09,2,24,0.073,1107.1,9974.22,32,34.6,0.596,salaried,auto,west,36946.26,0,0
27,36254.13,714.0,30,794.35,3,12,0.022,2011.57,15394.99,36,55.88,0.623,self_employed,home,north,56788.11,0,0
49,44706.88,714.0,13,12278.6,2,24,0.275,2429.94,5390.24,26,93.46,0.698,self_employed,business,south,46684.3,0,0
28,33828.99,522.0,32,6767.88,4,48,0.2,1390.92,12363.05,30,46.36,0.934,self_employed,auto,central,42954.73,1,0
21,78429.46,538.0,28,5252.2,4,36,0.067,4700.97,40274.5,31,151.64,0.837,self_employed,education,central,50078.0,0,0
23,32786.93,473.0,32,1249.17,2,48,0.038,1836.97,1141.39,30,61.23,0.867,self_employed,home,east,35737.23,0,0
44,54666.59,783.0,34,4820.12,5,12,0.088,1206.18,26540.51,31,38.91,0.74,salaried,education,north,63474.07,0,0
43,133263.88,579.0,1,15342.42,4,24,0.115,7772.47,3934.9,26,298.94,0.571,salaried,home,north,54050.02,1,0
28,69501.65,639.0,34,7838.32,4,24,0.113,3015.17,9117.81,25,120.61,0.763,salaried,home,south,58868.21,0,0
57,66359.4,619.0,31,858.45,2,48,0.013,2678.38,2473.81,22,121.74,0.782,salaried,home,east,61730.68,0,0
23,124965.41,734.0,22,3634.91,7,36,0.029,7588.05,24246.91,25,303.52,0.379,self_employed,auto,south,76371.31,0,0
53,94896.52,706.0,4,35119.56,4,24,0.37,3103.11,5612.17,38,81.66,0.816,contract,personal,west,43573.32,0,0
48,69864.01,702.0,15,7077.38,1,48,0.101,2733.08,1237.18,22,124.23,0.419,unemployed,personal,west,55638.82,1,0
28,47106.81,581.0,23,3036.84,2,36,0.064,1341.82,20465.62,35,38.34,0.545,contract,personal,central,47118.78,1,0
54,53626.04,708.0,27,22022.75,1,36,0.411,3065.43,16682.9,32,95.79,0.817,salaried,education,west,55174.15,0,0
55,52465.61,729.0,24,3685.27,5,48,0.07,1240.99,13064.87,19,65.32,0.709,contract,personal,north,60600.23,0,0
52,45222.88,705.0,6,11780.91,4,36,0.261,971.47,14694.8,31,31.34,0.866,contract,education,central,46720.72,0,0
44,59600.33,540.0,6,1433.29,3,48,0.024,1618.6,11743.67,29,55.81,0.569,salaried,personal,east,45215.15,0,0
34,63439.15,554.0,21,1531.68,3,36,0.024,2995.79,1825.49,16,187.24,0.693,contract,home,west,48182.69,0,0
52,30943.47,798.0,21,7415.74,6,60,0.24,796.11,7351.21,25,31.84,0.732,self_employed,personal,central,52056.16,0,0
63,112918.22,815.0,26,2467.84,6,36,0.022,6684.07,44641.26,21,318.29,0.693,contract,auto,east,77204.93,0,0
36,65147.48,644.0,32,455.31,5,24,0.007,3198.91,28588.21,31,103.19,0.587,salaried,auto,south,59515.36,0,0
24,48134.17,644.0,31,23490.0,3,24,0.488,2372.38,22420.36,38,62.43,0.926,unemployed,personal,east,46739.36,1,0
57,59845.96,663.0,31,518.56,5,24,0.009,3672.08,2848.5,25,146.88,0.596,self_employed,education,west,57422.83,0,0
41,82344.42,699.0,0,11374.71,6,24,0.138,1912.53,18533.2,27,70.83,0.764,salaried,home,south,51838.2,0,0
34,28000.88,527.0,9,3644.5,3,36,0.13,1345.07,1055.42,27,49.82,0.789,contract,home,north,36033.21,1,0
51,51674.65,670.0,3,24395.65,5,12,0.472,3012.45,16207.68,37,81.42,0.769,self_employed,education,north,34632.8,1,0
38,31772.77,562.0,28,38452.02,2,48,1.21,1478.49,1243.09,26,56.86,0.806,salaried,auto,east,25737.66,0,0
27,179091.43,648.0,6,3677.54,3,60,0.021,7165.2,40349.43,25,286.61,0.332,salaried,home,north,79711.36,0,0
30,57652.2,575.0,5,8048.71,5,36,0.14,1256.42,755.17,27,46.53,0.898,salaried,education,north,49785.24,0,0
27,31888.94,595.0,10,13344.64,3,60,0.418,891.84,1406.49,34,26.23,0.699,contract,education,north,37771.5,0,0
53,273692.38,665.0,8,1185.44,3,36,0.004,16202.93,65507.35,25,648.12,0.721,salaried,auto,central,97179.67,0,0
43,42565.17,598.0,29,11124.2,6,24,0.261,2622.39,18918.39,25,104.9,0.499,self_employed,education,north,49721.89,0,0
41,49311.57,557.0,21,21299.07,4,48,0.432,2038.8,21219.27,32,63.71,0.894,self_employed,business,north,35443.74,0,0
39,50941.89,774.0,8,1769.64,5,60,0.035,2968.44,30366.13,25,118.74,0.602,contract,home,central,57635.02,0,0
39,36990.67,558.0,32,16420.97,6,36,0.444,1507.92,8584.01,30,50.26,0.713,self_employed,auto,central,35943.07,0,0
56,60555.07,454.0,25,1105.65,3,60,0.018,1663.18,25193.82,21,79.2,0.744,salaried,personal,east,39869.16,0,0
49,20033.62,698.0,15,7560.25,4,24,0.377,488.69,8455.28,28,17.45,0.624,contract,personal,central,49019.42,0,0
38,88314.03,625.0,8,3730.97,5,24,0.042,4904.46,4984.31,24,204.35,0.849,self_employed,auto,south,56381.6,0,0
22,32613.7,648.0,22,5743.09,3,48,0.176,1954.0,1008.85,26,75.15,0.613,salaried,personal,west,47965.82,1,0
21,44940.98,663.0,14,3218.21,3,24,0.072,1703.54,18228.08,28,60.84,0.674,salaried,business,central,49176.49,0,0
25,75976.84,758.0,18,2716.51,1,48,0.036,1984.53,34778.02,26,76.33,0.808,salaried,business,north,62436.01,0,0
40,49414.17,808.0,15,12232.99,5,24,0.248,2773.09,29345.91,24,115.55,0.794,contract,home,south,55361.34,0,0
31,50332.36,672.0,24,2272.15,6,36,0.045,1768.02,14409.89,34,52.0,0.851,self_employed,auto,east,49596.65,0,0
62,34357.14,550.0,34,4724.52,9,48,0.138,1413.28,5800.2,27,52.34,0.456,self_employed,home,central,49654.45,0,0
22,139112.98,662.0,12,2888.76,3,48,0.021,8655.15,51635.76,41,211.1,0.839,salaried,home,central,67221.62,0,0
23,68814.32,700.0,6,2453.78,5,60,0.036,3377.68,18700.02,31,108.96,0.391,salaried,auto,south,54025.58,0,0
43,33281.16,735.0,33,8877.91,4,24,0.267,1694.15,2559.51,31,54.65,0.508,salaried,personal,west,55960.88,0,0
32,58699.24,662.0,13,418.44,4,36,0.007,1910.94,16367.45,28,68.25,0.404,salaried,home,central,54646.8,0,0
40,32239.23,602.0,22,13998.76,2,60,0.434,1016.87,1363.04,25,40.67,0.716,salaried,auto,south,43186.79,1,0
25,117604.95,573.0,22,7111.56,3,12,0.06,3889.47,33667.15,31,125.47,0.888,salaried,personal,east,67288.44,0,0
57,59268.73,640.0,16,15865.26,5,36,0.268,2711.69,20830.51,28,96.85,0.439,salaried,auto,central,48769.75,0,0
58,34926.6,522.0,12,2155.93,7,12,0.062,2091.89,15075.24,33,63.39,0.803,salaried,home,north,45358.4,0,0
50,74155.23,684.0,26,11122.45,2,36,0.15,3662.41,23324.07,26,140.86,0.775,salaried,home,south,51880.92,0,0
29,47804.06,665.0,1,4911.61,5,12,0.103,1568.27,3637.12,27,58.08,0.813,self_employed,business,central,45112.14,0,0
54,30342.27,665.0,29,719.22,1,24,0.024,1443.6,12787.71,35,41.25,0.893,self_employed,personal,east,51467.15,0,0
64,64310.03,711.0,3,12566.24,3,36,0.195,1712.09,852.91,29,59.04,0.691,salaried,personal,west,50493.62,0,0
55,63498.96,773.0,29,12926.44,6,48,0.204,2452.5,27637.24,35,70.07,0.594,salaried,education,north,57397.71,0,0
42,90398.25,644.0,2,2843.71,7,36,0.031,5230.5,17893.49,27,193.72,0.61,contract,personal,central,59062.81,0,0
64,55771.96,657.0,13,22297.38,5,36,0.4,1740.38,1848.29,36,48.34,0.439,contract,education,north,46274.79,1,0
44,56850.32,619.0,10,12994.16,9,24,0.229,2506.42,3259.76,35,71.61,0.865,salaried,personal,central,41157.77,1,0
37,58224.4,697.0,22,3297.38,5,60,0.057,1399.76,10818.91,24,58.32,0.755,self_employed,business,south,56478.67,0,0
30,111065.72,649.0,31,2459.39,0,24,0.022,2719.12,6178.72,24,113.3,0.82,salaried,auto,west,67402.31,0,0
50,47120.66,748.0,2,5219.81,5,36,0.111,1117.01,1529.26,44,25.39,0.937,salaried,auto,west,48341.81,0,0
43,66920.11,746.0,0,3117.85,4,12,0.047,1979.41,3657.06,33,59.98,0.307,salaried,education,central,47728.48,0,0
52,71505.92,677.0,8,2201.87,5,48,0.031,2847.37,40407.71,32,88.98,0.776,unemployed,business,west,58763.08,0,0
37,63411.43,643.0,8,4583.95,2,24,0.072,3738.26,1145.57,23,162.53,0.641,self_employed,auto,east,48538.57,0,0
37,46325.27,627.0,11,234.36,9,24,0.005,1637.39,25267.36,29,56.46,0.897,salaried,auto,south,50424.86,0,0
34,57197.86,691.0,0,4618.62,2,24,0.081,2696.8,22957.32,26,103.72,0.74,salaried,education,south,51264.56,0,0
29,51940.49,691.0,15,2255.36,5,60,0.043,2285.31,17431.01,28,81.62,0.61,contract,auto,west,53812.45,0,0
60,130828.77,627.0,29,2762.81,4,48,0.021,3517.8,33366.62,27,130.29,0.439,self_employed,auto,east,73627.48,0,0
22,44090.79,675.0,7,775.45,4,36,0.018,1791.16,733.23,20,89.56,0.643,self_employed,personal,west,53302.25,0,0
45,35930.42,584.0,9,8000.96,3,12,0.223,958.08,903.79,23,41.66,0.644,self_employed,education,east,40660.56,1,0
59,54025.38,688.0,32,5748.09,2,60,0.106,1821.42,21565.12,25,72.86,0.604,self_employed,personal,west,64032.66,0,0
29,52338.41,591.0,21,12499.26,1,60,0.239,1310.16,12063.98,26,50.39,0.891,self_employed,education,north,44859.52,1,0
42,59194.24,716.0,15,39153.79,3,12,0.661,1767.32,13284.69,27,65.46,0.583,salaried,education,east,40322.23,0,0
63,44097.09,623.0,18,1145.74,6,36,0.026,1601.99,1480.03,15,106.8,0.892,salaried,auto,central,49417.37,0,0
24,56935.14,792.0,10,2862.34,3,60,0.05,2667.7,2633.85,32,83.37,0.691,salaried,auto,central,61880.5,0,0
46,57430.06,653.0,10,10324.2,7,36,0.18,1526.17,2152.93,16,95.39,0.877,contract,auto,north,49107.62,0,0
49,81445.99,670.0,13,2438.16,1,36,0.03,3715.17,15447.58,42,88.46,0.775,salaried,auto,central,57734.08,0,0
54,56491.92,531.0,25,275.5,7,24,0.005,1747.87,17252.4,27,64.74,0.943,contract,home,west,42284.64,0,0
43,56733.14,770.0,19,1046.85,6,48,0.018,1338.52,28420.35,37,36.18,0.693,self_employed,education,west,57130.41,0,0
57,68347.2,647.0,19,5116.52,3,60,0.075,4037.7,32777.56,23,175.55,0.941,contract,home,west,57836.45,0,0
31,80053.05,798.0,4,5071.47,4,36,0.063,1836.47,15144.92,31,59.24,0.552,salaried,education,south,59174.05,0,0
26,34799.07,654.0,0,32278.43,7,36,0.928,1945.92,1711.26,30,64.86,0.833,self_employed,business,south,32783.83,1,0
38,30836.54,632.0,10,5645.39,4,24,0.183,1566.64,7384.46,23,68.11,0.682,salaried,auto,south,41989.52,1,0
41,116188.11,607.0,9,10200.73,3,48,0.088,3828.08,1022.86,32,119.63,0.39,salaried,education,central,56793.82,0,0
62,74371.94,705.0,27,6099.03,5,24,0.082,3773.89,20128.82,29,130.13,0.723,salaried,personal,central,58196.68,0,0
56,49083.39,694.0,33,2831.39,1,48,0.058,1560.03,24551.48,25,62.4,0.468,salaried,auto,west,55701.09,0,0
61,54658.82,537.0,12,1002.92,7,24,0.018,2946.89,1136.09,25,117.88,0.575,salaried,auto,north,46897.76,0,0
58,45403.63,602.0,24,17635.68,9,12,0.388,1136.07,22306.48,32,35.5,0.683,salaried,business,east,40456.73,0,0
54,59580.07,711.0,22,1490.91,4,36,0.025,1321.2,34677.26,27,48.93,0.683,contract,home,north,62178.22,0,0
37,34984.95,595.0,11,917.23,6,36,0.026,930.37,14456.71,34,27.36,0.918,contract,home,south,43360.04,0,0
57,79068.92,581.0,1,2165.22,2,24,0.027,4015.82,40553.06,22,182.54,0.894,salaried,home,east,50504.08,0,0
45,58627.2,667.0,19,22.43,3,48,0.0,3585.04,29828.21,28,128.04,0.892,salaried,home,south,55800.82,0,0
58,59589.35,657.0,15,672.17,8,24,0.011,2862.57,187.74,22,130.12,0.662,contract,business,west,51411.72,0,0
32,36233.01,611.0,13,9075.57,1,36,0.25,2078.57,14640.61,32,64.96,0.785,self_employed,home,central,42170.04,0,0
43,68591.25,800.0,1,2512.04,2,36,0.037,1505.38,32040.77,29,51.91,0.596,unemployed,home,south,58815.79,0,0
62,36609.49,637.0,15,3719.37,7,24,0.102,1388.94,10163.93,28,49.6,0.692,salaried,education,east,49801.96,0,0
42,39677.2,542.0,3,16232.65,5,36,0.409,1778.28,2025.89,30,59.28,0.736,salaried,auto,east,29567.67,1,0
41,56355.2,512.0,12,13341.27,2,12,0.237,2125.69,22833.12,28,75.92,0.592,self_employed,auto,east,40708.68,1,0
47,167426.44,737.0,0,6099.86,4,24,0.036,8472.33,69851.9,30,282.41,0.597,salaried,auto,south,77487.36,0,0
51,58522.1,557.0,8,8543.43,0,24,0.146,1759.52,15014.29,29,60.67,0.206,self_employed,education,south,42818.93,0,0
26,17052.29,653.0,20,807.46,3,24,0.047,541.84,9081.95,30,18.06,0.724,self_employed,auto,west,47631.4,0,0
47,40573.66,576.0,17,12904.05,4,24,0.318,1702.64,972.85,32,53.21,0.757,salaried,home,east,37187.71,0,0
60,73694.11,641.0,31,6534.59,7,36,0.089,3575.36,7740.7,32,111.73,0.742,contract,personal,south,62843.91,0,0
54,32604.08,680.0,33,7615.62,8,36,0.234,856.46,6594.31,37,23.15,0.415,self_employed,business,north,47493.72,0,0
32,78747.05,534.0,19,9856.79,5,24,0.125,2625.73,19906.09,26,100.99,0.614,self_employed,education,east,48793.79,0,0
27,58190.03,611.0,1,6241.48,4,12,0.107,1893.38,26562.44,29,65.29,0.482,salaried,home,central,45589.3,1,0
30,84634.5,593.0,3,6637.52,6,36,0.078,3470.97,5965.11,24,144.62,0.743,contract,auto,west,51623.41,0,0
37,42130.01,568.0,6,6231.77,5,48,0.148,2570.42,16931.98,26,98.86,0.769,self_employed,auto,north,38762.4,0,0
46,40678.19,618.0,21,6181.22,4,12,0.152,1510.23,12898.08,31,48.72,0.945,salaried,home,central,50657.36,0,0
41,69859.64,597.0,19,12484.04,2,24,0.179,3955.16,14218.67,25,158.21,0.916,salaried,auto,central,51094.39,0,0
48,53993.14,724.0,34,5015.1,1,12,0.093,2026.26,13447.75,37,54.76,0.764,contract,home,central,62652.98,0,0
22,52543.14,589.0,3,26.08,4,24,0.0,1803.07,2233.16,28,64.4,0.774,self_employed,home,south,45641.99,0,0
63,109758.35,688.0,19,8522.21,2,24,0.078,2705.64,4047.37,25,108.23,0.892,salaried,auto,north,59844.67,0,0
21,71101.48,685.0,34,27454.07,3,36,0.386,3584.93,4365.76,29,123.62,0.758,self_employed,home,south,50958.51,0,0
56,22126.58,522.0,32,2673.05,0,36,0.121,727.07,171.66,25,29.08,0.783,contract,home,north,43208.33,0,0
46,77620.02,607.0,20,15244.84,5,36,0.196,3884.01,33204.55,13,298.77,0.944,salaried,auto,west,50986.64,0,0
49,74201.23,641.0,13,5470.82,4,24,0.074,2675.88,39345.5,25,107.04,0.784,salaried,home,south,56882.05,0,0
41,92337.91,673.0,30,9269.72,4,36,0.1,1984.31,1046.92,25,79.37,0.895,salaried,education,west,61203.07,0,0
31,35494.6,630.0,21,19937.25,6,36,0.562,973.17,12964.27,24,40.55,0.936,unemployed,auto,central,38525.49,0,1
60,62702.88,739.0,29,13266.83,2,36,0.212,3337.58,8747.01,32,104.3,0.887,salaried,education,north,54621.34,0,0
31,56967.35,659.0,28,19432.08,7,24,0.341,1701.28,33667.98,30,56.71,0.441,salaried,education,east,45339.09,0,0
56,35209.3,688.0,28,86.09,4,24,0.002,1071.18,13533.04,30,35.71,0.396,self_employed,auto,central,51646.92,0,0
59,82954.29,600.0,6,1866.71,1,36,0.023,2880.42,40954.12,21,137.16,0.87,self_employed,personal,central,51183.81,0,0
60,48596.38,689.0,31,4956.93,9,12,0.102,1386.3,9138.66,33,42.01,0.72,self_employed,home,south,57277.56,0,0
55,91010.45,815.0,12,16945.51,6,24,0.186,3938.22,19681.69,22,179.01,0.621,contract,education,west,62193.7,0,1
54,38782.08,695.0,12,16403.23,5,36,0.423,1638.71,4053.49,36,45.52,0.753,salaried,home,central,42003.44,0,0
44,28077.86,744.0,13,1842.65,1,60,0.066,1323.93,1162.85,20,66.2,0.743,salaried,auto,west,50144.15,0,0
42,48574.07,625.0,5,1380.9,11,12,0.028,2968.86,28623.61,26,114.19,0.818,salaried,education,north,46145.99,1,1
25,60135.82,729.0,15,16200.07,2,12,0.269,1552.27,18309.34,20,77.61,0.981,salaried,business,west,52551.16,0,0
53,42600.1,736.0,20,7016.87,9,12,0.165,1569.94,323.48,26,60.38,0.818,salaried,home,west,52968.36,0,0
56,15000.0,671.0,15,8870.04,4,24,0.591,624.69,415.44,22,28.4,0.439,salaried,auto,central,40607.1,1,0
40,64385.4,644.0,4,14909.05,6,48,0.232,3766.33,27744.11,32,117.7,0.692,contract,education,west,43698.82,0,0
39,64250.28,523.0,23,2141.42,5,48,0.033,3031.95,796.32,26,116.61,0.688,contract,home,east,50365.62,0,0
55,73808.21,647.0,0,1320.69,5,48,0.018,2835.14,4147.29,23,123.27,0.541,self_employed,home,central,52605.17,0,0
63,45650.89,698.0,9,17633.78,3,48,0.386,1049.11,20350.67,28,37.47,0.46,self_employed,personal,central,40807.73,0,0
37,44543.73,585.0,34,1066.76,6,36,0.024,2334.46,5721.02,33,70.74,0.627,self_employed,personal,east,46879.29,0,0
63,103584.69,542.0,30,830.82,4,36,0.008,4565.13,5628.71,25,182.61,0.704,salaried,personal,north,64240.91,0,0
54,26663.95,659.0,14,2920.05,4,36,0.11,1306.85,3957.22,29,45.06,0.841,self_employed,auto,east,42541.91,0,0
29,48474.69,670.0,10,3429.35,6,24,0.071,1650.97,27829.96,25,66.04,0.898,contract,personal,west,52740.49,0,0
46,57759.08,535.0,8,2483.39,2,36,0.043,1821.87,10776.72,31,58.77,0.892,self_employed,personal,central,40897.27,0,0
22,71161.69,653.0,1,12180.03,4,36,0.171,3362.24,659.01,26,129.32,0.756,salaried,education,north,46880.46,0,0
29,58477.38,675.0,29,32626.08,5,48,0.558,2250.08,20538.39,35,64.29,0.51,salaried,home,central,43548.32,0,0
29,35778.53,762.0,15,2003.7,1,24,0.056,1268.53,1307.0,32,39.64,0.791,salaried,home,east,56677.66,0,0
60,91621.96,609.0,0,13703.24,2,60,0.15,2717.64,3522.52,28,97.06,0.92,salaried,education,north,45820.35,0,0
37,54222.89,827.0,5,407.26,5,24,0.008,2048.5,962.12,22,93.11,0.58,self_employed,personal,central,54913.29,0,0
21,25575.72,655.0,10,1139.28,4,36,0.045,1528.12,6019.37,35,43.66,0.443,salaried,home,north,43589.44,0,0
45,59523.68,548.0,32,6514.64,6,24,0.109,1511.44,35425.04,24,62.98,0.835,salaried,home,north,51161.73,0,0
63,67095.66,622.0,16,70618.22,5,12,1.052,1852.17,1688.33,27,68.6,0.759,self_employed,education,central,22101.86,1,0
60,130919.09,555.0,33,26848.13,5,24,0.205,6030.08,10362.66,22,274.09,0.8,contract,auto,central,61914.29,1,0
62,65116.82,636.0,24,1068.47,3,60,0.016,2009.31,17400.44,23,87.36,0.581,salaried,education,west,56718.47,0,0
45,27808.26,690.0,21,2466.22,9,24,0.089,1589.21,362.96,16,99.33,0.845,salaried,personal,east,45789.39,0,0
59,28251.29,673.0,25,26234.32,5,12,0.929,1589.77,3000.37,24,66.24,0.839,self_employed,home,east,36340.05,1,0
55,95455.86,554.0,26,1470.34,2,36,0.015,3658.6,23084.08,32,114.33,0.71,salaried,education,south,55168.14,0,0
23,37749.92,543.0,8,12220.73,6,12,0.324,1856.56,8283.84,25,74.26,0.793,self_employed,home,south,31866.55,1,0
57,26975.61,686.0,4,9.98,2,36,0.0,1434.42,2365.86,26,55.17,0.963,salaried,auto,south,38389.29,0,0
64,84984.99,705.0,17,8990.01,1,12,0.106,2940.98,2531.79,37,79.49,0.946,salaried,personal,east,64584.84,0,0
64,43735.65,608.0,21,6141.65,3,36,0.14,1491.17,16932.52,35,42.6,0.559,salaried,home,south,48726.22,0,0
50,82963.52,434.0,11,5731.33,4,36,0.069,1737.81,13185.31,34,51.11,0.559,salaried,home,west,42886.5,1,1
58,35895.82,552.0,21,15904.92,4,12,0.443,1099.22,18550.71,29,37.9,0.906,salaried,home,east,38835.64,1,0
54,105157.61,734.0,5,757.62,1,12,0.007,5176.06,20971.8,27,191.71,0.666,self_employed,personal,north,63817.85,0,0
32,80212.02,587.0,26,4263.68,2,48,0.053,3150.89,26960.92,30,105.03,0.689,salaried,auto,west,58898.15,0,0
39,39135.75,620.0,14,5315.94,2,36,0.136,1843.81,5807.65,23,80.17,0.936,salaried,personal,central,43549.5,0,0
57,25663.48,697.0,16,1190.75,6,12,0.046,776.13,3264.45,26,29.85,0.658,salaried,education,south,48550.73,0,1
64,152867.03,624.0,2,806.04,3,48,0.005,7065.92,86824.46,26,271.77,0.834,salaried,business,central,78132.17,0,0
37,49286.55,769.0,9,1781.83,5,48,0.036,1529.13,20355.16,23,66.48,0.717,salaried,home,central,63020.46,0,0
30,38436.81,618.0,24,2482.35,2,24,0.065,1931.61,21938.99,22,87.8,0.788,self_employed,auto,south,48728.31,0,0
32,101097.3,577.0,20,30448.6,5,24,0.301,2765.43,13754.05,18,153.64,0.683,self_employed,personal,central,47672.33,0,0
36,82916.71,750.0,8,5809.74,6,36,0.07,2727.57,37669.34,24,113.65,0.443,salaried,home,east,65977.26,0,0
44,92250.08,654.0,23,6425.46,3,12,0.07,2715.24,13805.59,26,104.43,0.44,contract,home,north,64971.02,0,0
39,51827.25,558.0,31,11048.19,5,36,0.213,1134.38,2355.66,25,45.38,0.731,salaried,business,north,45272.25,0,0
28,126307.49,690.0,2,10375.72,2,24,0.082,7431.52,63373.8,27,275.24,0.859,salaried,education,south,64160.9,0,0
51,30038.1,625.0,32,6288.46,2,60,0.209,720.38,4320.44,26,27.71,0.743,self_employed,home,west,45244.32,0,0
41,42259.21,553.0,11,3737.44,5,24,0.088,1611.59,9834.75,25,64.46,0.393,salaried,education,central,41477.76,0,0
37,64566.14,658.0,28,3618.44,5,24,0.056,2298.13,23965.96,21,109.43,0.697,self_employed,business,west,55331.14,0,0
43,91642.47,637.0,20,534.99,6,24,0.006,2605.75,50230.64,22,118.44,0.861,salaried,home,east,59145.59,0,0
57,72949.42,507.0,33,20690.04,3,12,0.284,2870.36,2616.33,21,136.68,0.827,salaried,education,central,42274.05,1,0
36,52193.35,560.0,32,13203.42,8,24,0.253,2183.03,1794.15,40,54.58,0.914,salaried,auto,north,47168.9,0,0
26,43747.22,809.0,31,8787.79,4,48,0.201,1396.93,4357.39,27,51.74,0.841,self_employed,auto,west,55135.61,0,0
28,91865.41,657.0,19,4538.85,2,24,0.049,3927.87,2445.87,23,170.78,0.96,contract,personal,central,57298.6,0,0
45,76418.36,764.0,2,7860.5,5,24,0.103,3636.78,25197.98,21,173.18,0.808,contract,auto,north,60510.72,0,0
38,36551.02,676.0,3,5973.86,4,12,0.163,1553.9,17465.46,29,53.58,0.759,self_employed,auto,south,38391.2,0,0
45,36065.02,755.0,16,2881.04,2,36,0.08,2100.88,2159.96,39,53.87,0.667,self_employed,auto,east,47665.22,0,0
32,42384.17,697.0,16,3191.74,6,36,0.075,1125.34,14611.9,32,35.17,0.563,salaried,personal,south,50011.83,0,0
35,40006.9,570.0,18,18677.59,6,24,0.467,2232.09,10794.1,22,101.46,0.563,salaried,home,east,37404.12,0,0
46,86114.1,702.0,3,9068.45,2,24,0.105,2316.39,2707.64,25,92.66,0.931,contract,auto,central,55906.35,0,0
61,65912.25,569.0,28,12.81,3,24,0.0,2554.34,2432.31,26,98.24,0.856,unemployed,auto,north,47035.01,0,0
46,69633.72,729.0,16,3562.37,4,48,0.051,1894.45,4794.09,23,82.37,0.786,unemployed,education,east,58265.61,0,0
52,59056.59,669.0,21,3738.9,4,24,0.063,2717.91,364.43,28,97.07,0.664,self_employed,personal,east,52511.91,0,0
30,60321.68,652.0,1,11027.86,5,36,0.183,2125.33,13237.73,28,75.9,0.763,unemployed,auto,central,50469.8,0,0
36,26587.12,613.0,11,10849.37,6,60,0.408,1054.63,1445.25,40,26.37,0.708,contract,home,east,36166.82,0,0
27,77449.6,718.0,10,5615.19,4,48,0.073,2142.85,2379.65,36,59.52,0.579,self_employed,auto,west,52853.93,0,0
37,42042.38,637.0,28,27139.63,4,36,0.646,1705.1,7130.09,31,55.0,0.781,self_employed,personal,west,44188.25,1,0
43,53374.06,488.0,19,18517.65,2,36,0.347,2749.38,2695.09,24,114.56,0.564,contract,home,north,37698.1,1,0
46,43786.12,504.0,4,18103.4,3,24,0.413,2617.08,2176.16,18,145.39,0.737,contract,auto,central,30573.29,1,0
41,57851.94,542.0,24,3853.06,4,60,0.067,1890.12,14904.85,34,55.59,0.642,contract,business,south,51019.64,0,0
42,70115.02,717.0,33,5074.87,3,60,0.072,2728.51,14867.53,21,129.93,0.325,self_employed,home,central,55318.93,0,0
27,34407.0,723.0,11,4886.45,0,24,0.142,1839.11,1694.13,25,73.56,0.654,salaried,auto,south,51289.86,0,0
34,60702.32,678.0,27,5222.66,1,24,0.086,2675.43,5815.65,27,99.09,0.858,salaried,auto,south,52977.32,0,0
35,44264.97,677.0,33,19801.13,3,24,0.447,2286.58,1588.17,22,103.94,0.594,self_employed,home,central,45946.75,0,0
27,98189.69,773.0,5,2578.59,2,36,0.026,5257.1,5396.59,27,194.71,0.308,self_employed,home,east,67641.06,0,0
29,32807.7,679.0,18,14584.27,0,36,0.445,1686.38,6975.06,35,48.18,0.593,salaried,auto,central,44373.06,0,0
28,34505.28,704.0,11,6494.66,4,12,0.188,2087.58,12825.95,27,77.32,0.855,self_employed,personal,west,44866.17,0,0
43,46082.72,649.0,24,2578.16,2,12,0.056,2364.83,14289.99,32,73.9,0.541,self_employed,personal,south,44568.02,0,0
49,35719.8,611.0,12,6743.53,6,36,0.189,921.54,1252.33,32,28.8,0.58,self_employed,personal,east,43226.1,1,0
38,48973.2,626.0,16,1957.16,2,60,0.04,2655.08,18784.48,44,60.34,0.746,salaried,personal,west,48610.86,0,0
51,42721.24,824.0,11,1030.41,3,48,0.024,1048.67,8522.57,28,37.45,0.674,salaried,home,west,61571.49,0,0
50,56375.25,558.0,2,16391.29,3,36,0.291,2107.1,30845.3,40,52.68,0.548,salaried,home,south,36137.47,1,0
59,85274.64,677.0,23,10815.44,3,12,0.127,3024.1,2146.95,20,151.2,0.881,self_employed,home,west,59826.68,0,0
55,55942.29,521.0,7,2064.48,5,12,0.037,1530.72,6932.63,31,49.38,0.503,contract,personal,north,42340.11,0,0
38,58282.64,598.0,25,25671.66,3,36,0.44,1475.11,23006.3,37,39.87,0.525,salaried,business,west,39123.4,1,0
62,33664.69,716.0,7,222.31,7,24,0.007,1107.24,19671.25,28,39.54,0.577,salaried,education,north,46362.6,0,0
59,51004.71,496.0,31,3648.47,1,36,0.072,2521.33,5525.74,35,72.04,0.868,salaried,auto,east,46327.03,0,0
37,44811.07,727.0,31,197.02,2,36,0.004,1317.94,1927.52,19,69.37,0.612,self_employed,personal,central,55477.09,0,0
34,73624.89,824.0,0,1381.48,4,24,0.019,4509.91,11980.0,34,132.64,0.544,salaried,personal,north,60257.02,0,0
51,38405.07,681.0,2,1786.93,2,36,0.047,808.27,5241.62,26,31.09,0.803,salaried,personal,central,47911.26,0,0
44,36779.83,757.0,0,14962.46,2,48,0.407,1638.26,723.91,28,58.51,0.819,self_employed,education,north,40401.11,0,0
55,62495.08,671.0,14,44707.76,4,24,0.715,2757.14,7402.85,20,137.86,0.735,unemployed,auto,central,31362.14,1,0
64,132064.59,710.0,19,18178.35,1,60,0.138,4260.73,42807.43,23,185.25,0.401,self_employed,home,central,74830.08,0,0
54,50052.27,689.0,2,9074.0,2,24,0.181,2284.65,2851.35,34,67.2,0.71,contract,personal,west,39944.68,0,0
23,58436.37,607.0,14,11551.15,6,36,0.198,2583.66,32445.97,18,143.54,0.785,salaried,personal,west,48557.57,0,0
57,83001.16,599.0,20,6658.77,3,48,0.08,4108.11,2740.44,26,158.0,0.623,self_employed,education,east,55755.02,0,0
63,68149.34,750.0,22,4942.1,7,48,0.073,3899.28,30607.12,38,102.61,0.627,salaried,education,west,64657.79,0,0
60,68351.29,646.0,34,10603.84,3,24,0.155,1710.18,921.74,21,81.44,0.733,salaried,business,north,59624.24,0,0
46,51904.64,638.0,17,32546.25,6,12,0.627,2887.8,17785.31,26,111.07,0.371,salaried,auto,central,36229.87,0,0
43,52361.1,636.0,16,263.88,6,36,0.005,1135.52,2462.28,27,42.06,0.717,self_employed,business,north,54356.86,0,0
64,38568.19,676.0,30,3393.01,4,24,0.088,902.54,7985.59,26,34.71,0.527,salaried,auto,south,44832.88,0,0
59,67431.53,549.0,25,3605.1,5,36,0.053,3954.73,9529.71,21,188.32,0.719,self_employed,education,west,56808.23,1,0
35,66742.65,635.0,21,4813.77,3,12,0.072,3352.81,12588.6,27,124.18,0.44,salaried,business,central,51607.06,0,1
24,74811.29,676.0,34,8872.99,5,24,0.119,3561.97,1349.25,23,154.87,0.661,salaried,auto,central,59301.62,0,0
49,43492.9,541.0,10,6489.35,2,36,0.149,1844.51,770.52,32,57.64,0.684,self_employed,education,south,41247.49,0,0
42,78712.75,668.0,26,170.16,8,12,0.002,4198.23,4514.15,26,161.47,0.671,salaried,home,east,57357.51,0,0
45,90219.48,574.0,33,4773.28,6,36,0.053,4619.58,27903.12,40,115.49,0.796,self_employed,auto,east,62572.97,0,0
33,31373.5,677.0,17,8695.21,7,36,0.277,1103.2,3541.03,25,44.13,0.971,salaried,personal,south,47445.5,0,0
38,47401.41,833.0,26,6325.59,1,24,0.133,1965.81,2566.19,28,70.21,0.84,salaried,home,central,58955.07,0,0
53,91927.97,640.0,3,18505.88,4,60,0.201,3762.68,44557.89,29,129.75,0.336,self_employed,personal,west,49537.11,0,0
36,40445.07,558.0,16,4576.39,2,60,0.113,1573.63,2216.59,29,54.26,0.975,contract,education,west,38066.1,0,0
62,68730.14,670.0,5,113.74,6,36,0.002,3384.39,36160.33,29,116.7,0.356,self_employed,home,central,56197.48,0,0
64,54385.85,690.0,10,3017.98,3,24,0.055,2971.07,12339.02,26,114.27,0.711,self_employed,education,east,50657.13,0,0
22,62874.48,570.0,4,1312.23,3,36,0.021,3812.53,29453.17,34,112.13,0.752,self_employed,home,east,50613.2,0,0
55,55136.95,504.0,17,2591.9,3,48,0.047,2097.53,17039.15,31,67.66,0.738,salaried,education,west,47963.66,1,0
62,75794.19,571.0,24,4045.99,5,24,0.053,3785.04,1275.28,29,130.52,0.837,unemployed,home,east,51029.93,1,0
54,34211.51,646.0,9,10161.34,5,24,0.297,1515.38,7851.57,36,42.09,0.865,unemployed,personal,south,43510.69,1,0
50,35918.38,611.0,15,3526.32,2,48,0.098,1019.09,12631.0,28,36.4,0.621,self_employed,auto,east,46735.94,0,0
33,104718.5,742.0,9,19395.96,3,36,0.185,3514.71,53444.21,29,121.2,0.697,self_employed,auto,east,60160.82,0,0
33,139408.46,694.0,9,3204.52,6,36,0.023,7836.88,377.31,37,211.81,0.666,contract,personal,central,76932.76,0,0
38,54044.4,659.0,20,1325.37,4,36,0.025,2944.92,14903.05,28,105.18,0.752,contract,auto,central,54037.26,0,0
52,117227.26,502.0,13,1664.67,1,36,0.014,6601.41,2728.12,31,212.95,0.895,salaried,auto,central,58051.32,1,0
52,38280.71,704.0,7,24542.33,4,24,0.641,865.36,7148.62,30,28.85,0.784,contract,auto,east,39604.21,0,0
55,42650.16,818.0,0,5459.66,5,36,0.128,2647.85,10994.65,32,82.75,0.803,salaried,education,north,54302.24,0,0
59,104387.93,723.0,15,4644.44,3,36,0.044,4598.34,30288.58,24,191.6,0.522,salaried,home,north,66758.94,0,0
49,77796.21,594.0,25,642.51,5,60,0.008,3261.18,34968.24,25,130.45,0.858,salaried,education,central,60921.31,0,0
49,111624.09,638.0,5,11895.39,4,24,0.107,5741.24,4963.68,22,260.97,0.507,self_employed,personal,south,55053.37,0,0
64,66893.03,689.0,1,10676.74,1,24,0.16,1760.62,13442.91,29,60.71,0.795,contract,business,north,50778.59,0,0
36,34349.9,768.0,8,4240.7,4,48,0.123,1042.76,7994.82,10,104.28,0.886,salaried,business,west,48451.89,0,0
64,59910.66,590.0,4,10591.99,4,24,0.177,3599.75,10208.94,34,105.88,0.947,contract,home,south,48892.49,0,0
30,93050.83,610.0,4,4121.99,4,12,0.044,2740.38,22987.68,17,161.2,0.959,salaried,auto,central,52418.3,0,0
50,51035.11,646.0,7,683.75,5,60,0.013,1778.97,1106.12,30,59.3,0.587,salaried,personal,central,53642.46,0,0
45,47624.61,639.0,4,12058.11,4,12,0.253,1480.7,1931.38,27,54.84,0.814,salaried,education,south,39077.99,0,0
59,67355.11,717.0,4,30223.58,7,60,0.449,2759.84,643.29,29,95.17,0.671,salaried,home,east,40014.49,0,0
40,42117.65,672.0,16,9404.55,5,48,0.223,2288.32,154.48,30,76.28,0.814,unemployed,personal,north,49862.58,0,0
25,61881.42,531.0,8,2912.41,1,36,0.047,3448.78,194.56,33,104.51,0.586,self_employed,business,east,43238.89,0,0
21,55746.82,594.0,33,2831.41,4,48,0.051,1916.24,32324.22,36,53.23,0.965,salaried,education,east,53073.28,0,0
50,43447.71,597.0,32,23802.84,2,24,0.548,1039.53,707.35,32,32.49,0.607,salaried,auto,west,34721.14,1,0
23,84232.13,462.0,21,3252.48,3,24,0.039,2149.81,37454.63,30,71.66,0.699,salaried,auto,east,49991.83,1,0
34,72453.09,729.0,20,13156.62,3,36,0.182,3974.68,3168.83,28,141.95,0.54,salaried,home,central,57404.01,0,0
50,46205.23,661.0,14,9268.03,4,60,0.201,1788.05,23333.86,30,59.6,0.799,self_employed,personal,west,44147.32,0,0
24,53812.84,604.0,0,8081.68,3,12,0.15,2962.49,13186.84,32,92.58,0.435,salaried,personal,central,44967.74,1,0
38,47950.57,727.0,6,1797.86,2,12,0.037,1027.22,18982.11,22,46.69,0.919,salaried,home,east,48749.98,0,0
57,40644.08,676.0,22,315.15,3,48,0.008,905.9,9366.52,28,32.35,0.698,salaried,education,east,55377.07,0,0
45,25229.74,541.0,5,6036.79,2,24,0.239,857.27,3935.74,26,32.97,0.849,salaried,auto,west,25876.44,1,0
21,43576.68,702.0,19,39925.39,8,36,0.916,1278.55,25800.8,27,47.35,0.669,salaried,auto,east,37962.7,0,0
35,40912.37,767.0,25,1960.72,7,48,0.048,1952.2,22250.14,27,72.3,0.947,contract,auto,south,61179.38,0,0
29,57051.0,638.0,11,6927.77,7,48,0.121,2579.94,16502.69,21,122.85,0.848,salaried,education,central,49712.33,0,0
35,66059.72,644.0,12,10004.71,4,36,0.151,3837.8,2461.33,27,142.14,0.673,salaried,personal,east,51732.68,1,0
44,37760.43,659.0,12,5949.22,3,12,0.158,2027.2,21987.02,25,81.09,0.766,salaried,personal,east,45944.78,0,0
24,64091.93,546.0,1,6364.01,3,36,0.099,1604.45,14019.69,31,51.76,0.617,self_employed,home,east,44498.88,1,0
32,35231.27,662.0,31,9741.84,3,36,0.277,2036.22,17882.46,26,78.32,0.321,salaried,home,north,52433.67,0,0
57,51206.33,574.0,30,15182.0,4,36,0.296,1322.87,12794.01,24,55.12,0.708,salaried,business,south,45226.22,1,0
57,41312.13,649.0,10,3648.57,5,12,0.088,1199.3,2174.32,25,47.97,0.778,salaried,home,central,39638.99,0,0
63,75794.28,664.0,3,20658.27,3,12,0.273,3174.86,22910.72,34,93.38,0.633,salaried,home,north,42058.02,0,0
26,57099.34,695.0,33,5970.56,5,60,0.105,1455.04,1878.34,23,63.26,0.649,self_employed,home,central,58371.87,0,0
59,51556.03,698.0,15,9759.12,5,36,0.189,1561.32,23644.77,29,53.84,0.33,contract,business,west,54883.54,0,0
44,40889.87,571.0,30,1013.62,7,24,0.025,1614.66,21719.83,28,57.67,0.614,salaried,home,north,45471.53,0,0
31,46724.38,666.0,24,6103.96,5,48,0.131,1457.07,8120.19,23,63.35,0.895,salaried,personal,south,50755.12,0,0
33,123386.55,731.0,7,146.14,4,48,0.001,7437.15,56293.42,30,247.9,0.461,self_employed,education,east,72498.43,0,0
54,43239.61,552.0,7,4463.8,2,60,0.103,1192.7,24664.87,32,37.27,0.75,salaried,personal,west,48505.93,0,0
45,67220.47,798.0,33,504.22,5,48,0.008,3005.84,2222.11,33,91.09,0.781,salaried,personal,west,67565.93,0,0
27,51498.56,567.0,14,20455.56,3,48,0.397,2141.14,5713.29,24,89.21,0.716,self_employed,home,central,41710.48,0,1
24,66361.44,788.0,4,10054.79,2,48,0.152,2633.74,14971.7,27,97.55,0.885,salaried,personal,north,60743.04,0,0
28,78955.46,569.0,18,14126.61,4,24,0.179,2414.05,3759.0,38,63.53,0.647,salaried,auto,south,52558.15,0,0
40,46198.83,645.0,9,5674.59,10,36,0.123,1329.66,16604.61,30,44.32,0.635,salaried,auto,south,50458.47,0,0
49,74562.88,634.0,8,17188.67,3,12,0.231,2497.03,41365.61,24,104.04,0.882,salaried,personal,east,49337.85,0,0
30,187303.91,534.0,28,18574.99,2,12,0.099,8526.56,5403.8,27,315.8,0.729,self_employed,home,south,70046.67,1,0
63,69940.0,709.0,18,3971.95,6,48,0.057,3149.85,21698.64,29,108.62,0.678,salaried,business,east,55346.26,0,0
54,111984.04,714.0,12,4256.78,4,12,0.038,5937.67,3862.7,24,247.4,0.747,salaried,personal,west,62175.37,0,0
46,67270.07,703.0,15,6387.89,1,36,0.095,2252.01,36732.81,31,72.65,0.907,contract,home,south,58919.33,0,0
61,35618.39,629.0,29,388.46,1,60,0.011,1795.18,1940.59,30,59.84,0.607,salaried,business,east,47848.3,0,0
23,61332.32,590.0,4,49186.36,8,24,0.802,3532.13,19398.68,26,135.85,0.863,salaried,home,central,31277.56,0,0
26,46691.96,743.0,32,4005.08,3,36,0.086,2641.78,1112.78,29,91.1,0.819,self_employed,education,north,61489.36,0,0
25,41432.74,668.0,18,5728.24,3,36,0.138,1667.22,818.68,23,72.49,0.932,contract,business,south,52930.87,0,0
25,52435.37,586.0,18,12649.55,8,36,0.241,2537.28,22831.07,32,79.29,0.686,salaried,home,south,42232.7,0,0
43,50532.02,668.0,16,3178.16,1,24,0.063,2803.67,10914.14,29,96.68,0.869,salaried,education,south,51187.16,0,0
29,33625.29,508.0,23,2026.66,6,48,0.06,917.98,115.12,20,45.9,0.646,salaried,auto,east,44239.54,0,0
55,183286.85,659.0,27,1227.02,3,36,0.007,11129.53,26413.53,23,483.89,0.902,salaried,education,west,88838.09,0,0
40,77928.1,706.0,21,6757.32,2,24,0.087,3578.8,1473.82,24,149.12,0.458,salaried,personal,north,52616.11,0,0
62,60474.41,635.0,15,49.62,6,12,0.001,1971.57,756.79,31,63.6,0.837,salaried,home,south,46403.62,0,0
55,56412.5,710.0,34,11126.01,7,48,0.197,2407.13,2611.45,26,92.58,0.872,self_employed,personal,west,61620.87,0,0
38,93065.32,719.0,26,5568.86,4,60,0.06,4795.34,3455.94,23,208.49,0.863,salaried,personal,west,62137.46,0,0
37,137861.75,673.0,11,6830.18,5,48,0.05,7589.19,58011.71,33,229.98,0.818,salaried,auto,central,67357.53,0,0
44,73739.1,800.0,27,2749.01,5,60,0.037,2483.07,24632.61,20,124.15,0.707,contract,home,south,71357.6,0,0
23,57213.02,765.0,0,1766.91,4,36,0.031,2007.79,2378.75,28,71.71,0.28,self_employed,home,central,53087.19,0,0
52,105102.34,703.0,17,10835.45,4,36,0.103,5771.23,45704.03,37,155.98,0.712,salaried,education,central,65775.52,0,0
55,57760.57,680.0,22,2124.62,7,48,0.037,3223.56,26601.76,35,92.1,0.642,salaried,education,central,57564.21,0,0
58,65899.86,628.0,21,13630.67,6,36,0.207,3260.24,31042.65,30,108.67,0.755,salaried,auto,west,51089.68,0,0
33,85004.11,595.0,3,2049.7,2,12,0.024,4191.6,15240.1,29,144.54,0.922,salaried,personal,east,49226.83,0,0
45,45528.07,718.0,10,8536.61,6,48,0.187,1425.28,7275.06,24,59.39,0.751,salaried,home,south,48737.85,0,0
29,21287.48,633.0,17,9292.19,6,12,0.436,1291.54,934.98,28,46.13,0.882,self_employed,personal,north,35590.97,0,0
24,44543.16,564.0,6,6340.52,4,24,0.142,2505.95,2628.06,33,75.94,0.863,salaried,personal,west,37212.7,0,0
34,76714.84,582.0,20,51675.5,4,48,0.674,4384.7,33783.08,28,156.6,0.791,salaried,auto,north,31419.48,0,0
57,74320.93,593.0,34,4242.18,4,24,0.057,2153.95,23298.38,22,97.91,0.583,self_employed,education,south,57472.08,1,0
54,99131.4,799.0,29,19334.97,3,60,0.195,6128.83,19529.92,19,322.57,0.621,salaried,personal,central,66534.96,0,0
31,45316.48,722.0,16,1668.6,5,48,0.037,1785.37,4379.33,22,81.15,0.776,self_employed,auto,north,58866.76,0,0
61,110350.44,653.0,32,3701.69,4,60,0.034,5434.17,39467.0,22,247.01,0.663,salaried,personal,south,68883.07,0,0
23,58881.4,685.0,15,1413.75,2,12,0.024,3431.53,400.93,31,110.69,0.916,self_employed,education,central,55845.47,0,1
48,71110.19,695.0,14,8328.54,2,24,0.117,1780.3,39643.57,32,55.63,0.646,salaried,personal,north,53736.46,0,0
49,81358.92,576.0,12,9151.4,4,48,0.112,2773.93,4658.74,35,79.26,0.651,salaried,home,central,54752.26,0,0
29,29092.93,551.0,2,5438.05,1,36,0.187,1052.45,2848.72,29,36.29,0.498,contract,personal,west,34945.87,0,0
23,34468.33,739.0,23,11461.87,8,48,0.333,1829.69,1586.82,40,45.74,0.851,salaried,auto,west,52071.17,0,0
45,33957.3,535.0,22,18200.92,5,48,0.536,1125.63,18180.42,22,51.17,0.635,salaried,auto,central,29688.08,1,0
54,87771.99,649.0,0,13487.48,1,24,0.154,3257.67,1103.08,34,95.81,0.87,self_employed,auto,north,53121.36,0,0
32,47218.66,589.0,31,2489.64,3,60,0.053,1730.45,2378.78,28,61.8,0.566,self_employed,auto,north,48978.24,0,0
62,134916.57,669.0,32,3476.25,2,48,0.026,7937.45,13299.35,25,317.5,0.978,salaried,auto,west,69561.29,0,0
29,54258.73,628.0,29,4306.34,4,60,0.079,1138.08,2356.04,26,43.77,0.346,salaried,home,north,54804.54,0,0
35,27941.88,695.0,1,2050.76,2,12,0.073,745.56,14974.56,16,46.6,0.824,self_employed,home,east,47047.63,0,0
60,40031.11,454.0,17,4033.99,5,36,0.101,2382.39,17429.25,19,125.39,0.614,salaried,home,north,37748.13,1,0
45,57114.85,745.0,29,2446.82,4,48,0.043,2640.85,13270.01,21,125.75,0.769,contract,auto,north,61147.11,0,0
25,68311.64,713.0,17,49100.75,5,12,0.719,1681.33,25313.33,27,62.27,0.933,contract,personal,north,40797.52,0,0
31,34780.88,736.0,4,13761.11,4,36,0.396,1411.76,10967.88,26,54.3,0.569,salaried,education,north,46203.75,0,0
54,69969.61,726.0,4,17696.11,4,48,0.253,4189.11,2253.34,23,182.14,0.617,self_employed,personal,north,47996.41,0,0
44,78904.56,677.0,7,22976.38,2,12,0.291,4128.93,39364.12,38,108.66,0.731,contract,home,south,45127.18,0,0
35,40602.04,595.0,8,9842.65,5,48,0.242,1278.9,2331.44,31,41.25,0.938,self_employed,education,north,34318.54,0,1
58,131415.68,687.0,31,1742.01,2,60,0.013,5117.18,70262.63,29,176.45,0.938,salaried,education,east,76822.67,0,0
28,42629.57,675.0,13,12788.94,7,12,0.3,1759.75,19607.1,29,60.68,0.738,salaried,personal,south,49453.42,0,0
25,34546.27,725.0,12,141.61,3,60,0.004,1820.55,986.44,23,79.15,0.555,salaried,personal,south,49096.55,0,0
46,27223.88,703.0,17,1081.53,4,36,0.04,1449.93,4303.6,30,48.33,0.538,salaried,auto,west,47922.6,0,0
38,93834.54,658.0,3,270.28,3,12,0.003,3103.33,22349.66,28,110.83,0.813,self_employed,auto,east,55318.1,0,1
26,54737.12,687.0,21,1309.86,5,24,0.024,2796.38,28535.84,37,75.58,0.753,self_employed,home,west,51581.74,0,0
57,43665.84,694.0,19,12549.09,5,24,0.287,2681.32,1067.95,32,83.79,0.872,self_employed,home,west,46461.09,0,0
33,27907.14,743.0,14,19503.1,4,24,0.699,665.79,5758.09,34,19.58,0.814,salaried,home,east,37648.78,0,0
48,45471.32,798.0,6,2942.05,7,48,0.065,2491.98,13797.87,26,95.85,0.696,salaried,home,east,49318.93,0,0
25,158205.55,701.0,12,1141.58,4,36,0.007,7207.93,6842.9,18,400.44,0.855,salaried,business,north,74684.03,0,0
33,20639.88,695.0,33,2868.96,5,24,0.139,757.37,166.49,29,26.12,0.81,salaried,personal,north,43843.41,0,0
37,40772.12,631.0,29,9374.49,9,24,0.23,2191.03,17557.54,25,87.64,0.788,salaried,auto,west,49147.7,0,0
60,121388.67,621.0,4,3879.86,3,60,0.032,4177.16,68850.06,20,208.86,0.342,contract,personal,east,64006.9,0,0
52,95038.55,588.0,0,29231.5,2,36,0.308,3306.98,39081.9,24,137.79,0.532,salaried,auto,south,42720.07,0,0
49,41907.43,378.0,30,1263.49,6,12,0.03,1746.94,6565.8,22,79.41,0.61,contract,education,east,39213.45,1,0
23,59374.36,579.0,19,41760.21,3,48,0.703,2369.3,11440.89,24,98.72,0.918,self_employed,auto,west,39191.63,1,0
60,66724.12,635.0,18,112.77,5,48,0.002,1759.92,2481.63,22,80.0,0.852,self_employed,auto,west,55347.18,0,0
54,57539.52,624.0,28,5408.28,2,24,0.094,1259.26,34050.72,31,40.62,0.651,salaried,personal,east,50698.56,0,0
60,120934.29,689.0,9,2610.91,6,12,0.022,5707.22,48232.56,23,248.14,0.822,contract,personal,west,64986.66,0,0
47,63126.09,582.0,28,7518.32,2,24,0.119,2196.07,4310.54,29,75.73,0.601,self_employed,business,east,51262.58,0,0
33,90308.09,585.0,30,913.82,6,24,0.01,3850.7,1085.43,25,154.03,0.595,salaried,education,north,60244.07,0,0
53,58789.55,470.0,10,18774.42,3,48,0.319,1728.13,25489.38,24,72.01,0.623,salaried,personal,north,34393.87,1,0
26,21707.76,690.0,22,1321.13,2,24,0.061,965.75,979.02,16,60.36,0.959,contract,personal,central,42860.68,0,0
44,31679.16,575.0,29,7967.26,3,36,0.251,1096.96,205.08,28,39.18,0.935,contract,home,central,36992.34,1,0
39,34780.25,589.0,24,305.24,4,36,0.009,1609.68,1236.31,21,76.65,0.401,self_employed,home,east,48916.42,0,0
36,48427.42,698.0,15,3352.52,3,36,0.069,2374.7,2401.14,15,158.31,0.798,self_employed,business,west,55140.23,1,0
60,138038.29,575.0,22,1459.74,0,48,0.011,2893.2,1805.85,16,180.82,0.756,self_employed,home,east,69153.34,0,1
48,63773.0,682.0,32,34287.9,4,36,0.538,2474.35,27369.8,39,63.44,0.778,self_employed,home,central,46658.49,0,0
53,51657.74,547.0,27,108.85,3,24,0.002,2638.77,13373.98,26,101.49,0.812,self_employed,business,central,46738.4,0,0
61,94594.17,648.0,26,3910.27,3,24,0.041,4886.5,3787.86,23,212.46,0.859,salaried,personal,south,58565.74,0,0
33,28188.02,598.0,5,3245.84,1,24,0.115,1034.48,971.69,26,39.79,0.391,self_employed,home,west,38721.15,0,0
63,43461.78,627.0,5,9640.03,6,36,0.222,2392.14,24509.37,29,82.49,0.664,self_employed,education,south,41878.03,0,0
45,40668.21,778.0,24,522.27,5,36,0.013,1949.17,452.81,26,74.97,0.817,salaried,auto,central,55498.05,0,0
62,64803.75,511.0,12,14975.89,3,36,0.231,4021.05,9275.24,36,111.7,0.643,salaried,auto,south,40385.76,0,0
56,81074.71,771.0,32,5655.07,6,36,0.07,3420.41,9962.29,22,155.47,0.857,self_employed,home,north,63476.54,0,0
47,66981.28,572.0,32,5426.02,6,12,0.081,2443.39,28558.51,34,71.86,0.593,salaried,home,north,53601.66,0,0
58,67460.16,724.0,24,2314.84,4,36,0.034,3989.49,857.12,20,199.47,0.625,salaried,auto,west,57451.24,0,0
27,46050.82,741.0,13,6060.93,2,48,0.132,1733.55,12011.59,28,61.91,0.798,salaried,personal,north,54256.79,0,0
25,62588.82,687.0,8,4071.5,3,48,0.065,2973.92,33408.81,34,87.47,0.781,salaried,auto,central,59380.21,0,0
63,37126.01,546.0,17,2530.96,3,12,0.068,2050.87,6730.59,29,70.72,0.876,salaried,home,north,40323.38,0,0
51,73376.76,673.0,14,1662.52,5,48,0.023,2936.98,783.72,19,154.58,0.379,self_employed,home,central,54557.88,1,0
43,43248.97,850.0,3,11728.69,2,48,0.271,1697.21,14240.73,25,67.89,0.671,salaried,personal,central,59651.86,0,0
62,32706.22,651.0,33,1378.81,7,36,0.042,1074.59,1308.78,31,34.66,0.201,salaried,business,east,50442.24,0,0
30,55106.27,641.0,16,1655.11,4,24,0.03,3357.2,1696.21,26,129.12,0.869,salaried,home,west,48774.95,1,0
52,22904.71,633.0,6,7744.97,7,48,0.338,1378.08,7717.79,28,49.22,0.728,self_employed,education,north,36066.49,0,0
63,105184.01,694.0,31,2306.55,6,24,0.022,4232.99,13866.64,39,108.54,0.426,salaried,education,south,67428.78,0,0
50,77551.27,643.0,22,5535.29,3,36,0.071,2673.01,14808.84,28,95.46,0.846,salaried,home,central,60628.85,0,1
59,63047.04,674.0,19,7245.11,7,36,0.115,1649.15,2536.47,25,65.97,0.373,contract,business,west,51688.97,0,0
51,26090.9,625.0,1,2887.18,3,48,0.111,1062.94,12728.17,31,34.29,0.505,unemployed,education,north,40396.64,0,0
38,39533.92,562.0,20,3788.24,5,24,0.096,2296.28,906.29,30,76.54,0.812,self_employed,auto,east,45019.73,0,0
56,55174.23,847.0,11,2123.86,3,24,0.038,3147.65,2380.43,28,112.42,0.619,salaried,auto,central,57451.55,0,0
22,48127.2,642.0,26,5552.75,2,36,0.115,1235.7,647.87,31,39.86,0.897,self_employed,home,central,48482.36,0,0
34,25340.16,850.0,9,43916.36,2,48,1.733,1040.94,4877.47,31,33.58,0.806,self_employed,education,south,34217.57,0,0
33,29959.66,686.0,7,4054.8,3,24,0.135,1642.3,71.24,22,74.65,0.91,contract,home,west,39560.98,0,0
49,47696.22,701.0,20,9534.45,5,24,0.2,2653.12,704.32,16,165.82,0.745,contract,auto,north,51817.12,0,0
32,30409.79,624.0,21,9092.8,1,48,0.299,1817.39,1404.49,29,62.67,0.68,salaried,home,east,45973.97,0,0
59,100420.77,600.0,12,13896.3,4,24,0.138,2942.08,6951.32,24,122.59,0.508,salaried,home,west,43443.53,1,0
22,67679.75,626.0,11,11200.6,5,36,0.165,2579.82,4414.08,23,112.17,0.683,contract,auto,south,46765.42,0,0
52,37738.69,579.0,16,106.65,3,48,0.003,2287.0,1474.9,34,67.26,0.51,salaried,home,north,43305.17,0,0
33,91685.51,571.0,8,3329.37,5,24,0.036,2945.18,2843.81,25,117.81,0.885,self_employed,education,west,59722.32,1,0
47,83739.66,802.0,11,18378.17,2,36,0.219,2912.84,3929.45,27,107.88,0.902,salaried,auto,south,57159.64,0,0
61,61699.51,718.0,8,6979.96,5,36,0.113,1865.53,1522.54,23,81.11,0.642,self_employed,home,west,56578.06,0,0
37,53219.82,777.0,29,990.58,5,36,0.019,2303.31,18414.21,37,62.25,0.338,salaried,personal,central,59977.83,0,0
60,47367.27,746.0,5,2908.38,6,60,0.061,2032.33,26793.82,26,78.17,0.639,salaried,auto,west,54810.05,0,0
51,42490.15,599.0,24,2998.96,5,60,0.071,2331.92,22279.21,23,101.39,0.578,salaried,auto,south,46956.83,0,0
54,29686.38,519.0,27,18584.69,3,48,0.626,1129.1,10951.2,33,34.22,0.767,salaried,personal,east,35541.17,0,0
44,107769.28,611.0,9,7254.85,3,12,0.067,3368.79,32127.81,29,116.17,0.719,unemployed,home,north,58236.15,0,0
55,42863.21,658.0,27,8435.87,1,12,0.197,2376.67,2064.87,29,81.95,0.941,salaried,auto,west,49000.1,0,0
26,54868.26,747.0,28,4116.48,8,12,0.075,2627.99,17883.12,30,87.6,0.806,salaried,education,central,64599.37,0,0
39,35968.13,645.0,10,559.85,2,36,0.016,983.51,10496.9,21,46.83,0.729,contract,auto,central,50644.86,0,0
50,48206.41,850.0,20,704.07,8,12,0.015,2149.56,26968.95,38,56.57,0.834,contract,auto,south,60199.99,0,1
27,195408.95,613.0,25,4908.48,5,36,0.025,7815.29,49812.34,30,260.51,0.893,contract,home,central,85898.65,0,0
30,39077.45,700.0,17,1758.59,0,48,0.045,2191.23,14871.27,25,87.65,0.52,salaried,personal,west,57256.17,0,0
61,103971.08,599.0,3,990.97,4,24,0.01,4772.49,5723.77,24,198.85,0.709,unemployed,home,south,54998.74,1,0
52,53502.71,685.0,14,2737.27,0,36,0.051,2878.33,7108.52,17,169.31,0.308,salaried,business,central,51462.0,0,0
54,73568.51,639.0,22,12194.78,0,12,0.166,2953.57,17505.09,35,84.39,0.626,salaried,personal,north,55322.28,0,0
48,94850.87,629.0,5,682.39,6,12,0.007,5850.74,21956.97,31,188.73,0.923,salaried,home,central,56263.82,0,0
35,61237.82,597.0,6,5351.55,5,36,0.087,3316.52,1129.56,39,85.04,0.772,self_employed,home,west,45460.56,0,0
50,46246.07,663.0,14,15742.81,3,12,0.34,2116.92,24059.49,27,78.4,0.808,salaried,auto,east,40420.56,0,0
57,49824.35,721.0,8,2806.85,6,48,0.056,2725.44,2067.25,28,97.34,0.817,contract,auto,north,54451.52,0,0
49,50584.84,567.0,29,3234.2,4,12,0.064,1729.04,29621.16,30,57.63,0.435,salaried,home,north,51616.85,0,0
42,125362.74,646.0,27,19403.58,5,48,0.155,7717.35,62052.19,34,226.98,0.759,unemployed,auto,central,65596.76,1,0
24,27781.99,692.0,29,9448.49,4,48,0.34,1059.17,14783.31,33,32.1,0.79,unemployed,education,south,49635.48,0,1
40,24420.37,708.0,7,14382.57,5,24,0.589,885.63,1068.19,32,27.68,0.798,salaried,business,central,37144.78,0,0
52,25164.16,808.0,34,3072.33,6,24,0.122,1350.02,763.95,20,67.5,0.809,contract,home,west,63457.27,0,0
56,36233.19,699.0,34,51644.04,5,12,1.425,1706.86,14628.93,22,77.58,0.482,contract,auto,south,33737.58,0,0
24,74238.44,616.0,25,1366.79,5,60,0.018,3923.19,27801.2,19,206.48,0.698,self_employed,home,central,52178.23,0,0
47,76316.06,602.0,29,29416.63,6,12,0.385,4068.76,2619.53,27,150.69,0.472,self_employed,business,central,43758.74,0,0
37,41217.73,601.0,34,20914.2,5,36,0.507,1951.93,2519.12,24,81.33,0.678,contract,auto,central,37169.23,0,0
32,53486.19,596.0,10,7224.54,6,48,0.135,2996.37,1586.39,34,88.13,0.494,self_employed,business,north,43206.58,0,0
42,32783.01,668.0,19,7921.72,4,24,0.242,1675.24,15866.49,28,59.83,0.925,self_employed,personal,north,50243.12,0,0
37,34180.19,686.0,30,13426.81,5,48,0.393,1534.51,15009.48,27,56.83,0.632,salaried,home,central,50320.28,0,0
30,70329.04,720.0,33,3297.7,6,24,0.047,3695.65,22800.69,28,131.99,0.86,salaried,home,south,62311.89,0,0
21,86808.33,707.0,11,6746.88,3,24,0.078,3609.16,24238.15,26,138.81,0.419,salaried,auto,west,57290.05,0,0
42,43714.34,756.0,27,20939.67,2,24,0.479,1794.58,2079.28,36,49.85,0.714,salaried,home,west,49138.38,0,1
46,113069.37,593.0,2,636.21,5,12,0.006,3955.79,22716.94,42,94.19,0.802,self_employed,home,north,56509.78,0,0
38,83660.52,789.0,4,21235.13,2,12,0.254,4696.0,37196.46,23,204.17,0.635,self_employed,education,north,55582.8,0,0
34,110888.07,596.0,12,11743.36,4,36,0.106,3693.13,61127.81,28,131.9,0.788,salaried,education,south,61449.38,0,0
49,47314.77,680.0,11,13221.01,5,12,0.279,1481.28,6298.08,29,51.08,0.956,salaried,personal,central,44062.93,0,0
32,107399.29,633.0,0,602.17,4,60,0.006,3220.09,27836.87,23,140.0,0.831,contract,home,north,58604.54,0,0
56,144465.24,648.0,18,1871.6,3,24,0.013,6985.48,37015.83,35,199.59,0.724,salaried,business,central,78338.16,1,0
55,44997.72,707.0,28,23343.88,3,12,0.519,1311.47,1223.99,28,46.84,0.631,self_employed,home,west,52217.87,0,0
32,50545.23,528.0,24,1192.03,6,24,0.024,2880.15,280.79,31,92.91,0.786,contract,home,west,48539.88,0,0
27,35366.72,579.0,15,8977.09,5,24,0.254,1765.49,1543.07,26,67.9,0.745,salaried,personal,north,38704.76,0,0
49,32373.75,714.0,16,13737.98,4,12,0.424,1739.85,12388.64,33,52.72,0.823,salaried,auto,south,42516.36,0,0
31,32544.12,650.0,27,2367.28,4,36,0.073,868.96,1700.78,29,29.96,0.926,salaried,auto,central,51136.07,0,0
53,37603.04,628.0,4,10799.53,1,48,0.287,806.86,2112.6,28,28.82,0.292,self_employed,business,south,39951.49,0,0
26,61305.94,555.0,0,610.43,11,12,0.01,1484.8,20085.18,38,39.07,0.226,salaried,personal,west,41824.99,1,0
35,38325.1,629.0,2,6216.18,5,36,0.162,1879.72,521.23,28,67.13,0.73,salaried,personal,north,39763.09,0,0
52,60468.22,708.0,23,3664.05,5,36,0.061,1520.05,25024.2,21,72.38,0.649,contract,auto,central,61666.02,0,0
31,61033.63,602.0,28,9339.57,4,60,0.153,2472.34,28956.29,28,88.3,0.655,salaried,business,north,54010.1,0,0
43,43846.23,766.0,14,19784.42,4,36,0.451,2380.5,13027.43,22,108.2,0.428,salaried,home,central,44133.14,0,0
46,52670.63,742.0,3,1206.83,6,24,0.023,1882.22,7292.44,25,75.29,0.771,unemployed,education,west,54099.82,0,0
54,42720.72,620.0,0,5385.57,6,36,0.126,973.75,1598.36,29,33.58,0.457,contract,personal,south,43782.0,1,0
54,47106.54,599.0,14,4952.24,2,24,0.105,2715.31,4779.35,27,100.57,0.637,salaried,home,south,43616.63,1,0
49,37647.12,415.0,23,3521.33,5,12,0.094,1895.31,8925.74,29,65.36,0.852,self_employed,auto,west,35206.27,1,0
24,56266.08,558.0,30,5888.22,6,48,0.105,1254.75,2121.37,33,38.02,0.846,salaried,business,central,47801.76,1,0
37,41346.97,553.0,19,19137.17,2,36,0.463,1420.43,23457.23,24,59.18,0.671,salaried,home,west,39176.4,0,0
55,32056.98,528.0,9,32730.66,2,60,1.021,1165.17,12988.0,32,36.41,0.526,self_employed,education,central,25110.23,1,0
33,70759.56,647.0,10,25.62,2,12,0.0,4035.29,27442.99,31,130.17,0.842,unemployed,home,central,56078.07,0,0
61,71846.06,677.0,17,12090.2,2,36,0.168,1753.8,31628.61,24,73.08,0.932,salaried,auto,north,52940.86,0,0
59,89345.34,804.0,33,8592.51,5,24,0.096,4727.68,10586.24,41,115.31,0.34,unemployed,business,north,71772.21,0,0
35,34167.19,656.0,27,46846.96,8,36,1.371,2098.64,15259.15,20,104.93,0.727,salaried,personal,east,26768.0,0,0
49,43633.6,477.0,15,848.12,4,12,0.019,1610.06,7018.83,26,61.93,0.849,self_employed,business,west,37000.81,1,0
49,60097.46,586.0,23,15010.58,6,12,0.25,1311.53,27099.21,20,65.58,0.847,salaried,home,east,44592.15,1,0
31,43221.01,702.0,11,24453.12,5,36,0.566,1332.92,23237.88,38,35.08,0.953,salaried,auto,east,39158.6,0,0
52,70046.21,643.0,6,21885.6,5,24,0.312,1829.13,22294.25,23,79.53,0.994,salaried,auto,south,46665.14,0,0
22,67783.21,723.0,16,7400.55,5,12,0.109,3640.58,1761.8,17,214.15,0.774,salaried,home,south,60845.08,0,0
34,67217.1,606.0,3,3571.53,8,36,0.053,2384.5,24725.95,31,76.92,0.457,contract,education,north,54772.76,0,0
40,104490.38,748.0,32,9192.46,2,36,0.088,6087.98,22979.01,30,202.93,0.917,salaried,auto,south,71951.42,0,0
42,72390.81,671.0,18,3288.48,4,60,0.045,4264.78,24558.16,25,170.59,0.841,contract,home,south,59374.14,0,0
31,58061.09,673.0,25,4783.38,6,48,0.082,2101.67,15235.14,24,87.57,0.944,contract,home,south,61402.41,0,0
47,49657.71,663.0,10,5310.85,6,48,0.107,2285.76,2004.95,23,99.38,0.684,self_employed,education,central,52618.8,0,0
23,51239.25,585.0,30,3235.18,3,36,0.063,3083.26,10403.83,22,140.15,0.476,self_employed,home,south,52137.9,0,0
37,33560.51,645.0,0,3764.59,1,36,0.112,819.81,8008.6,33,24.84,0.739,salaried,personal,west,36047.95,0,0
64,24475.56,675.0,28,66.06,6,60,0.003,1298.16,1028.44,30,43.27,0.85,salaried,home,north,50512.07,0,0
48,66748.71,531.0,24,3172.6,7,48,0.048,1526.9,6822.47,29,52.65,0.837,self_employed,home,west,49211.49,1,0
49,93960.98,657.0,17,5753.14,4,12,0.061,3694.43,2268.05,22,167.93,0.9,salaried,personal,central,62155.38,0,0
41,46697.61,753.0,2,1709.64,2,36,0.037,1969.97,995.22,27,72.96,0.872,self_employed,home,north,45648.21,0,0
36,110657.2,687.0,17,14739.82,5,36,0.133,4838.43,309.23,22,219.93,0.797,unemployed,personal,north,56155.05,0,0
57,50039.57,766.0,6,6942.65,2,12,0.139,2812.71,1932.03,29,96.99,0.499,unemployed,education,central,50204.73,1,0
40,22489.47,685.0,27,14213.7,2,48,0.632,662.04,6275.24,34,19.47,0.979,self_employed,personal,south,40514.01,0,0
26,81896.55,574.0,16,1233.76,4,24,0.015,3211.17,168.41,25,128.45,0.541,salaried,auto,west,51808.0,0,0
39,43665.79,717.0,24,15458.79,2,24,0.354,1408.85,7277.35,22,64.04,0.862,self_employed,personal,south,53107.49,0,0
25,85301.76,553.0,17,28587.29,5,60,0.335,3875.4,33110.52,27,143.53,0.931,self_employed,personal,central,50676.5,1,0
23,30488.74,632.0,2,3911.09,5,36,0.128,1344.23,4127.99,20,67.21,0.749,unemployed,personal,west,40556.57,1,0
21,65213.38,627.0,24,3006.08,3,48,0.046,3498.54,3102.58,39,89.71,0.762,unemployed,business,west,45160.35,0,0
58,37789.72,592.0,6,9367.29,7,12,0.248,1066.76,6889.8,22,48.49,0.58,salaried,auto,central,36085.29,0,0
35,59315.87,850.0,9,9093.29,4,36,0.153,3252.7,3358.96,32,101.65,0.807,salaried,home,west,56765.34,0,0
54,76494.42,644.0,18,1073.8,4,48,0.014,2704.45,24592.01,32,84.51,0.694,contract,personal,central,59589.23,0,0
55,68904.75,804.0,14,23525.97,4,48,0.341,3068.31,8399.81,37,82.93,0.824,salaried,home,central,58549.26,0,0
45,55894.18,679.0,20,5869.02,5,48,0.105,1696.38,4820.43,31,54.72,0.855,salaried,personal,east,47462.39,0,0
44,29134.94,580.0,20,13011.21,5,12,0.447,1186.64,3025.13,30,39.55,0.564,salaried,home,south,37546.45,0,0
32,75256.3,615.0,27,4006.99,3,48,0.053,2090.05,3219.56,23,90.87,0.841,salaried,education,central,56625.24,0,0
38,86175.72,647.0,31,2728.65,6,12,0.032,4255.84,9536.26,30,141.86,0.727,self_employed,home,south,60833.87,0,0
35,33882.41,621.0,26,1061.68,3,36,0.031,770.0,19134.39,30,25.67,0.84,unemployed,personal,north,47002.95,0,0
64,36199.0,627.0,22,2888.28,5,36,0.08,1660.76,7312.1,29,57.27,0.888,salaried,education,west,43546.41,0,0
36,87824.94,699.0,9,45228.74,4,24,0.515,4578.23,5023.36,30,152.61,0.613,self_employed,auto,north,34336.1,0,0
47,49325.74,681.0,5,9655.45,2,48,0.196,2839.74,560.75,29,97.92,0.652,contract,home,south,46870.81,1,0
28,36623.63,709.0,23,14611.03,3,36,0.399,2010.73,795.2,23,87.42,0.778,contract,auto,north,44790.6,0,0
45,61245.73,780.0,17,28640.54,7,12,0.468,3558.64,5586.84,28,127.09,0.411,contract,auto,east,47140.11,0,0
37,40646.34,610.0,9,740.57,8,24,0.018,1887.45,20790.77,27,69.91,0.454,self_employed,personal,north,42738.51,0,0
49,58248.23,745.0,14,1619.62,7,12,0.028,1339.36,3352.25,38,35.25,0.969,self_employed,personal,south,52849.9,0,1
28,44983.77,768.0,33,23675.51,2,36,0.526,2756.33,20659.96,29,95.05,0.837,salaried,home,west,46655.9,0,0
35,46752.37,760.0,7,7482.45,8,24,0.16,2489.68,1763.44,21,118.56,0.753,salaried,home,north,48893.47,0,0
47,89293.04,500.0,34,9067.0,6,24,0.102,4067.05,43167.68,29,140.24,0.382,contract,personal,east,53866.3,1,0
27,17839.38,803.0,26,5021.79,3,48,0.281,713.19,1954.43,31,23.01,0.767,salaried,personal,central,57588.04,0,0
23,69538.64,596.0,24,15158.85,3,48,0.218,1731.32,16606.19,23,75.27,0.91,salaried,personal,south,46142.14,0,0
49,82905.18,494.0,2,6554.2,4,36,0.079,1763.35,11896.48,28,62.98,0.817,salaried,auto,east,45540.69,1,0
64,40949.82,801.0,20,15745.0,4,60,0.384,1595.65,1183.68,29,55.02,0.823,salaried,home,west,55311.71,0,0
44,82618.95,694.0,31,43667.24,1,36,0.529,5072.13,10069.87,26,195.08,0.726,salaried,business,north,46277.54,0,0
23,35187.25,697.0,20,9364.62,3,36,0.266,1503.87,17362.83,25,60.15,0.673,salaried,home,east,50151.08,0,0
40,40255.72,622.0,8,6772.51,3,12,0.168,1496.65,19498.6,31,48.28,0.795,self_employed,home,east,45206.61,1,0
35,38222.32,665.0,0,4089.41,2,12,0.107,1521.33,8924.86,28,54.33,0.669,salaried,home,south,41212.32,0,0
45,83123.4,638.0,3,1948.82,5,24,0.023,2765.37,36522.69,29,95.36,0.849,salaried,personal,central,55203.57,0,0
50,24705.31,597.0,3,9621.25,3,48,0.389,1520.14,6589.17,36,42.23,0.851,salaried,home,east,34319.05,0,0
34,113330.8,652.0,25,582.16,6,60,0.005,2990.2,20990.37,29,103.11,0.74,contract,auto,south,70296.81,0,0
27,47229.67,660.0,33,28171.11,3,24,0.596,2351.98,8491.92,23,102.26,0.937,salaried,personal,east,51791.97,0,0
37,71446.95,538.0,26,9385.75,3,24,0.131,2832.49,21745.22,34,83.31,0.863,self_employed,business,east,57385.37,0,0
64,68728.45,655.0,14,28827.64,3,48,0.419,1868.72,1863.12,35,53.39,0.672,salaried,home,east,41842.25,1,0
40,57991.65,498.0,31,2860.48,2,24,0.049,2628.39,25067.34,31,84.79,0.749,contract,home,north,42692.91,1,1
56,41344.36,813.0,6,26355.32,4,60,0.637,1885.89,10166.22,32,58.93,0.917,contract,auto,east,41977.64,0,0
29,94756.68,641.0,13,8523.65,1,60,0.09,2683.79,9572.07,27,99.4,0.693,salaried,auto,south,55092.47,0,0
58,42972.55,559.0,22,14959.09,7,24,0.348,1720.65,1668.11,24,71.69,0.819,salaried,auto,east,44817.93,0,0
42,38985.23,694.0,0,1774.25,4,36,0.046,2271.94,17827.82,32,71.0,0.737,self_employed,business,north,40806.5,0,0
22,80416.1,587.0,31,6240.31,5,36,0.078,2057.58,7081.05,30,68.59,0.764,salaried,home,west,56048.23,0,0
44,57848.76,648.0,25,7574.0,9,36,0.131,3556.56,4618.98,31,114.73,0.899,salaried,business,south,55416.59,0,0
28,99809.61,689.0,8,4490.88,2,60,0.045,2113.57,24471.69,26,81.29,0.881,salaried,home,west,57704.02,1,0
31,52669.92,564.0,15,2628.02,5,24,0.05,2464.11,2088.39,27,91.26,0.555,salaried,home,south,46563.83,0,0
33,40421.05,816.0,30,21163.59,5,48,0.524,1787.92,14426.06,33,54.18,0.512,salaried,auto,west,49545.35,0,0
37,61306.1,824.0,1,800.06,4,36,0.013,1306.34,35894.14,24,54.43,0.893,unemployed,business,east,61803.48,0,0
28,44292.57,605.0,31,1504.99,3,36,0.034,2067.67,12156.79,26,79.53,0.728,contract,home,south,56443.08,0,0
41,40951.14,555.0,9,3477.72,4,12,0.085,2212.74,9114.52,22,100.58,0.768,salaried,personal,north,41483.42,1,0
38,78774.9,605.0,24,22705.72,6,48,0.288,1833.02,36287.12,23,79.7,0.857,salaried,auto,south,46334.61,1,0
50,123525.12,609.0,17,7475.36,4,24,0.061,5155.9,7098.98,32,161.12,0.534,salaried,business,west,62126.12,0,0
38,48489.0,744.0,33,4203.77,5,12,0.087,2485.22,26071.03,29,85.7,0.847,salaried,home,west,57029.51,0,0
51,34939.26,606.0,28,4637.69,3,12,0.133,1882.36,9047.68,34,55.36,0.801,self_employed,personal,west,46551.87,0,0
58,50561.45,551.0,23,16369.08,3,12,0.324,2786.78,19531.63,21,132.7,0.934,self_employed,home,east,47170.06,0,0
52,68299.69,659.0,2,244.3,3,36,0.004,1655.07,702.86,26,63.66,0.581,self_employed,auto,north,50313.57,0,0
31,60831.67,523.0,14,102.63,5,48,0.002,2949.08,2642.16,24,122.88,0.637,self_employed,auto,south,49021.9,0,0
45,92726.01,741.0,2,424.62,7,12,0.005,4716.06,2070.16,32,147.38,0.67,contract,personal,south,58977.23,0,0
53,73078.57,701.0,30,5700.41,2,24,0.078,2359.08,10893.65,40,58.98,0.747,salaried,education,west,62565.73,0,0
58,32973.71,599.0,9,7834.32,7,60,0.238,2026.78,3247.36,39,51.97,0.728,salaried,education,west,39680.62,0,0
61,43390.97,608.0,21,8814.72,3,36,0.203,2202.66,736.04,33,66.75,0.697,salaried,education,west,43722.1,0,0
28,29103.82,671.0,13,11821.98,4,48,0.406,1718.42,9199.24,29,59.26,0.577,self_employed,home,east,37501.67,0,0
31,90681.23,556.0,8,1893.42,5,36,0.021,4511.66,48913.08,30,150.39,0.784,unemployed,home,north,51768.16,1,0
42,22107.03,583.0,17,2737.78,6,36,0.124,580.37,3787.8,25,23.21,0.762,contract,auto,east,37158.51,0,0
44,30409.2,631.0,7,2511.56,4,48,0.083,961.83,159.72,31,31.03,0.712,salaried,education,central,33860.71,0,0
61,43031.55,538.0,14,1453.91,1,60,0.034,1655.47,20326.5,24,68.98,0.754,contract,home,south,42287.29,0,0
37,69826.08,611.0,14,2522.14,2,12,0.036,2701.88,33020.92,30,90.06,0.927,unemployed,home,central,58687.79,1,0
32,42841.22,559.0,5,8559.17,3,36,0.2,2044.97,2522.59,29,70.52,0.545,self_employed,education,south,35034.53,1,0
52,45965.52,771.0,11,4107.2,3,36,0.089,2066.97,5791.23,27,76.55,0.717,contract,home,central,54521.2,0,0
35,46374.84,616.0,18,13145.76,1,36,0.283,1131.88,5231.71,28,40.42,0.858,salaried,home,north,47191.8,0,0
36,58556.78,570.0,4,6918.96,5,24,0.118,3270.76,1684.51,33,99.11,0.598,salaried,home,west,34855.75,1,0
42,31281.11,707.0,26,2144.76,6,48,0.069,1763.93,515.02,24,73.5,0.715,self_employed,home,north,50292.51,0,0
48,35375.34,597.0,9,5669.56,4,24,0.16,1991.67,1604.35,35,56.9,0.515,self_employed,personal,south,42196.2,0,0
40,115429.55,556.0,13,8098.64,1,12,0.07,3462.2,43662.64,32,108.19,0.782,self_employed,auto,west,54427.31,0,0
53,64930.94,725.0,33,18102.34,2,48,0.279,2215.47,26826.46,33,67.14,0.851,self_employed,education,east,62235.59,0,0
30,76294.18,623.0,14,16146.61,1,60,0.212,3928.84,18257.88,28,140.32,0.566,salaried,auto,central,48960.67,0,0
60,55609.7,721.0,28,5003.66,4,24,0.09,2098.24,17207.54,29,72.35,0.756,contract,auto,central,60599.71,0,0
52,50862.13,649.0,25,9388.83,2,36,0.185,2007.91,21046.09,28,71.71,0.867,salaried,auto,south,50594.71,0,0
53,66550.01,661.0,26,3181.89,8,12,0.048,3041.46,2168.77,29,104.88,0.783,salaried,auto,north,55659.79,0,0
22,75163.89,698.0,2,9021.62,3,24,0.12,1669.91,479.39,34,49.12,0.664,salaried,home,north,48996.13,0,0
53,79279.44,596.0,2,21955.18,3,48,0.277,1752.9,18244.46,21,83.47,0.564,salaried,personal,central,41458.85,0,0
53,51177.14,581.0,34,8816.5,4,48,0.172,1194.16,2985.09,26,45.93,0.76,self_employed,auto,south,50493.22,0,0
61,83276.31,752.0,34,3258.7,3,24,0.039,2507.92,25882.58,40,62.7,0.804,self_employed,auto,west,60656.83,0,0
33,17857.92,699.0,5,9295.0,1,36,0.52,1102.28,4608.98,23,47.93,0.567,salaried,auto,central,33416.43,0,0
50,80945.32,644.0,13,20974.66,7,48,0.259,2017.57,43374.31,29,69.57,0.383,contract,business,east,48128.95,0,0
53,44707.31,718.0,25,1326.55,2,12,0.03,2578.01,18104.83,29,88.9,0.701,contract,auto,east,57481.2,0,0
33,69495.83,696.0,2,5927.79,5,24,0.085,1795.14,18578.42,27,66.49,0.796,contract,auto,east,52352.12,0,0
46,40449.22,730.0,32,3484.88,2,12,0.086,2084.49,1476.37,46,45.32,0.528,unemployed,auto,west,57943.18,0,0
42,29821.58,553.0,12,2487.33,9,12,0.083,1412.34,6421.34,37,38.17,0.985,contract,personal,south,36499.62,1,0
59,63124.66,645.0,28,4540.74,6,24,0.072,3230.11,3067.72,20,161.51,0.562,salaried,home,east,54090.76,0,0
22,27565.25,746.0,8,4507.4,5,12,0.164,673.82,12010.25,29,23.24,0.974,contract,auto,south,48576.75,0,0
58,45258.47,793.0,31,2126.44,5,36,0.047,2360.65,6611.63,28,84.31,0.726,self_employed,personal,south,60400.47,0,0
59,37586.74,604.0,21,4651.97,3,36,0.124,1294.75,7456.98,37,34.99,0.805,salaried,personal,north,54431.87,0,0
46,50072.91,664.0,21,9039.51,3,24,0.181,1568.56,1083.07,31,50.6,0.595,salaried,business,south,46742.74,0,0
35,77555.11,652.0,33,234.62,1,24,0.003,3633.97,37132.49,28,129.78,0.744,self_employed,business,south,64717.92,0,0
54,43458.84,544.0,9,40774.92,3,36,0.938,1087.76,3144.28,32,33.99,0.584,salaried,auto,central,27902.0,0,0
62,62414.94,626.0,24,3158.08,3,48,0.051,1927.86,21964.58,27,71.4,0.535,self_employed,auto,south,57696.07,0,0
64,75561.77,516.0,11,8795.01,3,60,0.116,3314.6,38603.68,28,118.38,0.806,self_employed,auto,north,47217.05,0,0
60,41222.32,636.0,2,3001.01,1,48,0.073,2198.03,23923.34,25,87.92,0.709,contract,auto,east,43311.55,0,0
31,41492.21,562.0,18,4500.99,3,24,0.108,2366.63,8507.98,26,91.02,0.563,salaried,education,west,43839.18,0,0
23,100327.79,664.0,32,7171.33,2,48,0.071,3872.91,12691.71,20,193.65,0.305,salaried,home,central,70036.03,0,0
26,52275.08,624.0,25,8517.33,5,48,0.163,3214.97,30974.96,26,123.65,0.531,salaried,personal,west,47517.95,0,1
29,68125.88,622.0,12,13245.02,2,60,0.194,3615.38,8722.24,37,97.71,0.65,contract,auto,north,45387.54,0,0
26,67893.97,782.0,6,14118.28,4,12,0.208,2553.04,7276.48,27,94.56,0.658,self_employed,education,north,53241.39,0,0
29,31599.78,656.0,33,6581.44,5,24,0.208,1173.8,17581.97,32,36.68,0.744,contract,home,central,52938.72,0,0
59,38468.92,810.0,21,708.72,2,12,0.018,1506.42,21656.8,26,57.94,0.902,self_employed,education,west,59018.54,0,0
51,64145.31,688.0,19,7343.6,4,24,0.114,3333.41,19111.01,28,119.05,0.681,contract,business,east,54726.0,0,0
52,21369.25,719.0,22,5843.56,6,24,0.273,729.94,836.34,24,30.41,0.842,contract,personal,east,45600.95,0,0
61,49262.38,576.0,13,2183.08,0,60,0.044,1236.18,12924.08,24,51.51,0.795,salaried,personal,south,45861.61,0,0
32,36703.31,591.0,29,91.93,5,60,0.003,1625.4,20472.24,28,58.05,0.616,salaried,personal,south,54499.58,0,0
28,89297.41,651.0,22,3417.73,3,36,0.038,4155.52,45048.89,26,159.83,0.569,salaried,auto,north,69742.36,0,0
28,63307.05,753.0,18,2703.72,2,24,0.043,3799.29,2014.1,28,135.69,0.95,self_employed,education,east,56057.53,0,0
48,92601.52,619.0,5,5935.85,3,12,0.064,2448.54,25813.69,35,69.96,0.676,self_employed,business,north,48680.14,0,0
40,53230.88,528.0,22,12904.31,4,36,0.242,2292.07,22274.51,31,73.94,0.963,salaried,home,east,33461.25,0,0
27,51469.77,684.0,9,5202.95,0,36,0.101,1536.21,20869.7,45,34.14,0.91,self_employed,education,central,54633.04,1,0
31,47229.87,655.0,34,27248.43,3,24,0.577,2472.18,3172.97,42,58.86,0.805,salaried,home,north,51483.89,1,0
40,43200.99,603.0,20,2251.32,2,24,0.052,1536.9,785.32,34,45.2,0.836,salaried,education,north,40644.45,0,0
36,181333.9,618.0,31,2247.14,0,36,0.012,8597.84,4975.17,36,238.83,0.629,salaried,business,north,81079.4,0,0
24,77903.51,576.0,29,8347.29,1,12,0.107,2182.61,2689.78,25,87.3,0.646,contract,business,north,54357.26,1,0
26,33530.65,729.0,32,20393.03,3,36,0.608,1510.41,439.45,24,62.93,0.618,self_employed,personal,north,46640.3,0,0
42,177671.03,652.0,5,10028.77,4,60,0.056,3814.52,36521.38,22,173.39,0.826,self_employed,business,south,77322.93,0,0
46,45150.61,670.0,4,10078.84,1,48,0.223,2522.31,1410.86,33,76.43,0.372,self_employed,personal,west,46257.79,0,0
23,62599.86,599.0,14,14772.35,7,60,0.236,2844.17,33961.17,26,109.39,0.826,self_employed,home,south,40824.02,0,0
61,82687.09,764.0,24,9942.02,3,24,0.12,2482.37,2026.63,37,67.09,0.71,salaried,business,west,66005.66,0,0
62,27117.13,669.0,12,12819.62,4,60,0.473,942.94,5174.99,31,30.42,0.517,salaried,home,west,41601.1,1,0
34,37335.61,468.0,5,18097.8,5,36,0.485,1011.14,19216.01,22,45.96,0.555,contract,home,central,28353.4,1,0
31,113740.43,689.0,1,71.48,5,36,0.001,5559.11,17559.89,29,191.69,0.624,salaried,home,central,63190.53,0,0
38,48963.34,628.0,16,19514.29,6,24,0.399,1784.46,18140.12,23,77.59,0.689,salaried,business,south,43786.89,0,0
32,84914.62,636.0,23,2181.68,3,60,0.026,5145.55,22071.28,32,160.8,0.7,salaried,home,west,61702.22,0,0
43,44176.1,734.0,11,21884.56,11,36,0.495,2567.17,24121.82,29,88.52,0.775,salaried,home,east,41145.48,0,0
32,51907.74,658.0,13,2785.46,3,24,0.054,2842.27,21712.9,32,88.82,0.432,salaried,auto,west,53923.98,0,0
33,120978.19,796.0,6,5466.67,1,36,0.045,3855.69,64701.35,31,124.38,0.814,salaried,home,east,70455.07,0,0
45,65965.06,659.0,25,24447.01,2,24,0.371,2175.24,26585.22,22,98.87,0.89,salaried,home,north,55875.81,1,0
39,46389.04,610.0,31,1046.24,3,36,0.023,1756.7,16049.93,27,65.06,0.542,self_employed,home,east,47664.1,0,0
56,39834.41,496.0,28,12308.42,4,24,0.309,2354.01,10426.69,23,102.35,0.691,salaried,education,central,40208.67,0,0
28,41508.61,589.0,8,4484.87,6,24,0.108,1684.0,15572.69,32,52.62,0.706,unemployed,home,east,42003.4,1,0
49,94722.04,623.0,13,219.56,5,12,0.002,2351.5,45136.0,21,111.98,0.932,salaried,auto,north,57944.2,0,0
52,76456.27,775.0,16,25191.59,4,24,0.329,2336.12,20654.31,31,75.36,0.667,salaried,home,south,52582.39,0,0
64,32308.82,611.0,24,1128.32,4,24,0.035,737.19,12611.4,25,29.49,0.644,unemployed,personal,central,47505.14,0,0
38,56343.96,790.0,29,13390.63,3,60,0.238,1308.8,15617.92,18,72.71,0.744,salaried,auto,south,61725.49,0,0
26,52571.67,552.0,28,4364.52,7,36,0.083,3116.81,3986.0,23,135.51,0.631,self_employed,home,north,48538.58,1,0
38,62457.51,584.0,28,14974.24,5,12,0.24,2906.84,21593.08,24,121.12,0.906,self_employed,business,south,53887.19,0,0
39,41290.72,746.0,17,12487.0,2,60,0.302,1034.53,2382.6,28,36.95,0.319,contract,personal,north,49085.83,0,0
42,88788.51,599.0,30,9026.9,6,36,0.102,4009.15,32527.1,23,174.31,0.436,unemployed,personal,west,59926.37,0,0
57,54143.72,743.0,18,25204.82,2,24,0.466,3319.37,27438.55,24,138.31,0.825,self_employed,auto,west,43582.33,0,0
52,64090.18,580.0,16,937.49,4,24,0.015,1375.77,7067.8,31,44.38,0.694,salaried,business,north,46777.61,0,0
61,38058.87,588.0,5,14421.23,0,12,0.379,1974.37,13923.06,30,65.81,0.85,salaried,personal,west,40625.66,0,0
23,38931.5,705.0,11,9999.41,2,60,0.257,1097.16,2108.79,37,29.65,0.854,salaried,home,north,52910.9,1,0
48,179132.31,581.0,2,3401.36,1,48,0.019,6546.51,31755.38,31,211.18,0.874,contract,home,south,76071.11,0,0
30,121787.86,627.0,34,7106.37,5,12,0.058,3116.23,11325.83,28,111.29,0.906,salaried,education,west,70263.34,0,0
55,52503.94,684.0,32,9311.3,7,36,0.177,1107.96,180.69,15,73.86,0.942,salaried,auto,north,53983.06,0,0
49,107996.25,629.0,28,11995.51,1,36,0.111,2701.85,55117.96,29,93.17,0.735,contract,personal,north,61077.25,0,0
35,93501.42,602.0,2,1863.88,6,48,0.02,4179.45,24101.73,28,149.27,0.752,salaried,education,east,55463.53,0,0
53,40890.58,547.0,4,969.4,6,36,0.024,2387.15,4407.32,25,95.49,0.723,self_employed,personal,central,38556.5,0,0
27,39096.18,773.0,13,968.83,1,36,0.025,849.59,15186.73,26,32.68,0.862,unemployed,home,north,57309.74,0,0
32,73196.62,789.0,27,3131.59,3,36,0.043,1716.61,39728.41,29,59.19,0.267,self_employed,auto,east,72377.46,0,0
50,60902.37,678.0,31,1506.97,3,36,0.025,1682.13,18934.26,26,64.7,0.659,salaried,personal,west,57158.65,0,0
41,45211.1,630.0,17,6903.89,5,36,0.153,2774.99,22650.82,26,106.73,0.735,contract,auto,central,48748.37,0,0
51,74948.16,635.0,12,5170.92,7,36,0.069,2092.99,38129.33,32,65.41,0.539,unemployed,personal,central,60161.37,0,0
44,28307.52,721.0,1,20119.94,4,48,0.711,1143.43,1288.58,23,49.71,0.596,salaried,home,east,34449.16,1,0
40,57053.84,738.0,24,11373.58,1,48,0.199,1288.14,10242.38,28,46.0,0.378,salaried,personal,east,58609.22,0,0
57,31023.01,604.0,19,2073.92,5,12,0.067,1745.93,9037.55,21,83.14,0.475,self_employed,home,south,43714.81,1,0
24,31486.18,741.0,6,421.25,0,48,0.013,1899.06,3285.33,24,79.13,0.711,unemployed,home,central,49970.12,1,0
48,39417.13,702.0,10,11114.71,1,24,0.282,2063.2,21828.41,17,121.36,0.846,salaried,education,east,46202.26,0,0
64,63798.14,740.0,4,16827.15,3,60,0.264,2826.44,2563.8,42,67.3,0.569,contract,home,central,50110.94,0,0
40,39980.35,514.0,28,10865.61,4,48,0.272,1247.49,930.08,34,36.69,0.681,salaried,education,west,43938.89,0,0
44,31314.96,614.0,17,9290.22,5,60,0.297,885.8,15153.02,41,21.6,0.538,salaried,auto,north,46120.29,0,0
52,67155.23,635.0,7,2580.92,2,36,0.038,2841.79,1909.98,31,91.67,0.464,unemployed,personal,central,50287.89,0,0
61,106057.45,610.0,26,6141.71,4,36,0.058,3493.6,39785.0,33,105.87,0.726,self_employed,auto,central,65452.48,0,0
56,72220.75,813.0,1,11617.6,10,24,0.161,3522.1,1987.56,26,135.47,0.964,salaried,auto,south,59552.21,0,0
54,121882.1,615.0,34,1934.07,5,36,0.016,3885.47,17174.36,22,176.61,0.759,salaried,home,north,73857.45,0,0
56,102143.12,690.0,25,5825.71,6,36,0.057,2852.44,46725.9,31,92.01,0.749,self_employed,auto,central,66651.26,0,0
22,43506.14,663.0,22,1120.16,2,24,0.026,1960.58,26068.81,26,75.41,0.692,unemployed,education,north,49325.52,0,0
35,72003.64,625.0,4,6808.98,7,24,0.095,3782.71,30802.9,30,126.09,0.884,contract,education,east,51038.32,0,0
54,51987.89,590.0,15,7670.07,2,36,0.148,1242.87,25391.45,32,38.84,0.848,salaried,personal,west,44347.42,0,0
56,87373.29,825.0,10,6898.93,6,48,0.079,4074.22,48005.49,25,162.97,0.429,unemployed,auto,south,70274.14,0,0
26,51983.66,631.0,18,5704.82,3,36,0.11,2849.35,1434.7,29,98.25,0.251,salaried,business,north,46701.55,0,0
59,37990.32,724.0,15,7968.67,3,24,0.21,801.5,1482.63,28,28.62,0.576,salaried,personal,south,50673.3,0,0
62,100512.03,649.0,31,51700.09,4,24,0.514,3031.82,33015.58,23,131.82,0.4,self_employed,home,west,46137.78,1,0
32,62505.39,611.0,11,8768.53,4,36,0.14,2079.81,12717.4,21,99.04,0.858,salaried,education,east,42285.63,1,0
23,40191.53,659.0,1,12569.57,6,24,0.313,860.85,230.28,22,39.13,0.754,salaried,auto,west,39503.74,0,0
38,43285.51,676.0,21,1920.09,6,36,0.044,2124.57,22399.83,42,50.58,0.808,contract,auto,central,49353.48,1,0
60,40076.11,610.0,25,6795.65,4,12,0.17,1535.22,3175.86,32,47.98,0.86,salaried,auto,north,46676.8,1,0
41,34517.22,585.0,32,67.8,4,48,0.002,1650.18,1195.35,29,56.9,0.887,contract,personal,central,40454.46,1,0
35,43700.64,690.0,23,287.67,6,12,0.007,1647.75,1672.47,29,56.82,0.528,self_employed,personal,central,55633.81,0,0
53,64078.2,660.0,4,3503.85,3,36,0.055,1799.36,21191.06,25,71.97,0.786,contract,auto,north,56046.67,0,0
55,55760.85,595.0,20,5656.36,5,24,0.101,2360.0,295.33,26,90.77,0.532,self_employed,auto,central,49228.0,1,0
46,44480.33,570.0,17,7714.49,3,24,0.173,2267.11,19151.8,31,73.13,0.859,contract,business,south,48687.87,0,0
28,106189.27,680.0,4,19703.66,9,24,0.186,2896.76,38665.92,26,111.41,0.923,self_employed,auto,central,57025.71,0,0
56,21921.32,487.0,7,13296.07,5,60,0.607,779.8,9572.41,25,31.19,0.502,salaried,auto,central,29618.31,1,0
50,62178.29,628.0,20,3209.78,2,12,0.052,3198.18,21656.99,28,114.22,0.717,salaried,home,east,53596.34,1,0
43,50805.42,661.0,4,12245.08,3,24,0.241,2447.96,22979.49,27,90.67,0.72,salaried,home,central,42738.31,0,0
62,35011.03,798.0,12,7174.4,8,12,0.205,2187.52,8142.23,27,81.02,0.701,unemployed,home,south,44976.27,0,0
64,63831.65,651.0,18,13593.72,5,36,0.213,1791.22,13404.94,25,71.65,0.355,salaried,education,west,50357.22,0,0
34,49075.41,624.0,28,4764.72,6,36,0.097,1725.99,15045.44,34,50.76,0.789,salaried,home,east,51425.17,0,0
34,94957.34,674.0,1,867.54,4,24,0.009,2762.03,29691.06,34,81.24,0.956,self_employed,education,central,56899.83,0,0
22,80067.82,589.0,25,8672.51,2,36,0.108,2482.62,17346.07,20,124.13,0.961,salaried,home,south,56802.42,0,0
57,127740.84,631.0,28,7328.43,6,36,0.057,3702.94,39274.16,37,100.08,0.943,self_employed,education,south,70734.37,0,1
25,43586.68,652.0,4,27634.79,4,48,0.634,2704.36,6233.24,32,84.51,0.469,contract,auto,east,33392.33,0,0
58,101564.52,704.0,31,1592.03,4,60,0.016,4851.19,40404.19,25,194.05,0.796,salaried,business,central,67471.11,0,0
61,32060.03,593.0,1,9607.5,2,36,0.3,780.99,18710.91,31,25.19,0.79,self_employed,auto,north,36426.09,1,0
34,51545.16,650.0,4,5783.34,7,36,0.112,2191.88,19111.39,30,73.06,0.915,salaried,home,central,46208.97,0,0
59,43942.57,498.0,32,4286.69,7,36,0.098,1067.11,12982.17,16,66.69,0.893,self_employed,personal,central,41045.22,0,0
45,71047.25,694.0,34,14243.74,2,24,0.2,2636.24,3871.11,22,119.83,0.696,self_employed,auto,south,50242.87,0,0
40,70278.7,630.0,18,14977.44,4,48,0.213,3338.65,28259.53,31,107.7,0.592,salaried,personal,west,52329.91,0,0
22,36124.3,810.0,14,11284.79,6,24,0.312,824.02,694.84,25,32.96,0.634,self_employed,home,central,48539.71,0,0
59,72852.09,680.0,34,785.74,4,36,0.011,1658.53,27678.81,27,61.43,0.842,salaried,education,south,67980.48,0,0
26,45650.96,576.0,7,3809.6,7,36,0.083,1427.73,20658.9,31,46.06,0.923,salaried,auto,south,42633.99,0,0
37,37512.94,557.0,0,430.9,4,60,0.011,1811.67,17525.14,33,54.9,0.849,self_employed,business,central,39480.25,1,0
45,53889.9,706.0,21,3789.98,2,36,0.07,3198.75,1325.02,40,79.97,0.362,self_employed,personal,west,53143.0,0,0
48,27873.18,803.0,16,9395.01,5,36,0.337,896.36,12927.09,29,30.91,0.844,salaried,personal,south,50920.31,0,0
22,82379.17,777.0,15,6581.51,3,24,0.08,4999.3,3983.51,23,217.36,0.858,salaried,home,south,59989.16,0,0
55,52837.19,547.0,0,10924.29,3,36,0.207,2307.91,6421.03,32,72.12,0.399,salaried,business,west,42066.16,0,0
57,53359.88,667.0,2,7215.85,3,24,0.135,2229.51,27404.25,30,74.32,0.88,contract,home,south,44999.77,0,0
25,52092.44,746.0,5,7303.6,9,48,0.14,1309.26,22560.13,20,65.46,0.273,unemployed,home,east,50626.43,1,0
21,113673.15,536.0,2,6437.89,2,24,0.057,6893.63,43123.99,30,229.79,0.299,salaried,home,south,55815.72,0,0
60,107311.91,738.0,29,4077.62,4,36,0.038,5774.58,50022.38,29,199.12,0.587,salaried,personal,north,71417.08,0,0
32,99492.99,590.0,10,5324.5,5,36,0.054,2086.21,16593.11,39,53.49,0.353,unemployed,home,east,51759.32,0,0
56,52142.27,632.0,26,1073.49,4,12,0.021,2809.01,5707.96,23,122.13,0.763,salaried,home,east,57005.25,0,0
43,32792.95,674.0,21,16189.52,2,24,0.494,1439.26,1969.87,23,62.58,0.97,salaried,auto,north,37279.68,0,0
51,53788.19,741.0,5,19801.2,4,60,0.368,1344.13,14568.37,34,39.53,0.599,self_employed,auto,east,42192.48,0,0
31,62409.96,780.0,30,13082.33,3,48,0.21,3123.79,1957.71,25,124.95,0.5,salaried,education,north,62461.45,0,0
30,78094.48,623.0,5,7884.68,1,24,0.101,3794.33,6253.65,25,151.77,0.813,salaried,personal,west,51107.24,1,0
23,62319.66,609.0,19,7578.57,6,36,0.122,3069.26,15664.1,39,78.7,0.33,salaried,personal,west,56163.1,0,0
34,34134.97,604.0,10,5719.4,3,36,0.168,1956.54,5850.24,27,72.46,0.759,salaried,auto,west,39406.06,1,0
36,42576.73,716.0,1,2368.04,4,24,0.056,2235.43,2269.81,30,74.51,0.66,salaried,home,north,45890.05,0,0
30,40873.56,735.0,30,4357.71,3,24,0.107,2403.0,14390.57,31,77.52,0.474,contract,home,west,52754.39,0,0
49,69049.15,726.0,25,41362.16,6,60,0.599,2537.89,8376.07,30,84.6,0.278,salaried,auto,central,44228.54,0,0
30,69816.03,673.0,26,1418.34,7,12,0.02,3089.87,21042.0,31,99.67,0.527,salaried,personal,central,60389.58,0,0
32,74056.56,681.0,30,7041.41,2,60,0.095,4584.73,3258.24,24,191.03,0.672,salaried,home,west,60208.81,1,0
50,62035.75,630.0,23,18124.62,4,24,0.292,2817.82,17396.49,31,90.9,0.744,contract,personal,south,47394.1,0,0
61,21447.43,638.0,12,5429.79,2,24,0.253,824.3,1164.33,43,19.17,0.775,contract,business,south,45504.11,0,0
21,24918.43,723.0,24,8373.74,1,24,0.336,1004.19,8008.42,24,41.84,0.874,contract,auto,central,51496.2,0,0
25,50864.25,672.0,24,15831.53,7,24,0.311,2625.31,7393.79,33,79.55,0.881,salaried,education,west,53997.13,1,0
40,56620.99,610.0,28,7137.93,3,24,0.126,2041.1,31247.63,30,68.04,0.681,contract,home,central,52371.83,0,0
28,95239.45,743.0,30,11833.11,3,24,0.124,2175.07,53854.72,31,70.16,0.869,salaried,personal,west,72556.94,0,0
63,56106.55,598.0,1,3839.36,7,48,0.068,3307.06,10078.75,36,91.86,0.561,contract,education,west,47160.58,0,0
32,34920.27,662.0,11,11885.34,3,24,0.34,1428.68,4217.15,26,54.95,0.652,self_employed,education,west,42599.8,0,0
21,72982.44,545.0,4,376.98,8,48,0.005,3098.03,5293.14,35,88.52,0.487,salaried,personal,south,50209.89,0,0
40,53757.41,570.0,26,1493.42,3,60,0.028,1930.68,25137.39,35,55.16,0.656,salaried,auto,east,50732.56,1,0
48,45210.08,652.0,33,9127.52,7,24,0.202,2675.15,19651.87,22,121.6,0.872,self_employed,auto,east,48173.85,0,0
63,26197.79,591.0,13,5363.44,8,36,0.205,747.28,12185.6,31,24.11,0.829,salaried,business,west,41850.36,0,0
57,56293.49,631.0,6,15860.62,5,36,0.282,2089.24,6415.93,30,69.64,0.511,salaried,home,east,43568.09,0,0
57,60052.12,753.0,9,3766.6,3,48,0.063,2200.19,3513.04,35,62.86,0.98,self_employed,home,north,51559.05,0,0
32,34604.33,639.0,28,13118.5,1,24,0.379,1446.01,454.05,23,62.87,0.568,self_employed,home,central,47050.97,1,0
57,75732.37,726.0,15,1348.13,5,48,0.018,4635.83,318.04,24,193.16,0.545,salaried,personal,east,62965.09,0,0
64,72740.86,584.0,20,23952.21,3,36,0.329,2122.26,18045.52,32,66.32,0.857,salaried,auto,central,48523.13,1,0
48,55382.04,697.0,32,4878.36,0,36,0.088,2619.14,18921.2,27,97.01,0.617,self_employed,personal,south,58024.6,0,0
35,54462.91,565.0,28,2362.83,3,36,0.043,2400.62,14234.73,27,88.91,0.734,self_employed,education,west,48879.65,0,0
26,82927.08,629.0,16,14009.56,3,12,0.169,2634.21,25001.62,21,125.44,0.806,self_employed,auto,south,58479.73,0,0
64,63920.07,700.0,12,26588.92,6,36,0.416,2432.59,22079.86,33,73.71,0.647,self_employed,education,north,48240.8,0,0
40,39497.2,651.0,5,22518.3,1,48,0.57,1517.81,5621.34,27,56.22,0.592,salaried,home,south,31541.28,1,0
34,49565.89,730.0,1,2445.56,3,24,0.049,1511.0,25210.54,27,55.96,0.923,salaried,auto,north,52379.7,0,0
22,69604.34,707.0,7,10032.89,2,36,0.144,2855.19,12144.59,28,101.97,0.821,contract,personal,north,52008.99,0,0
29,21708.42,624.0,31,7123.95,2,24,0.328,620.28,1300.22,38,16.32,0.691,contract,education,north,43347.76,0,0
57,35625.37,760.0,8,11622.27,3,24,0.326,1048.68,2085.73,24,43.7,0.713,salaried,business,west,46759.15,0,0
40,73641.35,687.0,22,6006.14,4,24,0.082,4139.3,14788.42,30,137.98,0.819,self_employed,home,south,62134.76,0,0
46,93339.15,629.0,6,5709.88,1,48,0.061,5576.3,3052.62,13,428.95,0.53,self_employed,personal,east,50655.05,1,0
49,85774.06,662.0,30,19287.71,3,36,0.225,3179.51,47853.79,24,132.48,0.895,self_employed,home,north,63884.87,0,0
21,80981.98,658.0,20,18449.39,2,36,0.228,1722.38,27777.18,18,95.69,0.73,salaried,auto,west,51819.16,0,0
55,57433.6,667.0,0,13943.4,6,60,0.243,3327.02,27216.48,30,110.9,0.829,contract,business,north,48236.04,1,1
26,34097.98,638.0,1,10983.81,5,48,0.322,1834.53,990.43,42,43.68,0.783,self_employed,home,central,35126.68,1,0
57,49588.76,682.0,10,10209.09,5,24,0.206,1892.59,14521.77,29,65.26,0.697,contract,auto,east,49287.48,0,0
25,22093.28,717.0,17,520.4,5,36,0.024,1030.51,520.12,32,32.2,0.489,salaried,education,south,44471.57,0,0
53,97274.8,686.0,23,12459.97,6,24,0.128,5731.45,2932.81,21,272.93,0.911,salaried,personal,west,60022.12,1,0
34,37507.61,683.0,18,9147.6,6,12,0.244,2324.81,1991.2,28,83.03,0.757,contract,home,north,47654.26,0,0
32,42616.4,641.0,4,3241.13,4,36,0.076,1715.26,24785.08,28,61.26,0.827,self_employed,education,east,50938.47,0,0
62,87236.54,575.0,28,15438.26,6,36,0.177,3522.68,44735.99,27,130.47,0.685,salaried,auto,south,51842.96,0,0
40,26197.46,554.0,1,16078.1,3,48,0.614,1496.68,13440.28,22,68.03,0.825,salaried,business,north,26928.42,1,0
44,31722.1,590.0,16,24219.5,3,24,0.763,1646.64,13125.39,27,60.99,0.464,salaried,auto,east,38468.07,0,0
63,61119.55,614.0,10,4877.1,6,48,0.08,3300.77,8063.2,29,113.82,0.863,contract,auto,west,50090.9,0,0
54,68471.38,792.0,12,7211.6,4,48,0.105,3192.45,985.97,28,114.02,0.559,self_employed,business,central,59330.78,0,0
45,52456.24,756.0,28,21275.77,3,12,0.406,1890.42,3723.1,27,70.02,0.863,self_employed,auto,east,51595.43,0,0
49,53231.87,600.0,31,3428.73,6,60,0.064,1532.2,2519.45,27,56.75,0.719,salaried,home,east,54338.63,0,0
59,95872.08,688.0,7,14335.11,3,12,0.15,5803.67,51781.71,24,241.82,0.253,salaried,business,south,56750.35,0,0
51,72138.51,644.0,9,43417.33,5,48,0.602,1959.96,27220.76,36,54.44,0.807,self_employed,home,east,33199.23,0,0
63,67882.02,670.0,24,9498.31,5,36,0.14,2680.32,34818.32,34,78.83,0.747,salaried,personal,north,53511.42,0,0
43,76806.22,603.0,10,37051.51,2,48,0.482,3129.19,4189.0,22,142.24,0.496,salaried,auto,west,37720.16,0,0
64,47322.18,841.0,27,6527.55,2,48,0.138,2741.85,4974.02,27,101.55,0.5,salaried,auto,central,64845.23,0,0
58,144051.27,808.0,32,1495.06,5,12,0.01,7263.17,3515.64,34,213.62,0.879,self_employed,auto,west,86351.53,0,0
40,19179.76,625.0,25,1737.85,1,24,0.091,591.79,1927.04,28,21.14,0.472,salaried,business,central,44704.23,1,0
43,104408.3,599.0,7,11829.93,3,60,0.113,3047.1,2610.2,35,87.06,0.926,unemployed,education,north,56577.76,1,0
36,81303.83,729.0,25,8.18,8,12,0.0,4902.4,2375.0,26,188.55,0.865,self_employed,auto,north,60748.41,0,0
62,60580.58,547.0,31,9759.4,0,12,0.161,1372.21,2616.04,27,50.82,0.836,self_employed,education,north,45638.96,0,0
28,56162.98,722.0,27,1476.15,3,24,0.026,3264.13,22944.86,23,141.92,0.905,self_employed,education,south,57953.76,0,0
41,50513.76,661.0,6,37426.25,6,48,0.741,1511.26,29983.57,27,55.97,0.792,salaried,home,north,31961.74,0,0
21,89014.06,528.0,34,1602.75,3,12,0.018,2188.2,1345.42,28,78.15,0.974,salaried,business,south,57809.53,0,0
28,53213.16,637.0,1,7235.98,4,36,0.136,1738.2,5843.9,31,56.07,0.846,self_employed,home,east,37312.99,1,0
49,39044.29,594.0,21,9962.86,3,12,0.255,1711.78,17260.04,35,48.91,0.931,salaried,auto,central,43241.74,1,0
52,81299.27,664.0,21,15408.03,6,36,0.19,4609.17,34770.55,26,177.28,0.724,salaried,home,north,55008.84,0,0
58,110541.34,655.0,2,5533.41,3,24,0.05,5419.25,10879.08,27,200.71,0.704,salaried,auto,central,61934.15,0,0
25,22760.32,535.0,7,24435.5,8,36,1.074,1207.39,11250.46,29,41.63,0.43,contract,personal,east,33418.06,1,0
42,156481.23,622.0,3,5889.6,3,24,0.038,9218.01,34259.73,28,329.21,0.7,salaried,auto,south,64179.81,0,0
54,33978.08,699.0,14,2613.89,5,24,0.077,715.66,9964.26,27,26.51,0.569,self_employed,home,south,55864.28,0,0
21,35167.08,713.0,11,8091.26,3,60,0.23,1686.69,14712.78,42,40.16,0.816,contract,auto,north,42233.2,0,0
46,30939.83,619.0,28,9656.65,4,24,0.312,1141.49,11517.5,32,35.67,0.679,self_employed,auto,west,42305.95,0,0
63,54197.07,689.0,8,6372.36,6,12,0.118,2513.15,22066.76,41,61.3,0.525,self_employed,auto,south,51073.87,0,0
30,30458.69,673.0,19,11890.7,4,24,0.39,701.65,263.51,19,36.93,0.884,salaried,home,east,43108.08,0,0
50,32169.79,646.0,33,4913.11,2,36,0.153,871.78,6018.08,28,31.14,0.865,self_employed,auto,north,51510.12,1,0
38,39741.55,689.0,25,39.12,9,36,0.001,2016.81,19518.0,28,72.03,0.601,salaried,education,south,56694.08,0,0
37,57659.2,571.0,20,2765.32,9,48,0.048,3318.91,32258.89,36,92.19,0.615,salaried,personal,south,54752.14,0,0
46,60215.44,650.0,22,26253.18,3,12,0.436,2502.96,15647.59,19,131.73,0.827,self_employed,personal,central,47384.49,1,0
28,94706.58,514.0,17,12965.74,1,36,0.137,2737.89,54748.27,29,94.41,0.661,self_employed,home,south,42518.41,0,0
60,93729.38,645.0,23,1891.31,1,24,0.02,4830.13,5251.21,26,185.77,0.873,self_employed,auto,south,63654.93,0,0
32,85911.68,771.0,28,620.8,6,36,0.007,1973.92,4411.9,24,82.25,0.807,salaried,home,west,67889.99,0,0
47,48159.43,623.0,12,3888.09,4,24,0.081,2466.07,21925.48,19,129.79,0.553,salaried,education,central,47235.09,0,0
28,23658.27,763.0,31,16287.58,5,24,0.688,1290.06,7756.42,26,49.62,0.644,salaried,home,west,50035.72,0,0
45,23423.82,624.0,18,1008.24,4,36,0.043,547.51,3359.01,28,19.55,0.64,salaried,education,central,46367.63,0,0
24,85646.06,558.0,16,7054.62,3,24,0.082,3223.8,14344.88,30,107.46,0.67,salaried,personal,north,48665.0,0,0
53,79196.67,707.0,1,2894.26,4,24,0.037,2053.87,898.81,25,82.15,0.941,salaried,education,central,62300.69,0,0
21,41047.41,689.0,17,11660.03,4,36,0.284,2258.45,21018.44,18,125.47,0.788,salaried,home,south,51881.85,0,0
39,28329.78,847.0,26,3.69,9,48,0.0,1558.7,671.55,26,59.95,0.373,salaried,home,south,59975.86,0,0
51,33819.13,567.0,13,2921.28,3,48,0.086,2004.24,591.09,31,64.65,0.44,contract,education,east,43713.65,0,0
36,58607.18,680.0,14,10233.85,3,48,0.175,1544.04,2175.02,34,45.41,0.841,unemployed,personal,south,51189.44,0,0
34,58656.43,683.0,7,7121.81,2,12,0.121,2981.52,34713.41,29,102.81,0.79,salaried,education,west,47206.44,0,0
25,86607.27,740.0,8,13580.86,3,36,0.157,5012.69,16699.68,22,227.85,0.708,self_employed,auto,east,53288.39,0,0
61,44238.05,695.0,20,1544.31,3,60,0.035,1733.4,6287.62,28,61.91,0.831,contract,home,north,53156.84,0,0
46,48541.96,626.0,34,6813.9,8,48,0.14,1675.25,3093.65,18,93.07,0.773,salaried,home,east,46916.71,1,0
48,89894.73,559.0,13,1960.83,4,24,0.022,4549.01,16608.64,22,206.77,0.635,salaried,auto,east,52404.81,0,0
22,20820.79,679.0,26,9175.39,5,36,0.441,786.42,10400.89,27,29.13,0.96,salaried,home,south,43453.91,0,0
26,62495.75,682.0,7,1267.26,6,36,0.02,2461.82,6000.0,21,117.23,0.81,contract,auto,north,61378.82,0,0
29,46611.24,704.0,34,1448.85,5,36,0.031,2373.39,494.58,23,103.19,0.631,contract,personal,east,56950.64,0,0
53,74663.15,625.0,17,3580.22,2,48,0.048,2963.28,767.62,40,74.08,0.976,salaried,auto,west,52114.5,0,0
61,68232.27,674.0,13,4626.07,4,12,0.068,3764.88,5969.25,32,117.65,0.877,salaried,auto,central,51178.69,0,0
45,39603.02,519.0,7,6212.44,4,12,0.157,1988.62,11197.39,32,62.14,0.941,salaried,home,east,42954.84,1,0
33,43118.15,563.0,7,7822.67,8,36,0.181,2599.43,21558.55,35,74.27,0.716,contract,personal,east,37429.26,1,0
29,19227.77,730.0,1,5693.78,6,60,0.296,832.39,5509.88,23,36.19,0.522,contract,personal,north,47778.91,0,0
33,75924.61,665.0,16,420.42,2,12,0.006,3664.78,25473.85,28,130.89,0.592,salaried,auto,east,56995.65,0,0
51,60348.91,690.0,12,3786.95,8,24,0.063,1406.21,21222.95,31,45.36,0.745,salaried,personal,central,57262.48,0,0
61,101654.04,599.0,13,570.12,4,36,0.006,5391.39,24754.85,29,185.91,0.788,salaried,business,central,59501.24,0,0
31,45264.12,588.0,8,1130.92,0,12,0.025,2116.33,9808.62,36,58.79,0.782,salaried,personal,east,46703.87,1,0
24,81752.45,614.0,26,876.76,3,24,0.011,3341.22,3163.81,23,145.27,0.852,contract,home,east,60238.74,0,0
54,33474.3,670.0,19,1548.8,2,12,0.046,2053.02,7468.72,29,70.79,0.601,self_employed,personal,north,48762.74,0,0
58,16040.06,708.0,11,15086.0,7,48,0.94,598.48,1409.22,34,17.6,0.687,salaried,education,west,40795.0,0,0
24,51920.49,629.0,21,8889.41,3,36,0.171,1374.62,27018.27,39,35.25,0.608,salaried,home,north,49355.04,0,0
58,41981.87,509.0,30,6361.22,9,36,0.152,1363.0,1512.22,25,54.52,0.566,salaried,auto,south,38517.2,0,0
39,33763.32,684.0,12,11859.57,3,36,0.351,1984.62,1690.15,26,76.33,0.697,self_employed,business,north,41239.15,0,0
26,81157.54,673.0,0,29249.53,4,24,0.36,2399.68,24087.67,33,72.72,0.62,contract,auto,west,39637.23,0,0
54,93312.65,691.0,8,4866.54,7,12,0.052,5698.91,36691.71,32,178.09,0.711,salaried,auto,central,55970.44,0,0
38,56808.41,723.0,9,4121.42,6,24,0.073,2791.84,3143.22,31,90.06,0.653,self_employed,home,east,59249.45,0,0
33,49904.5,716.0,28,34258.26,6,36,0.686,1459.37,22672.25,21,69.49,0.836,salaried,personal,central,46608.16,0,0
61,55726.93,766.0,29,13279.29,0,24,0.238,1315.14,12452.48,41,32.08,0.878,salaried,education,south,53840.11,0,0
43,40383.77,652.0,1,13509.74,2,60,0.335,1636.77,849.91,38,43.07,0.738,self_employed,education,west,43679.84,1,0
39,69784.57,613.0,17,8245.32,5,36,0.118,2915.44,12422.64,29,100.53,0.638,salaried,personal,east,50294.27,0,1
31,27099.83,738.0,27,6365.37,1,24,0.235,958.46,802.26,23,41.67,0.57,salaried,education,east,53114.34,0,0
21,33426.85,727.0,31,7198.41,5,12,0.215,759.51,18507.11,25,30.38,0.733,self_employed,auto,west,59585.03,0,0
44,37946.5,630.0,23,9502.18,4,24,0.25,2252.58,114.8,26,86.64,0.81,salaried,personal,central,48738.21,0,0
27,69120.73,744.0,13,4256.56,4,36,0.062,3164.1,3187.69,27,117.19,0.926,salaried,education,south,60672.25,0,0
45,47281.75,656.0,24,13721.52,3,48,0.29,1939.43,1061.07,21,92.35,0.796,self_employed,home,west,51352.0,0,0
41,99925.05,758.0,24,21593.94,8,48,0.216,3566.95,4894.97,27,132.11,0.909,salaried,business,east,61976.94,0,0
35,77768.32,797.0,31,7622.64,1,36,0.098,3813.49,2112.49,34,112.16,0.809,salaried,education,south,66707.45,0,0
21,37778.98,850.0,26,4323.77,8,60,0.114,1618.43,1657.76,26,62.25,0.786,salaried,auto,north,62907.43,0,0
32,72045.97,655.0,31,10704.41,2,24,0.149,4046.1,3645.27,24,168.59,0.776,salaried,auto,south,57331.39,0,0
27,45085.09,770.0,30,1809.85,3,24,0.04,1985.08,13200.13,33,60.15,0.567,contract,personal,north,58017.87,0,0
35,67032.39,723.0,23,31140.69,2,12,0.465,2853.98,29808.2,26,109.77,0.759,contract,home,south,48013.16,0,0
41,79482.92,730.0,34,9656.17,2,48,0.121,2313.03,4742.27,28,82.61,0.78,salaried,auto,south,61318.8,0,0
39,89466.68,686.0,29,629.64,3,48,0.007,2138.9,1724.82,30,71.3,0.488,salaried,personal,central,63446.68,0,0
49,59332.33,731.0,32,6790.42,4,24,0.114,1758.03,1228.02,36,48.83,0.149,salaried,auto,north,57875.13,0,0
45,111307.92,533.0,32,12488.92,1,48,0.112,3067.25,32928.77,25,122.69,0.964,contract,auto,central,57985.82,1,0
53,66078.02,648.0,26,2929.65,1,48,0.044,3369.39,2611.24,23,146.5,0.742,salaried,auto,west,54834.33,0,0
52,57570.96,594.0,32,471.02,3,36,0.008,1812.79,1684.99,22,82.4,0.848,self_employed,education,north,57415.99,0,0
55,47281.22,587.0,32,6045.33,6,36,0.128,2316.34,24067.72,39,59.39,0.599,contract,business,north,50507.52,0,0
64,40778.53,528.0,3,16141.57,7,48,0.396,1837.58,6922.16,32,57.42,0.83,contract,auto,west,28528.08,0,0
58,65443.84,605.0,29,2607.57,5,60,0.04,2047.2,642.81,26,78.74,0.858,salaried,personal,west,54319.46,1,0
46,56689.31,635.0,14,11361.19,2,24,0.2,2627.01,13326.74,23,114.22,0.718,contract,education,east,44163.05,0,0
31,60923.33,666.0,28,4715.06,8,12,0.077,3035.3,9786.41,28,108.4,0.803,self_employed,home,west,62157.63,0,0
55,67260.98,649.0,27,553.36,1,36,0.008,1452.73,24497.74,32,45.4,0.78,salaried,personal,central,62747.89,0,0
28,60807.64,739.0,31,3261.17,4,12,0.054,2681.8,2132.95,31,86.51,0.538,self_employed,education,east,62297.08,0,0
34,134051.98,574.0,29,3390.62,5,48,0.025,7105.78,59969.29,27,263.18,0.872,salaried,personal,south,70081.45,0,0
30,42719.71,485.0,11,21153.16,4,60,0.495,1092.84,2033.07,31,35.25,0.91,salaried,home,south,31165.44,1,0
22,65810.32,695.0,2,36031.41,4,48,0.547,2445.82,673.29,27,90.59,0.694,salaried,home,central,41475.5,1,0
29,48900.26,646.0,14,2118.86,4,24,0.043,1621.14,10748.61,33,49.13,0.954,salaried,home,south,52387.24,0,0
23,17896.09,644.0,9,5067.17,1,24,0.283,848.63,1174.75,19,44.66,0.774,salaried,auto,east,46930.9,0,0
41,49659.11,589.0,21,33835.05,1,12,0.681,2610.54,20570.77,28,93.23,0.792,contract,personal,east,33804.66,1,0
46,35545.77,727.0,22,4707.12,6,12,0.132,2169.08,17233.41,31,69.97,0.527,salaried,education,central,50768.4,0,0
28,52571.52,614.0,10,3865.58,1,36,0.074,2185.35,30368.44,25,87.41,0.869,salaried,personal,east,43245.17,0,0
22,53536.5,575.0,15,1047.61,3,36,0.02,2717.88,3078.7,32,84.93,0.36,salaried,personal,north,46496.41,0,0
26,64434.92,792.0,15,12595.67,3,24,0.195,2748.76,24900.86,26,105.72,0.655,contract,education,north,56304.62,0,0
48,42677.17,709.0,13,5331.67,2,36,0.125,1526.72,19154.06,25,61.07,0.774,salaried,auto,central,46432.34,0,0
49,45148.31,647.0,5,9161.5,6,36,0.203,1325.32,6368.09,27,49.09,0.787,self_employed,education,east,38953.67,0,0
46,74258.84,442.0,16,6417.52,7,36,0.086,4294.34,26594.27,29,148.08,0.567,self_employed,personal,south,40639.97,1,0
45,37643.8,630.0,30,1726.3,7,48,0.046,1700.79,7976.06,39,43.61,0.894,self_employed,home,south,46014.57,0,0
32,23687.34,648.0,9,1746.3,3,36,0.074,1125.7,1971.78,31,36.31,0.446,salaried,education,central,42554.53,0,0
25,58143.19,774.0,19,25284.22,5,36,0.435,2706.03,17705.77,34,79.59,0.719,salaried,business,east,43505.87,0,0
54,87717.96,501.0,8,19826.22,6,36,0.226,2694.55,23177.51,32,84.2,0.835,contract,personal,central,41370.98,1,0
57,73875.11,783.0,14,8489.12,3,12,0.115,2533.03,4442.04,26,97.42,0.669,contract,education,south,62319.78,0,0
35,58628.01,687.0,1,11.21,2,36,0.0,3285.05,33626.03,31,105.97,0.864,salaried,personal,central,49247.93,0,0
64,95110.1,547.0,3,5111.26,4,36,0.054,3761.1,5466.3,30,125.37,0.942,salaried,education,south,53059.18,1,0
56,88159.92,728.0,23,6803.4,4,36,0.077,1890.3,3033.39,35,54.01,0.786,salaried,home,east,57626.69,0,0
35,46680.81,629.0,17,5371.34,0,36,0.115,1821.61,2650.27,31,58.76,0.59,salaried,auto,south,45871.53,0,0
63,60559.69,509.0,10,23366.5,4,60,0.386,1848.84,10280.51,33,56.03,0.719,salaried,auto,east,40638.81,0,0
43,61741.22,612.0,25,375.52,1,36,0.006,3504.03,29578.79,25,140.16,0.621,salaried,personal,north,48993.36,0,0
26,52102.19,672.0,7,9576.03,4,12,0.184,2197.31,29724.94,36,61.04,0.8,self_employed,personal,south,46441.3,0,0
64,90256.55,655.0,21,3389.75,6,36,0.038,5618.95,22498.12,29,193.76,0.857,self_employed,home,central,66744.01,0,0
63,50591.4,705.0,4,7378.13,5,12,0.146,1122.6,9887.86,31,36.21,0.412,contract,auto,south,50599.13,0,0
41,43255.28,743.0,1,9601.86,4,48,0.222,1895.99,18290.63,36,52.67,0.757,salaried,home,south,54174.06,0,0
43,16878.68,557.0,4,5231.58,3,24,0.31,388.58,4975.6,28,13.88,0.924,salaried,home,south,33596.89,0,0
63,37826.43,648.0,34,1445.47,6,60,0.038,1235.79,9061.36,25,49.43,0.556,salaried,home,west,55772.1,0,0
36,29973.29,598.0,31,6587.71,3,24,0.22,911.45,14121.05,20,45.57,0.803,salaried,home,north,43418.41,0,0
35,53200.43,544.0,18,24321.68,2,24,0.457,1733.92,8447.03,30,57.8,0.393,salaried,home,north,38787.02,0,0
45,30817.56,646.0,3,6908.51,5,12,0.224,1901.4,12916.92,17,111.85,0.713,unemployed,auto,east,43200.97,1,0
56,71247.01,687.0,22,1180.62,8,36,0.017,2310.8,1744.23,27,85.59,0.352,salaried,home,east,60892.98,0,0
31,89214.33,692.0,18,15643.78,5,36,0.175,2469.89,15305.96,20,123.49,0.684,self_employed,home,south,60160.16,0,0
35,53422.08,616.0,25,2256.31,6,48,0.042,3230.58,29916.48,30,107.69,0.827,self_employed,home,east,50265.71,1,0
24,34793.71,564.0,25,4161.42,2,12,0.12,1631.27,569.87,25,65.25,0.6,self_employed,personal,west,46647.82,0,1
41,61628.53,595.0,6,5039.47,3,24,0.082,2019.78,15059.77,27,74.81,0.469,salaried,home,south,48472.53,0,0
33,127015.42,490.0,31,3735.54,5,24,0.029,6134.87,48295.47,21,292.14,0.764,salaried,personal,south,71132.84,1,0
42,110427.7,549.0,32,4664.46,2,36,0.042,5929.49,6121.18,23,257.8,0.583,self_employed,business,central,58384.56,0,0
39,28775.07,556.0,25,14283.83,3,24,0.496,619.67,2280.24,27,22.95,0.89,self_employed,education,east,37039.87,0,0
54,28298.62,722.0,23,2274.99,4,36,0.08,866.62,10888.9,26,33.33,0.667,self_employed,auto,west,49646.41,0,0
34,25215.36,722.0,22,5721.01,2,36,0.227,1125.12,9150.44,32,35.16,0.791,salaried,personal,north,40210.39,0,0
24,32479.33,831.0,25,181.9,4,48,0.006,1368.05,12002.61,29,47.17,0.272,salaried,auto,south,63637.64,0,0
47,60670.73,670.0,30,6377.38,4,48,0.105,2328.94,22087.02,27,86.26,0.762,salaried,auto,south,53719.38,0,0
49,42170.98,609.0,5,1065.9,2,60,0.025,932.75,2125.82,39,23.92,0.687,salaried,home,west,48071.44,0,0
48,37145.52,651.0,30,2984.53,4,48,0.08,2245.88,7861.18,27,83.18,0.893,salaried,personal,west,53723.83,0,0
55,86474.03,636.0,11,3535.7,4,48,0.041,4378.03,10536.23,38,115.21,0.695,salaried,home,north,60698.48,0,0
28,68771.31,596.0,16,773.48,4,60,0.011,4284.68,37171.41,33,129.84,0.87,salaried,home,west,55480.42,0,0
36,25156.81,677.0,25,4024.55,5,48,0.16,1441.03,8666.44,26,55.42,0.626,contract,auto,central,46409.09,0,0
62,84269.57,666.0,2,6203.43,4,24,0.074,3769.87,40247.24,25,150.79,0.443,salaried,education,north,53479.18,0,0
56,68030.79,643.0,14,5076.38,4,48,0.075,2415.82,8934.54,29,83.3,0.835,self_employed,home,west,54174.05,1,0
50,68714.7,625.0,23,2961.85,4,48,0.043,1901.02,1985.48,27,70.41,0.794,self_employed,personal,east,49808.8,0,0
38,41910.29,704.0,29,3144.17,4,36,0.075,1242.17,3712.16,28,44.36,0.906,salaried,personal,east,58271.61,0,0
22,49797.15,603.0,26,9035.85,2,24,0.181,2838.45,3852.93,23,123.41,0.879,salaried,personal,north,51336.67,0,0
33,22298.51,616.0,21,11405.28,7,12,0.511,1264.65,6320.27,25,50.59,0.878,self_employed,auto,east,42934.81,0,0
24,80028.97,690.0,1,7733.47,4,24,0.097,4537.1,29222.45,25,181.48,0.861,salaried,business,south,56142.62,0,0
46,34561.06,736.0,6,33638.11,4,48,0.973,1959.5,19284.52,29,67.57,0.994,salaried,personal,central,36487.77,0,0
45,36615.13,728.0,15,26083.21,4,24,0.712,1047.19,1769.28,33,31.73,0.845,salaried,education,west,40788.67,0,0
50,36393.17,628.0,23,932.95,5,36,0.026,2052.72,8593.6,24,85.53,0.924,contract,home,south,42959.87,0,0
31,121805.47,543.0,29,2726.68,4,60,0.022,3173.63,54689.66,23,137.98,0.876,salaried,business,south,69183.82,0,0
27,40098.06,625.0,0,18251.49,5,36,0.455,1527.85,7871.43,22,69.45,0.896,self_employed,auto,central,31201.33,1,0
51,82786.24,656.0,26,271.01,3,48,0.003,5148.9,3780.83,27,190.7,0.715,salaried,education,east,58388.33,1,0
64,53594.6,555.0,8,8072.74,3,48,0.151,2674.81,3061.58,33,81.05,0.377,contract,education,north,45108.33,1,0
30,37305.67,624.0,6,27810.3,0,48,0.745,1782.56,13480.46,27,66.02,0.944,salaried,personal,west,31474.54,1,0
59,34383.08,753.0,4,10218.92,3,24,0.297,1041.43,5686.48,33,31.56,0.869,self_employed,home,east,50127.99,0,0
33,40823.56,663.0,29,867.94,6,24,0.021,2103.55,14907.91,30,70.12,0.665,self_employed,home,central,55703.1,0,0
51,52391.12,604.0,26,12398.43,1,48,0.237,2286.83,10264.53,26,87.96,0.807,salaried,home,east,44897.67,0,0
27,71024.61,652.0,9,4251.44,5,36,0.06,2904.52,839.81,21,138.31,0.828,salaried,home,south,48768.51,0,0
62,43829.12,657.0,24,22905.76,4,36,0.523,1340.43,21026.24,34,39.42,0.922,self_employed,education,central,44540.69,0,0
62,43097.26,618.0,17,3035.84,5,36,0.07,1121.9,17432.22,29,38.69,0.531,self_employed,home,central,43559.4,0,0
56,36442.11,716.0,6,5768.96,3,12,0.158,1106.47,18695.03,24,46.1,0.513,salaried,auto,central,48697.03,0,0
40,31655.94,495.0,30,12355.33,5,24,0.39,1325.83,16643.98,32,41.43,0.993,contract,personal,south,35641.3,1,1
24,30486.49,690.0,31,2680.08,4,36,0.088,1860.44,6916.05,34,54.72,0.412,salaried,business,north,50940.61,0,0
27,84508.97,601.0,10,1805.64,4,12,0.021,2650.0,720.56,27,98.15,0.67,salaried,auto,west,55519.54,0,0
21,42702.91,739.0,9,24.41,4,36,0.001,2095.18,12531.8,25,83.81,0.466,self_employed,auto,north,50868.95,0,0
64,44439.14,542.0,21,6024.2,9,12,0.136,1250.75,10026.71,27,46.32,0.506,contract,home,south,46495.29,0,0
62,40135.81,730.0,30,23757.32,6,12,0.592,1517.82,15545.13,24,63.24,0.675,salaried,personal,north,46592.21,0,0
33,46977.06,583.0,13,2975.15,4,48,0.063,1519.96,23907.91,31,49.03,0.588,salaried,home,north,42609.59,0,0
42,64022.08,677.0,2,399.13,2,60,0.006,2255.25,2398.83,22,102.51,0.723,self_employed,home,central,48367.31,0,0
41,43516.86,610.0,23,8718.48,3,24,0.2,1310.06,1142.31,32,40.94,0.658,salaried,home,central,37042.48,0,0
42,58766.84,746.0,13,520.28,3,48,0.009,3607.25,21742.94,23,156.84,0.76,salaried,home,east,56850.49,0,0
48,102559.03,634.0,15,6363.61,2,12,0.062,3555.66,9730.7,21,169.32,0.687,salaried,education,central,64157.18,0,0
29,37464.58,589.0,27,4324.56,2,36,0.115,2142.22,7630.68,34,63.01,0.487,salaried,education,central,45262.83,0,0
46,44455.29,769.0,34,5806.48,4,36,0.131,1550.57,708.48,43,36.06,0.965,salaried,home,south,59112.56,0,0
29,72292.61,626.0,1,1597.51,3,36,0.022,3050.1,22529.68,31,98.39,0.545,salaried,auto,south,56308.67,0,0
35,106274.78,694.0,33,850.79,7,24,0.008,6262.42,5065.19,28,223.66,0.96,contract,auto,west,69728.3,0,0
30,30975.76,730.0,17,12440.39,6,36,0.402,927.34,1305.13,30,30.91,0.822,self_employed,education,west,49098.54,0,0
44,25200.98,575.0,6,2537.29,3,36,0.101,1009.03,134.79,29,34.79,0.737,salaried,business,central,40387.38,0,0
62,54161.58,686.0,6,14504.05,8,60,0.268,3267.98,3121.2,28,116.71,0.656,salaried,home,east,47819.65,0,0
28,51702.19,697.0,3,12786.01,3,12,0.247,2911.12,14212.32,31,93.91,0.806,salaried,personal,south,43758.99,0,0
44,74241.32,518.0,15,1990.07,5,60,0.027,3218.08,33358.67,35,91.95,0.975,self_employed,personal,east,52567.42,1,0
36,69314.0,677.0,5,21502.16,3,48,0.31,2139.84,36602.95,32,66.87,0.439,self_employed,personal,central,48940.09,0,0
46,53354.66,620.0,19,1582.9,4,24,0.03,2325.25,12880.28,23,101.1,0.739,contract,business,east,45428.44,0,1
47,86868.15,788.0,30,14357.41,3,24,0.165,4834.67,2935.62,30,161.16,0.796,salaried,personal,north,60859.74,0,0
57,39876.48,724.0,18,4910.83,3,12,0.123,1962.05,2081.68,27,72.67,0.674,salaried,personal,west,45990.29,0,0
24,59588.11,687.0,21,1819.23,6,36,0.031,2505.1,21911.94,27,92.78,0.87,self_employed,home,south,55673.41,0,0
44,31348.82,476.0,20,25041.76,6,36,0.799,973.01,4052.48,20,48.65,0.498,self_employed,auto,east,32515.58,1,0
39,53158.98,688.0,17,29734.39,8,36,0.559,2518.33,19526.42,24,104.93,0.946,salaried,auto,west,38499.47,0,0
56,28070.96,585.0,31,6445.4,2,36,0.23,932.83,16292.84,37,25.21,0.82,self_employed,personal,north,44761.61,1,0
59,32789.72,724.0,33,5699.9,5,36,0.174,700.0,1941.37,30,23.33,0.38,contract,home,south,53973.58,0,0
30,116920.95,636.0,26,20799.34,4,48,0.178,4285.76,63950.92,35,122.45,0.849,salaried,education,north,62274.6,0,0
45,23836.14,606.0,29,8160.11,7,36,0.342,697.01,10457.44,28,24.89,0.485,salaried,education,central,36051.33,0,0
38,49143.84,613.0,32,2783.69,2,36,0.057,2854.04,26121.89,31,92.07,0.678,self_employed,auto,east,57057.33,0,0
39,78609.42,619.0,26,4983.56,2,24,0.063,2033.23,20276.13,31,65.59,0.571,unemployed,home,central,61272.54,0,0
56,147209.2,535.0,22,16270.4,2,36,0.111,5147.27,32122.45,41,125.54,0.366,salaried,business,central,63431.47,1,0
30,58670.0,547.0,18,17666.99,6,12,0.301,1747.37,35030.48,35,49.92,0.384,self_employed,personal,north,44523.46,1,0
53,60198.28,621.0,30,25209.31,7,36,0.419,1677.55,32004.39,35,47.93,0.369,unemployed,home,east,41956.54,0,0
25,55152.56,782.0,3,3060.39,3,36,0.055,2287.13,4768.47,27,84.71,0.591,salaried,home,west,54858.65,0,0
55,87182.2,711.0,18,10253.58,2,60,0.118,5380.26,42706.97,26,206.93,0.734,self_employed,business,north,64022.49,0,0
64,65792.86,718.0,21,637.56,4,36,0.01,2417.87,1778.66,23,105.12,0.803,self_employed,auto,west,55092.41,0,0
54,41823.37,752.0,8,11648.45,5,36,0.279,1722.45,11181.25,31,55.56,0.825,contract,education,south,50952.21,0,0
53,89498.78,674.0,30,7454.51,2,36,0.083,4237.93,616.27,23,184.26,0.569,contract,personal,central,59475.31,0,0
41,44003.05,611.0,9,2586.33,4,24,0.059,2187.18,10281.99,35,62.49,0.816,self_employed,education,central,47613.83,0,0
37,26388.32,615.0,9,9568.3,4,12,0.363,1045.61,12927.82,34,30.75,0.827,salaried,home,central,35617.33,0,0
42,26426.01,580.0,29,1307.13,2,36,0.049,638.77,282.85,27,23.66,0.656,salaried,education,south,38982.42,0,0
57,49489.67,719.0,9,3655.57,2,12,0.074,2761.36,11085.93,23,120.06,0.521,contract,education,central,55620.42,0,0
35,56747.6,570.0,17,4611.15,6,36,0.081,2487.83,9539.09,28,88.85,0.607,contract,education,north,42828.75,0,0
55,83285.79,828.0,18,13510.79,4,12,0.162,3360.02,7946.64,33,101.82,0.787,salaried,home,east,61168.89,0,0
48,72284.67,573.0,22,3323.73,5,60,0.046,4039.86,4207.81,25,161.59,0.609,contract,education,south,51295.94,0,0
27,56158.48,754.0,3,452.5,6,36,0.008,2569.9,15264.9,37,69.46,0.806,salaried,personal,north,52168.37,0,0
52,85406.69,754.0,11,1794.19,8,24,0.021,2535.21,278.84,37,68.52,0.859,contract,auto,east,64651.22,0,0
31,54487.8,703.0,23,8430.58,3,24,0.155,2096.42,22501.91,31,67.63,0.858,salaried,personal,north,62698.74,0,0
30,30311.46,788.0,12,138.31,5,24,0.005,1500.75,9833.94,26,57.72,0.537,contract,business,west,49847.15,0,0
29,27479.52,633.0,3,14142.01,3,36,0.515,1701.03,1361.58,30,56.7,0.928,salaried,auto,south,36911.4,0,0
34,96317.9,661.0,26,20824.64,2,36,0.216,4463.92,22241.84,30,148.8,0.949,contract,auto,east,57695.73,0,0
33,19725.09,669.0,7,6155.86,3,12,0.312,570.72,10810.41,28,20.38,0.863,salaried,auto,east,40107.59,0,0
45,49496.97,700.0,25,11067.63,6,36,0.224,1066.92,179.04,33,32.33,0.592,self_employed,education,central,54090.21,0,0
22,207276.11,495.0,33,5590.4,9,12,0.027,6940.06,67173.83,37,187.57,0.458,contract,education,west,82967.31,0,0
55,66613.0,641.0,8,3323.46,6,60,0.05,2575.3,2021.62,27,95.38,0.689,salaried,education,west,54846.48,0,0
27,49323.49,723.0,9,1621.47,6,36,0.033,2307.37,1324.13,22,104.88,0.821,contract,auto,north,48865.79,0,0
41,25386.99,618.0,0,6571.33,4,60,0.259,734.86,144.02,28,26.24,0.745,self_employed,personal,east,39096.95,0,0
38,112175.15,817.0,7,23919.15,5,36,0.213,2728.93,20967.65,29,94.1,0.938,salaried,home,west,72889.54,0,0
23,93547.31,661.0,9,19863.2,5,36,0.212,2820.72,33055.99,28,100.74,0.334,salaried,home,east,58205.46,0,0
62,73729.53,694.0,24,22689.56,4,48,0.308,3177.83,10306.52,25,127.11,0.553,contract,auto,west,50419.93,0,0
59,54162.72,782.0,30,30542.56,3,12,0.564,1422.32,6862.62,37,38.44,0.465,contract,home,north,48325.7,0,0
61,70080.9,661.0,2,1626.77,2,36,0.023,1908.2,6922.78,29,65.8,0.664,self_employed,education,east,47849.87,0,0
31,50671.58,780.0,34,1425.95,8,24,0.028,2947.63,2828.44,27,109.17,0.725,contract,business,east,56332.4,0,0
59,34962.54,700.0,7,5023.79,5,48,0.144,858.59,12150.61,23,37.33,0.771,self_employed,auto,west,41971.1,0,0
44,83312.24,700.0,0,10520.68,4,48,0.126,4162.1,1356.77,29,143.52,0.935,self_employed,home,south,51327.61,1,0
39,52955.31,574.0,4,5213.45,3,36,0.098,1157.7,30889.09,26,44.53,0.599,salaried,personal,north,43001.85,0,0
24,68519.58,744.0,26,20060.2,7,24,0.293,3103.34,17599.27,29,107.01,0.938,salaried,auto,south,57726.63,0,0
46,51302.49,598.0,25,11373.39,5,24,0.222,2832.09,4363.49,25,113.28,0.844,salaried,auto,south,49195.26,0,0
58,66690.56,634.0,25,9045.38,2,36,0.136,2874.25,21101.36,22,130.65,0.88,self_employed,personal,north,49860.25,0,0
62,53824.19,757.0,10,663.19,1,36,0.012,1694.21,14657.09,25,67.77,0.869,salaried,home,south,59820.87,0,0
52,51966.4,619.0,33,1735.01,5,48,0.033,1126.62,19654.15,24,46.94,0.85,salaried,home,north,52866.64,0,0
59,54912.45,680.0,1,5029.97,5,24,0.092,1166.8,2336.39,23,50.73,0.745,salaried,auto,east,47886.72,0,0
56,205333.62,645.0,20,33708.96,5,36,0.164,11303.92,4531.28,28,403.71,0.941,salaried,home,east,73191.09,0,0
60,77736.73,648.0,25,3663.72,4,24,0.047,3653.34,927.3,36,101.48,0.649,self_employed,home,west,60760.15,0,0
57,173464.12,637.0,11,8947.67,6,36,0.052,6902.82,4507.74,25,276.11,0.884,contract,auto,central,67869.23,0,0
53,53979.19,562.0,8,40512.18,1,48,0.751,2263.14,16886.74,27,83.82,0.506,salaried,auto,south,18923.98,1,0
56,47142.2,696.0,22,2759.03,3,24,0.059,2024.61,1369.31,29,69.81,0.579,salaried,auto,west,55683.56,0,0
23,33410.03,704.0,4,1640.9,6,60,0.049,1195.14,1324.13,28,42.68,0.428,self_employed,home,central,47521.15,0,0
29,111463.68,601.0,8,7113.53,5,12,0.064,6179.04,53577.11,32,193.1,0.928,self_employed,education,north,61702.45,0,0
28,36050.17,612.0,9,7224.46,4,24,0.2,2243.59,789.63,28,80.13,0.868,self_employed,personal,central,49717.48,0,0
53,122308.56,728.0,9,22946.35,2,36,0.188,5154.05,23225.88,23,224.09,0.744,self_employed,education,west,58693.23,0,0
26,34293.64,628.0,13,241.07,3,36,0.007,1419.63,4930.93,28,50.7,0.545,self_employed,business,east,43344.47,0,0
61,80740.61,658.0,9,4708.78,4,48,0.058,4799.63,28910.7,28,171.42,0.468,self_employed,home,east,58948.29,0,0
59,26477.4,575.0,21,3370.25,1,48,0.127,1282.36,957.6,36,35.62,0.691,salaried,home,west,37971.72,0,0
24,44405.56,645.0,22,7617.79,1,24,0.172,2106.65,11985.26,30,70.22,0.771,salaried,home,west,52159.6,1,0
33,54717.38,576.0,15,84.37,1,36,0.002,1280.86,22442.23,26,49.26,0.853,self_employed,education,central,48584.27,0,0
22,41403.85,599.0,10,11173.94,9,36,0.27,1707.09,1744.93,19,89.85,0.301,salaried,business,north,35538.54,0,0
25,50201.64,585.0,34,5972.12,4,24,0.119,2304.01,24369.38,26,88.62,0.841,self_employed,education,central,51708.39,0,0
64,50309.78,723.0,19,10856.46,3,24,0.216,2763.43,8482.39,25,110.54,0.79,salaried,auto,central,50794.23,0,0
47,77895.24,537.0,4,5344.71,3,12,0.069,4003.39,22731.32,31,129.14,0.876,contract,business,west,47439.25,1,0
52,21183.16,673.0,12,5785.39,3,24,0.273,1315.52,9577.26,29,45.36,0.805,contract,auto,south,40830.02,0,0
41,42053.0,631.0,16,20331.4,4,12,0.483,1013.31,5087.81,32,31.67,0.495,unemployed,education,east,37814.69,0,0
28,95281.06,769.0,25,2131.74,3,48,0.022,4156.14,51796.36,30,138.54,0.763,contract,auto,west,70764.45,0,0
58,69780.92,716.0,19,2207.22,2,48,0.032,1776.52,688.93,28,63.45,0.683,salaried,auto,central,53013.69,0,0
28,95997.63,545.0,32,7378.13,6,36,0.077,5215.19,4717.49,30,173.84,0.537,contract,education,south,54457.59,0,0
23,76225.8,602.0,29,9715.23,5,60,0.127,3414.56,19151.17,26,131.33,0.625,salaried,business,central,55142.76,0,0
64,33270.23,649.0,15,3942.2,3,36,0.118,1072.96,3832.97,19,56.47,0.327,salaried,home,central,44798.85,0,0
23,72940.82,602.0,6,6596.56,3,24,0.09,2857.68,38245.14,28,102.06,0.6,salaried,auto,east,52952.24,1,0
42,56674.9,727.0,29,2327.26,2,48,0.041,3379.53,2520.65,18,187.75,0.617,salaried,personal,north,56211.05,0,0
26,150335.93,664.0,1,1314.71,3,24,0.009,8015.12,23028.27,22,364.32,0.88,contract,home,south,62866.13,0,0
22,77728.25,634.0,11,2449.38,6,24,0.032,3341.68,31544.4,36,92.82,0.559,self_employed,personal,north,52592.88,0,0
43,68563.48,733.0,0,22332.51,4,36,0.326,3716.9,757.28,38,97.81,0.798,contract,home,east,41342.04,0,0
64,73221.25,550.0,2,14567.13,5,12,0.199,1618.81,42893.18,34,47.61,0.922,salaried,home,east,49477.8,0,0
22,66901.76,627.0,7,1359.98,4,36,0.02,3894.39,22623.9,26,149.78,0.626,contract,home,east,52480.08,0,0
58,66092.5,671.0,25,429.11,5,24,0.006,3447.77,7087.14,28,123.13,0.327,contract,education,west,55997.77,1,0
37,48058.2,638.0,10,880.35,6,36,0.018,2596.18,2804.14,32,81.13,0.607,salaried,home,east,50903.91,0,0
55,68938.0,386.0,20,3126.03,7,48,0.045,2976.93,26539.2,29,102.65,0.583,contract,auto,central,35767.31,1,0
54,83017.77,679.0,4,15011.19,6,24,0.181,4133.35,32699.76,41,100.81,0.905,salaried,personal,central,49424.93,0,0
43,87303.66,693.0,25,3489.17,2,24,0.04,4153.84,51315.09,42,98.9,0.542,contract,education,east,62926.0,0,0
50,82669.22,564.0,20,1848.34,5,24,0.022,4523.11,2547.06,36,125.64,0.652,salaried,auto,south,58663.25,0,0
28,106790.97,464.0,8,4535.26,4,24,0.042,5360.01,23142.78,27,198.52,0.619,salaried,personal,north,44878.7,1,0
42,89796.52,592.0,16,1192.05,6,48,0.013,3751.91,3877.98,15,250.13,0.931,salaried,auto,central,56249.32,1,1
64,71885.73,633.0,1,5717.59,3,36,0.08,1752.4,34888.61,27,64.9,0.78,salaried,home,central,50135.8,0,0
56,32381.83,641.0,27,10130.73,3,48,0.313,2015.85,1354.06,24,83.99,0.988,salaried,home,west,43660.6,0,0
25,32387.55,483.0,26,4141.89,6,48,0.128,1150.02,14610.82,26,44.23,0.647,salaried,business,central,45066.08,0,0
33,48452.51,667.0,0,1716.21,5,36,0.035,2544.62,20424.63,34,74.84,0.776,salaried,business,central,44540.4,0,0
49,55328.26,737.0,10,5433.01,5,36,0.098,2561.57,6683.19,39,65.68,0.549,contract,business,east,57459.02,0,0
51,101630.68,731.0,17,12937.88,2,24,0.127,6257.78,4981.46,29,215.79,0.585,unemployed,education,north,63142.14,0,0
36,15508.32,754.0,26,717.18,3,36,0.046,945.9,5937.88,24,39.41,0.445,contract,home,east,59237.94,0,0
62,34032.02,547.0,9,662.21,4,36,0.019,1325.15,8408.76,39,33.98,0.919,self_employed,home,south,38043.52,0,0
50,49642.4,725.0,20,3445.99,5,24,0.069,2796.95,20085.27,24,116.54,0.922,contract,home,central,54149.28,0,0
36,34593.26,571.0,27,4826.1,3,36,0.14,894.2,17680.96,25,35.77,0.425,salaried,business,south,45232.28,0,0
32,37829.77,717.0,0,2195.53,3,36,0.058,1121.38,19675.45,35,32.04,0.423,unemployed,home,south,44371.37,0,0
37,43277.02,587.0,13,245.51,2,36,0.006,1935.44,9244.41,24,80.64,0.757,salaried,business,central,45132.56,0,0
36,35396.86,680.0,19,2231.07,4,12,0.063,1050.12,3131.92,29,36.21,0.48,salaried,auto,central,50978.85,0,0
32,38269.52,780.0,8,5144.26,3,60,0.134,986.9,5721.07,23,42.91,0.77,salaried,business,west,48078.37,0,0
28,100052.93,729.0,26,744.83,4,48,0.007,2930.26,3722.13,28,104.65,0.873,salaried,home,east,68489.29,0,0
40,71427.86,572.0,3,11325.6,3,24,0.159,2477.31,22826.91,22,112.6,0.587,contract,personal,west,41095.61,0,0
23,76402.79,553.0,17,7228.68,1,48,0.095,4719.61,23431.2,21,224.74,0.675,salaried,personal,south,48633.27,0,0
36,53350.83,716.0,30,5129.45,5,48,0.096,1306.93,10453.17,22,59.41,0.758,salaried,home,west,53276.9,0,0
50,85391.12,762.0,9,6581.6,6,36,0.077,2082.92,545.58,26,80.11,0.696,salaried,auto,south,56578.08,0,0
43,79340.92,687.0,8,9598.95,6,36,0.121,1797.87,15437.52,28,64.21,0.424,salaried,personal,east,55213.57,0,0
48,70922.43,607.0,27,47329.28,2,24,0.667,2184.71,29879.71,31,70.47,0.803,self_employed,personal,south,40813.03,0,0
60,40361.28,654.0,27,13429.7,5,24,0.333,1028.81,15367.71,32,32.15,0.876,unemployed,home,south,51170.67,0,0
25,44403.93,687.0,12,6995.87,6,36,0.158,1006.75,8012.36,21,47.94,0.813,salaried,personal,central,51968.37,0,0
40,87217.35,642.0,17,13248.0,4,12,0.152,3434.52,40792.73,29,118.43,0.778,salaried,home,central,54362.08,0,0
60,42936.17,572.0,11,5803.06,6,60,0.135,2333.97,24740.76,31,75.29,0.717,salaried,auto,east,41107.64,0,0
64,30338.24,740.0,7,3351.43,4,12,0.11,757.92,5050.84,26,29.15,0.93,self_employed,personal,south,44033.88,0,0
21,42565.18,810.0,22,2733.83,3,36,0.064,1074.52,20272.56,23,46.72,0.93,salaried,auto,central,63924.38,0,0
50,109286.98,771.0,4,4589.62,0,60,0.042,5971.73,5203.52,22,271.44,0.52,self_employed,auto,central,60492.46,0,0
41,42583.98,465.0,6,20.57,1,12,0.0,1468.35,14051.59,23,63.84,0.71,self_employed,education,north,41528.75,1,0
40,62783.32,748.0,14,1752.71,1,36,0.028,2616.57,1620.81,25,104.66,0.68,contract,business,central,60489.96,0,0
26,41066.19,699.0,2,1217.57,4,24,0.03,2191.78,7830.17,33,66.42,0.696,salaried,auto,north,53235.85,0,0
42,76384.99,594.0,17,29047.17,2,48,0.38,2892.49,3260.65,27,107.13,0.477,contract,home,south,42043.26,1,0
38,68979.15,483.0,25,603.41,4,36,0.009,1493.98,1772.86,31,48.19,0.614,self_employed,personal,north,45285.66,1,0
28,27693.88,640.0,32,6255.85,3,36,0.226,1057.17,9693.52,26,40.66,0.88,unemployed,home,east,46537.77,0,0
59,61121.22,681.0,20,22699.88,0,48,0.371,3530.98,16738.78,27,130.78,0.809,self_employed,education,south,44593.73,0,0
52,25408.42,556.0,16,8417.43,5,12,0.331,659.0,10735.13,32,20.59,0.468,unemployed,auto,central,32717.22,1,0
53,42220.85,755.0,1,6153.57,1,12,0.146,2069.18,6602.02,27,76.64,0.824,self_employed,home,north,49225.16,0,0
36,53898.33,753.0,24,12227.88,5,48,0.227,2239.61,3517.51,32,69.99,0.747,salaried,auto,east,50847.36,0,0
32,124379.13,690.0,18,3923.9,6,36,0.032,5348.04,14674.4,30,178.27,0.361,salaried,auto,north,67767.79,0,0
58,62508.67,533.0,24,1937.86,9,60,0.031,3464.16,10942.37,34,101.89,0.869,salaried,business,north,47122.01,0,0
54,38361.56,628.0,3,16912.49,4,36,0.441,2055.31,6180.38,22,93.42,0.599,self_employed,auto,south,37709.63,0,0
34,46969.58,712.0,2,524.21,2,36,0.011,2906.16,14925.97,16,181.64,0.689,salaried,personal,north,47284.08,0,0
56,82116.03,706.0,33,14842.69,4,36,0.181,2286.22,44416.51,31,73.75,0.792,unemployed,auto,south,68694.38,0,0
53,38596.52,591.0,9,981.97,4,24,0.025,1212.14,8753.44,31,39.1,0.93,contract,auto,east,41226.99,1,0
43,88755.47,603.0,26,8841.1,6,12,0.1,4610.3,6118.81,32,144.07,0.953,salaried,auto,north,54740.36,0,0
22,42814.28,588.0,25,5834.38,3,24,0.136,2389.06,21218.14,28,85.32,0.71,salaried,education,north,40803.99,1,0
61,35886.14,626.0,26,58771.08,4,24,1.638,1976.73,105.42,25,79.07,0.626,salaried,personal,east,23758.73,1,0
41,43436.21,609.0,0,4418.04,7,36,0.102,1731.25,13856.45,34,50.92,0.701,salaried,education,central,44054.68,1,0
22,26177.93,593.0,19,28379.2,3,36,1.084,663.17,12807.58,25,26.53,0.683,salaried,auto,south,34427.68,1,0
47,20380.63,638.0,24,4654.32,6,48,0.228,736.13,7103.39,36,20.45,0.881,unemployed,home,east,47958.62,0,0
29,52201.11,653.0,9,10302.86,9,12,0.197,1697.48,2920.62,22,77.16,0.666,self_employed,auto,south,47994.53,1,0
21,52560.28,742.0,0,9286.86,5,24,0.177,2213.65,196.53,25,88.55,0.783,salaried,education,south,39841.5,0,0
31,60803.81,499.0,15,813.77,4,60,0.013,1683.43,3442.99,19,88.6,0.532,salaried,home,central,43220.33,1,0
23,52085.23,754.0,10,12240.93,2,48,0.235,2472.09,23690.11,28,88.29,0.974,salaried,personal,north,54448.15,0,0
43,154533.15,586.0,3,2106.33,3,36,0.014,9435.4,32449.19,28,336.98,0.857,salaried,personal,central,67401.67,0,0
46,58441.66,808.0,34,4425.69,6,36,0.076,3008.2,2244.41,23,130.79,0.641,salaried,education,central,63249.5,0,0
24,29161.12,707.0,12,13717.63,4,36,0.47,1803.35,1008.83,29,62.18,0.783,salaried,personal,south,49238.93,0,0
38,32729.7,697.0,20,25992.19,4,24,0.794,1652.33,17938.22,31,53.3,0.957,salaried,personal,central,36455.91,1,0
26,54183.79,641.0,14,7384.81,3,12,0.136,2803.02,14056.8,35,80.09,0.574,salaried,auto,north,42651.89,0,0
55,44536.22,825.0,9,6594.19,4,24,0.148,1914.77,3460.44,21,91.18,0.496,salaried,personal,south,53960.94,0,0
42,31169.15,647.0,10,6327.39,8,24,0.203,1880.57,186.52,23,81.76,0.545,salaried,home,east,45991.84,1,0
63,52760.51,778.0,31,15263.04,1,24,0.289,1889.68,1371.36,30,62.99,0.581,salaried,business,north,53681.46,0,0
35,53108.86,601.0,32,44807.1,4,24,0.844,2797.4,31424.43,25,111.9,0.588,self_employed,education,north,29055.38,1,1
42,111086.25,711.0,19,9036.05,3,36,0.081,2321.68,42097.04,31,74.89,0.702,self_employed,home,east,73949.32,0,0
57,35873.7,811.0,29,4282.35,3,36,0.119,1956.83,16152.09,27,72.48,0.783,salaried,home,south,64812.61,0,0
62,44892.34,578.0,9,2220.75,5,12,0.049,1485.65,2595.9,29,51.23,0.876,salaried,business,north,45460.02,1,0
32,110932.52,692.0,14,1995.04,2,36,0.018,2699.21,44884.74,25,107.97,0.849,contract,education,south,63983.89,0,0
62,62809.64,590.0,28,17450.92,5,36,0.278,3202.27,23185.04,23,139.23,0.715,salaried,home,west,47273.61,1,0
58,35779.14,687.0,0,43859.87,4,36,1.226,1523.9,4626.13,29,52.55,0.613,salaried,auto,south,32940.2,1,0
38,39276.06,811.0,20,10775.67,6,48,0.274,1286.97,7381.88,23,55.96,0.85,salaried,auto,central,52101.71,0,0
55,31370.67,571.0,14,28077.17,6,24,0.895,1639.26,16637.67,31,52.88,0.786,salaried,home,north,30824.74,0,0
50,56093.36,663.0,2,3876.98,2,36,0.069,2163.76,17640.92,24,90.16,0.552,salaried,auto,west,48910.78,0,0
44,86165.23,579.0,32,8889.97,6,36,0.103,4129.32,44884.62,34,121.45,0.707,salaried,auto,east,63541.44,0,1
62,112860.25,639.0,18,6451.14,3,36,0.057,7044.28,329.19,27,260.9,0.722,salaried,personal,south,61956.36,0,0
50,27755.05,703.0,3,5920.34,4,36,0.213,582.85,8700.74,28,20.82,0.683,salaried,home,central,37358.08,0,0
34,80105.74,625.0,11,9006.19,2,12,0.112,4499.12,1625.07,29,155.14,0.885,contract,education,north,51354.77,1,0
26,58334.02,784.0,24,3343.99,4,48,0.057,2573.32,1065.67,33,77.98,0.873,self_employed,education,north,58914.37,0,0
23,48152.64,691.0,33,9210.43,2,24,0.191,1750.01,2500.9,26,67.31,0.801,self_employed,business,central,56326.66,0,0
36,44900.22,538.0,16,10056.35,2,60,0.224,2715.18,2272.69,23,118.05,0.878,unemployed,personal,central,33289.41,1,1
27,22824.29,677.0,5,16277.22,5,12,0.713,1368.52,12318.01,29,47.19,0.745,unemployed,education,east,37991.67,1,0
34,72193.07,774.0,11,11800.06,3,60,0.163,1686.14,19427.46,30,56.2,0.588,self_employed,home,west,55112.88,0,0
29,29926.94,696.0,14,3467.98,2,60,0.116,1491.51,17289.34,24,62.15,0.656,salaried,home,south,46059.22,0,0
35,38689.05,672.0,16,5393.63,3,48,0.139,1778.1,7968.91,20,88.9,0.733,self_employed,home,north,42510.49,0,0
41,65387.94,625.0,0,1154.37,5,12,0.018,3208.82,38821.69,31,103.51,0.515,self_employed,home,west,53718.39,0,0
55,23921.05,642.0,13,2677.1,5,24,0.112,1443.66,10983.13,27,53.47,0.56,salaried,education,north,44258.33,0,1
22,29900.87,651.0,1,6623.46,2,36,0.222,1856.89,11945.98,23,80.73,0.752,salaried,auto,north,42703.39,0,0
47,93751.05,442.0,3,955.86,4,48,0.01,2911.1,50326.56,26,111.97,0.892,self_employed,education,west,45596.51,1,0
22,57235.32,689.0,1,7608.43,6,48,0.133,1893.01,2211.19,31,61.06,0.522,self_employed,personal,east,52281.5,0,0
55,40215.56,735.0,25,4452.79,2,12,0.111,2069.11,1059.96,34,60.86,0.797,salaried,personal,central,49250.78,0,0
38,57336.82,586.0,32,318.47,4,36,0.006,2872.31,13162.79,27,106.38,0.784,salaried,home,south,56247.52,0,0
34,73222.96,670.0,5,5129.58,2,36,0.07,1970.19,743.86,24,82.09,0.577,salaried,business,south,55345.9,0,0
40,89872.34,680.0,29,2970.8,2,24,0.033,5423.32,2685.33,22,246.51,0.953,self_employed,personal,south,68625.05,0,0
38,32840.05,719.0,21,623.93,2,36,0.019,1786.96,15695.28,31,57.64,0.791,salaried,personal,central,53341.9,0,0
30,34160.42,651.0,26,3125.23,4,24,0.091,1183.42,3411.51,24,49.31,0.885,self_employed,education,central,46377.18,0,0
45,71236.06,696.0,18,3134.47,10,36,0.044,3206.96,39742.33,25,128.28,0.819,self_employed,auto,east,61415.9,0,0
22,72271.54,551.0,9,3947.57,3,36,0.055,3685.47,10680.45,32,115.17,0.672,contract,auto,central,48391.2,0,0
45,29590.66,564.0,5,4108.1,4,36,0.139,1704.48,17079.43,28,60.87,0.976,salaried,business,north,35571.27,1,1
53,34742.19,687.0,25,5055.46,4,36,0.146,2155.87,9898.41,32,67.37,0.866,salaried,auto,west,53363.02,1,0
56,49652.98,630.0,2,868.18,6,24,0.017,2496.86,4984.95,24,104.04,0.338,unemployed,education,central,42794.91,1,0
51,54754.2,516.0,2,47.63,4,24,0.001,2476.03,465.55,32,77.38,0.723,unemployed,personal,west,41783.5,1,0
34,55457.29,680.0,5,11986.5,5,24,0.216,3366.14,22409.08,27,124.67,0.687,contract,auto,east,45126.29,0,0
21,29386.9,542.0,9,3703.53,5,60,0.126,1243.96,14408.21,39,31.9,0.536,self_employed,personal,east,41559.5,1,0
36,55205.76,850.0,12,8558.21,3,48,0.155,1674.5,2939.77,31,54.02,0.499,salaried,education,central,54310.33,0,0
23,39229.46,465.0,11,3300.98,3,24,0.084,971.65,21619.63,30,32.39,0.677,salaried,personal,west,38533.41,1,1
55,32053.35,654.0,26,37322.5,2,36,1.164,879.64,1357.03,24,36.65,0.316,salaried,auto,south,34512.15,1,0
61,53908.95,555.0,7,3410.61,5,24,0.063,2452.87,18119.25,30,81.76,0.838,contract,home,north,47037.25,0,0
26,51490.51,728.0,4,8360.84,4,24,0.162,2515.19,16428.37,28,89.83,0.61,contract,home,west,52941.66,0,0
45,77711.77,616.0,29,2235.82,10,36,0.029,4125.06,37861.3,22,187.5,0.845,salaried,home,central,55264.83,0,0
33,36774.66,736.0,28,6564.61,5,24,0.179,1229.93,13147.05,30,41.0,0.752,contract,personal,north,51167.17,0,0
54,60224.03,715.0,21,7793.18,2,36,0.129,2184.35,12972.65,25,87.37,0.497,self_employed,personal,east,57020.58,0,0
28,26744.82,559.0,13,1817.11,2,12,0.068,1445.09,9536.8,26,55.58,0.584,salaried,auto,west,41318.83,0,1
41,47873.38,588.0,9,1187.96,1,48,0.025,1288.0,27369.96,22,58.55,0.889,salaried,education,east,44389.62,0,0
54,66746.36,621.0,10,32709.96,1,24,0.49,3784.63,6085.72,37,102.29,0.702,contract,education,central,38549.9,0,0
24,69328.37,644.0,34,20136.88,3,12,0.29,2260.43,27793.37,29,77.95,0.844,salaried,home,central,51493.18,0,0
45,69541.24,633.0,22,9711.06,4,60,0.14,2781.84,8172.34,29,95.93,0.895,self_employed,education,north,50064.47,0,0
35,77805.63,712.0,7,17763.05,4,36,0.228,2357.0,10787.15,33,71.42,0.653,salaried,home,west,55918.66,0,0
24,44329.01,670.0,20,903.96,6,60,0.02,1191.1,25890.36,23,51.79,0.564,salaried,personal,south,52954.56,0,0
32,67715.91,598.0,27,11763.23,4,24,0.174,3542.52,33794.64,33,107.35,0.617,salaried,home,east,52325.7,0,0
52,125609.75,572.0,30,3026.86,4,24,0.024,6771.62,68890.27,33,205.2,0.653,salaried,home,east,68655.55,1,0
52,43905.3,581.0,27,6978.85,3,24,0.159,1509.45,474.73,32,47.17,0.83,salaried,business,west,46107.45,0,0
48,100819.71,678.0,26,13026.4,2,24,0.129,5888.04,2617.39,26,226.46,0.649,unemployed,education,north,60130.48,0,0
33,80371.33,634.0,20,306.47,4,36,0.004,3947.36,37360.7,24,164.47,0.834,salaried,home,west,58437.72,0,0
51,48057.55,827.0,8,10682.22,1,24,0.222,2049.68,19029.57,31,66.12,0.631,salaried,auto,east,49771.06,0,0
34,49896.49,650.0,28,5136.24,6,12,0.103,2803.78,5368.93,43,65.2,0.59,salaried,home,central,54860.51,0,0
40,57141.22,666.0,14,5213.11,5,12,0.091,3280.21,15697.09,29,113.11,0.83,salaried,home,east,49055.65,0,0
38,78360.42,497.0,32,21403.36,4,24,0.273,3589.68,12597.83,24,149.57,0.799,salaried,auto,north,40628.07,1,0
49,64937.83,536.0,27,17678.09,5,60,0.272,2933.75,14031.14,24,122.24,0.454,salaried,business,east,44367.94,1,0
26,43750.18,555.0,9,533.3,2,24,0.012,2159.59,24042.86,27,79.98,0.701,salaried,education,central,46011.86,0,0
52,21228.0,605.0,22,8668.45,2,48,0.408,945.71,3456.34,25,37.83,0.728,salaried,auto,west,40793.67,0,0
49,73311.9,524.0,27,5151.85,1,36,0.07,3296.49,17454.23,34,96.96,0.394,self_employed,personal,north,47734.17,0,0
63,22705.81,552.0,33,1128.18,2,24,0.05,1038.99,726.97,31,33.52,0.704,salaried,business,north,41312.9,0,1
22,29299.01,707.0,4,17137.39,4,48,0.585,1003.54,179.23,20,50.18,0.444,salaried,auto,central,38612.51,0,0
43,45201.49,577.0,17,667.77,4,48,0.015,2361.22,24204.43,29,81.42,0.402,salaried,business,north,51698.44,0,0
39,31371.8,647.0,5,293.61,1,36,0.009,1121.82,9075.38,27,41.55,0.532,salaried,home,west,43899.21,0,0
51,62497.87,700.0,22,1980.39,3,24,0.032,2988.62,14307.25,40,74.72,0.789,salaried,business,west,58260.8,0,0
25,47416.01,730.0,27,3253.63,5,48,0.069,2423.1,14080.56,22,110.14,0.932,unemployed,education,north,56160.72,0,0
39,77138.2,675.0,12,565.32,6,12,0.007,3396.98,31738.31,27,125.81,0.483,salaried,auto,east,55368.07,0,0
54,26279.04,680.0,24,9227.71,1,24,0.351,802.47,984.3,27,29.72,0.754,salaried,home,central,43181.83,0,0
30,40221.06,733.0,6,5172.68,4,48,0.129,1807.55,1427.29,29,62.33,0.806,contract,auto,west,42115.42,0,0
45,54278.84,685.0,1,4782.15,2,24,0.088,2978.88,10690.35,20,148.94,0.65,contract,business,north,48017.82,0,0
22,55228.13,738.0,15,1413.47,6,36,0.026,1335.19,1503.24,13,102.71,0.759,salaried,home,west,50139.99,0,0
31,74036.71,468.0,1,5182.9,1,36,0.07,3573.66,31422.82,27,132.36,0.719,salaried,home,east,41551.84,1,0
51,35897.94,643.0,1,4451.12,2,36,0.124,909.92,1890.85,18,50.55,0.833,self_employed,home,east,43278.06,0,0
35,43887.96,655.0,9,4355.36,5,36,0.099,2098.76,4356.7,28,74.96,0.783,self_employed,home,central,41867.51,0,0
29,68071.05,640.0,13,2219.63,0,12,0.033,2209.2,34502.75,21,105.2,0.816,self_employed,home,south,64806.63,0,0
43,20143.72,660.0,26,892.79,0,36,0.044,1167.26,9711.65,23,50.75,0.528,self_employed,personal,east,49095.8,0,0
39,64422.67,615.0,14,2718.56,4,36,0.042,2404.68,29030.12,31,77.57,0.671,salaried,business,south,54416.3,0,0
29,76402.97,717.0,20,9903.82,6,48,0.13,2816.64,22078.22,26,108.33,0.894,salaried,personal,west,60810.72,0,0
55,29728.24,604.0,11,681.47,5,36,0.023,1676.62,1031.4,30,55.89,0.693,self_employed,education,central,38677.91,0,0
41,47015.83,631.0,32,4336.13,4,60,0.092,2866.28,13983.09,36,79.62,0.409,self_employed,home,south,53557.94,0,0
29,106053.28,773.0,21,6500.89,2,60,0.061,2336.46,33566.25,33,70.8,0.922,salaried,auto,west,75681.12,0,1
48,72905.75,761.0,17,29708.54,7,48,0.407,3009.53,27529.75,18,167.2,0.953,salaried,home,central,56248.94,0,0
27,66246.47,663.0,1,16711.0,2,48,0.252,2942.57,2026.88,19,154.87,0.804,salaried,home,north,49276.62,0,0
36,84620.49,596.0,28,22358.4,9,48,0.264,5028.9,2898.73,23,218.65,0.576,salaried,auto,south,43555.18,0,0
36,122032.82,511.0,6,15433.26,6,36,0.126,5563.97,4928.77,23,241.91,0.782,salaried,home,south,50337.4,0,0
53,54630.1,639.0,30,8004.97,4,48,0.147,2452.5,9701.31,32,76.64,0.904,salaried,education,south,54046.75,0,0
24,45105.75,693.0,17,17745.74,0,36,0.393,2329.63,19612.1,25,93.19,0.603,self_employed,home,south,49262.6,0,0
24,84528.35,589.0,8,7496.8,2,60,0.089,4547.04,49260.15,21,216.53,0.634,self_employed,auto,south,49615.69,0,0
59,49793.82,651.0,7,3984.97,5,48,0.08,2009.63,6658.36,36,55.82,0.643,salaried,education,north,53901.05,1,0
60,35681.64,620.0,32,4191.84,5,36,0.117,982.85,1972.22,29,33.89,0.576,contract,personal,west,49317.39,0,0
37,42487.71,504.0,4,7501.24,9,36,0.177,2400.01,11295.03,33,72.73,0.767,contract,auto,east,32061.92,0,0
57,62351.83,660.0,13,14920.08,2,24,0.239,1727.63,34364.36,27,63.99,0.804,salaried,home,west,47232.49,0,0
59,44253.15,687.0,12,1291.22,6,24,0.029,2728.92,11648.58,22,124.04,0.895,salaried,education,north,54632.57,0,1
49,45764.37,664.0,10,360.51,1,24,0.008,1645.26,19875.1,31,53.07,0.776,salaried,auto,west,54077.84,0,0
56,34122.35,787.0,19,14027.36,7,48,0.411,2063.68,11720.76,21,98.27,0.804,self_employed,education,north,52576.58,0,0
58,103353.97,623.0,22,9386.69,4,60,0.091,5175.11,4701.6,21,246.43,0.465,unemployed,personal,west,59034.41,0,0
59,46435.43,616.0,26,15498.94,10,24,0.334,2641.38,19820.69,34,77.69,0.621,salaried,business,south,42369.84,1,0
57,39333.04,834.0,14,33824.66,5,48,0.86,2364.19,22665.33,20,118.21,0.585,salaried,home,west,44997.48,0,0
55,41261.9,544.0,29,2605.88,3,12,0.063,2010.59,7742.64,34,59.14,0.596,unemployed,auto,south,47911.1,1,0
27,77740.89,597.0,15,1944.3,6,36,0.025,4147.24,43488.96,23,180.31,0.86,contract,personal,south,55803.4,0,0
47,70118.32,681.0,17,3752.99,3,24,0.054,2054.21,11663.99,32,64.19,0.881,contract,personal,central,61053.57,0,0
48,43224.61,746.0,22,18930.83,6,60,0.438,1588.49,2058.0,22,72.2,0.63,salaried,auto,south,45126.41,0,0
42,54969.89,729.0,7,126.56,4,12,0.002,2062.66,16712.1,21,98.22,0.633,salaried,education,south,52152.91,0,0
34,61360.22,562.0,28,95.29,2,12,0.002,1715.03,379.31,22,77.96,0.885,salaried,education,east,49126.41,1,0
27,39464.77,788.0,11,2199.15,6,48,0.056,1743.95,1580.3,28,62.28,0.762,salaried,auto,west,49807.84,0,0
57,27084.58,689.0,17,4243.24,3,24,0.157,1405.94,8716.4,19,74.0,0.891,salaried,business,south,45523.12,0,0
42,68306.95,580.0,18,3240.29,5,24,0.047,2140.46,2742.12,25,85.62,0.848,contract,personal,south,52351.54,0,0
25,40460.02,588.0,32,15682.5,5,24,0.388,2067.49,23017.87,32,64.61,0.895,salaried,personal,central,50662.19,1,0
22,66049.3,656.0,4,10532.59,6,24,0.159,3647.23,764.51,28,130.26,0.95,salaried,home,west,43596.99,0,0
47,62596.33,833.0,27,16372.2,0,60,0.262,1343.65,18862.39,26,51.68,0.671,salaried,personal,north,59157.53,0,0
41,55553.76,668.0,25,4357.07,8,36,0.078,3101.66,13272.9,26,119.29,0.766,salaried,auto,east,55508.32,0,0
58,44722.98,832.0,20,8152.84,6,24,0.182,1335.81,14500.78,24,55.66,0.307,salaried,personal,east,64339.39,0,0
35,40730.49,725.0,22,6520.91,5,12,0.16,877.3,5738.97,22,39.88,0.893,self_employed,home,north,58429.86,0,0
41,32458.32,543.0,20,5794.53,2,12,0.179,1760.13,16958.8,23,76.53,0.722,self_employed,personal,north,40623.9,0,0
30,41083.56,770.0,10,3058.4,2,36,0.074,2206.29,112.65,31,71.17,0.573,salaried,home,east,53820.16,0,0
43,69980.14,570.0,15,11116.71,4,24,0.159,1498.49,24597.72,22,68.11,0.341,self_employed,auto,east,51981.63,1,0
59,101622.64,598.0,32,6681.6,5,36,0.066,2420.39,22502.84,30,80.68,0.853,salaried,auto,west,59092.17,0,0
25,95129.53,673.0,26,736.78,6,36,0.008,5634.35,13721.8,21,268.3,0.645,contract,home,west,74139.3,0,0
21,57840.26,648.0,0,4.7,1,24,0.0,3386.6,8323.23,27,125.43,0.786,salaried,education,north,43278.01,0,0
33,101598.32,726.0,15,184.75,2,48,0.002,4327.35,12847.64,27,160.27,0.774,salaried,auto,west,59084.74,0,0
41,47189.75,693.0,4,710.9,7,12,0.015,2662.54,1743.83,27,98.61,0.867,salaried,home,central,51118.71,0,0
46,30303.82,640.0,17,4171.96,2,36,0.138,1007.76,16274.61,31,32.51,0.699,salaried,home,central,44083.63,0,0
41,128591.18,794.0,33,3283.22,4,36,0.026,3508.18,32238.01,25,140.33,0.871,salaried,business,south,81395.4,0,0
38,68855.39,610.0,24,1533.28,6,12,0.022,4234.77,7959.52,29,146.03,0.914,self_employed,education,north,53181.25,0,0
57,27157.71,565.0,33,6520.8,2,12,0.24,1219.86,1371.61,25,48.79,0.676,salaried,personal,north,40565.08,0,0
52,109269.42,689.0,14,31613.61,4,36,0.289,3625.4,5408.6,28,129.48,0.607,contract,auto,east,53772.78,0,1
56,38772.24,648.0,3,1576.65,3,24,0.041,1643.54,5774.83,30,54.78,0.938,self_employed,education,east,39431.54,0,0
37,42759.77,671.0,3,2596.24,5,60,0.061,1961.88,19088.56,23,85.3,0.5,self_employed,home,east,51662.66,0,0
55,85786.97,713.0,24,5580.79,5,48,0.065,2971.16,2806.89,24,123.8,0.886,contract,personal,north,59730.49,0,0
31,99984.27,634.0,12,9215.9,5,12,0.092,5278.35,38927.74,28,188.51,0.828,contract,auto,central,54454.39,0,0
41,34532.89,808.0,24,8252.24,7,36,0.239,776.89,12227.31,29,26.79,0.706,self_employed,auto,south,56097.7,0,0
46,105024.18,673.0,2,6628.24,5,48,0.063,3244.45,6008.7,31,104.66,0.935,salaried,personal,south,61775.73,0,0
24,80290.5,612.0,34,12029.59,5,60,0.15,2716.93,637.81,19,143.0,0.523,salaried,personal,east,54918.81,0,0
54,37801.84,700.0,8,16834.04,7,24,0.445,1927.15,1518.87,33,58.4,0.629,self_employed,auto,central,44843.63,0,0
38,48501.12,643.0,13,61876.79,1,36,1.276,2620.01,4202.6,34,77.06,0.87,contract,auto,west,23509.14,1,0
60,107179.59,660.0,21,5637.99,5,36,0.053,5024.36,14213.13,19,264.44,0.544,salaried,business,south,59482.4,0,0
55,26842.65,556.0,8,47607.11,6,60,1.773,930.05,1103.1,32,29.06,0.565,salaried,home,east,20561.79,1,0
61,100843.13,566.0,23,11800.66,5,36,0.117,3199.97,38216.8,30,106.67,0.758,salaried,education,north,52614.1,1,0
49,79291.26,740.0,22,9639.2,3,24,0.122,2963.47,23932.86,32,92.61,0.767,salaried,personal,west,63774.1,0,0
49,68125.94,545.0,14,9186.94,2,12,0.135,2666.26,3191.88,17,156.84,0.714,self_employed,personal,east,45849.1,0,0
58,57484.07,640.0,13,21746.25,4,12,0.378,2621.39,2423.24,24,109.22,0.751,salaried,personal,west,40148.56,0,0
62,131473.7,678.0,19,26597.24,4,36,0.202,6451.38,7104.06,29,222.46,0.522,salaried,personal,east,54378.05,1,0
41,140514.45,770.0,26,1769.54,3,24,0.013,5141.06,56146.92,32,160.66,0.852,self_employed,education,north,91277.29,0,0
62,41074.66,609.0,16,6120.73,5,36,0.149,1061.2,10044.94,30,35.37,0.834,self_employed,home,central,45078.19,0,0
33,71359.96,715.0,25,25540.84,2,36,0.358,2793.37,20930.86,26,107.44,0.667,salaried,home,west,55484.55,0,0
61,125928.48,640.0,3,4333.04,4,36,0.034,4520.72,40747.92,35,129.16,0.564,unemployed,personal,west,64434.08,0,0
37,38052.8,465.0,2,2383.62,6,24,0.063,887.48,815.89,35,25.36,0.811,self_employed,education,south,36386.84,0,0
29,60440.39,654.0,18,974.82,3,36,0.016,1776.53,16914.98,18,98.7,0.834,self_employed,business,west,55513.06,0,0
61,85113.76,644.0,6,8184.23,2,36,0.096,3244.85,29403.2,24,135.2,0.957,salaried,home,central,53339.63,0,0
21,21879.34,686.0,18,10843.94,3,36,0.496,960.07,1186.85,31,30.97,0.651,salaried,home,south,34436.22,0,0
22,78656.84,595.0,11,1958.35,3,36,0.025,3423.63,2771.67,30,114.12,0.765,self_employed,home,south,50819.84,0,0
49,33196.69,604.0,19,10077.74,6,48,0.304,985.21,7365.55,22,44.78,0.518,contract,personal,north,41011.38,1,0
53,59074.17,752.0,11,20689.06,6,24,0.35,1798.9,20798.82,37,48.62,0.861,salaried,home,east,44946.97,0,0
30,90667.58,621.0,28,2512.42,6,48,0.028,4574.61,2522.64,34,134.55,0.74,salaried,auto,central,58492.96,1,0
60,18487.84,487.0,29,1170.98,1,60,0.063,648.08,2334.17,27,24.0,0.518,self_employed,personal,west,35586.33,0,0
41,77160.0,692.0,19,16239.44,3,48,0.21,2216.22,6426.83,32,69.26,0.734,salaried,education,south,50254.21,0,0
48,135570.63,723.0,3,22340.41,8,48,0.165,5384.5,71496.78,29,185.67,0.752,salaried,personal,south,66987.02,0,0
31,42617.26,723.0,1,2177.06,7,48,0.051,1763.71,10623.2,32,55.12,0.773,unemployed,home,north,43271.06,0,0
54,70228.58,598.0,29,11501.18,4,12,0.164,2046.38,26499.71,21,97.45,0.415,salaried,education,central,46273.61,0,0
28,98802.57,650.0,22,8044.59,6,36,0.081,3981.9,6855.47,26,153.15,0.652,self_employed,auto,north,64282.74,0,0
42,26454.32,695.0,5,2460.42,4,36,0.093,1375.89,6836.9,23,59.82,0.533,salaried,personal,south,44809.05,0,0
28,76177.12,732.0,17,15617.95,5,60,0.205,2128.91,32780.78,24,88.7,0.85,contract,auto,central,63459.96,0,0
35,85879.02,693.0,21,5721.34,5,48,0.067,3072.46,49984.07,24,128.02,0.72,contract,business,east,61057.39,0,0
37,72213.27,716.0,3,10845.78,4,24,0.15,1809.37,24696.86,35,51.7,0.964,self_employed,auto,central,56436.21,0,0
43,56329.87,588.0,10,3228.39,2,24,0.057,1678.47,6857.63,43,39.03,0.857,self_employed,home,central,47249.9,1,0
44,34537.96,455.0,34,15224.7,6,24,0.441,1341.53,944.47,30,44.72,0.819,salaried,personal,central,28101.56,0,0
39,101330.27,740.0,10,2762.22,6,24,0.027,6225.25,22841.9,29,214.66,0.776,salaried,auto,south,67522.75,0,0
25,55024.1,570.0,33,4084.16,6,24,0.074,2748.88,14060.28,18,152.72,0.837,salaried,home,south,54020.82,0,0
52,36071.34,635.0,8,4470.37,2,48,0.124,2151.57,11146.91,25,86.06,0.781,self_employed,auto,west,44963.89,0,0
64,46952.34,719.0,30,2080.89,2,12,0.044,1182.95,104.76,35,33.8,0.776,salaried,business,south,55607.32,0,0
21,63944.67,652.0,31,18669.69,1,48,0.292,3841.85,28116.09,41,93.7,0.634,self_employed,auto,south,47827.54,0,0
43,26835.12,710.0,34,1084.14,4,24,0.04,1130.5,1073.44,30,37.68,0.793,salaried,auto,west,55068.79,0,0
57,54615.26,850.0,10,7453.06,2,36,0.136,1780.29,166.03,29,61.39,0.688,salaried,personal,east,57525.77,0,0
28,44909.53,697.0,16,15145.38,3,36,0.337,2516.39,9587.68,27,93.2,0.732,self_employed,auto,west,47580.51,0,0
33,98835.48,588.0,1,7826.92,6,36,0.079,4535.53,23074.78,29,156.4,0.654,salaried,personal,south,52080.35,1,0
28,23302.11,527.0,23,3562.71,5,24,0.153,573.57,4303.57,24,23.9,0.582,contract,education,central,42524.4,1,0
43,82655.85,708.0,14,13682.76,1,12,0.166,3565.56,15847.85,18,198.09,0.72,salaried,business,north,50881.06,0,0
63,102507.65,657.0,27,6223.53,1,48,0.061,4877.14,27825.15,23,212.05,0.858,salaried,personal,south,62053.02,0,0
21,23701.89,533.0,2,1601.52,2,24,0.068,511.33,1012.69,25,20.45,0.366,self_employed,home,west,42447.07,1,0
44,25015.92,750.0,28,3429.54,2,12,0.137,1094.08,10305.42,24,45.59,0.816,self_employed,business,east,53221.12,0,1
55,121013.21,712.0,12,8067.07,4,24,0.067,4352.42,3122.05,19,229.07,0.678,self_employed,education,south,64963.22,0,0
44,36063.36,649.0,21,9676.96,5,12,0.268,1437.81,1371.19,31,46.38,0.864,unemployed,auto,east,43639.85,1,0
37,218092.18,836.0,30,7149.29,1,48,0.033,5533.62,13196.58,36,153.71,0.893,salaried,personal,east,95880.96,0,0
25,24037.54,737.0,6,2857.2,4,48,0.119,1004.45,11207.96,30,33.48,0.392,contract,personal,central,44726.18,0,0
40,58484.75,566.0,25,8107.14,1,24,0.139,3618.07,16146.3,33,109.64,0.199,salaried,home,central,43506.23,0,0
41,53609.03,750.0,30,3637.29,3,48,0.068,2765.59,3860.14,32,86.42,0.526,salaried,home,north,59290.62,0,0
60,49331.19,672.0,3,2293.11,5,48,0.046,2934.91,1167.86,38,77.23,0.762,self_employed,personal,north,51798.72,1,0
51,66724.87,811.0,34,26190.73,6,36,0.393,2161.59,28748.72,22,98.25,0.702,salaried,personal,south,59946.46,0,0
56,68479.58,730.0,32,3403.36,4,48,0.05,2518.0,626.6,28,89.93,0.565,salaried,auto,south,68888.17,0,0
31,50239.33,691.0,2,3680.12,7,36,0.073,2405.24,24745.92,32,75.16,0.887,self_employed,auto,central,52791.75,0,0
35,34324.74,686.0,18,20437.72,5,48,0.595,1772.91,14785.83,20,88.65,0.741,salaried,education,east,40802.72,0,0
39,86811.31,549.0,8,1385.63,2,36,0.016,2908.5,5922.04,31,93.82,0.857,unemployed,education,south,56194.24,0,0
27,71870.68,606.0,18,7906.51,4,12,0.11,2538.21,42230.41,31,81.88,0.472,salaried,education,west,49161.09,0,0
48,57043.11,668.0,18,13780.24,3,24,0.242,1501.47,32358.05,27,55.61,0.772,salaried,education,north,54765.16,0,0
63,70853.2,533.0,25,2877.7,4,24,0.041,3479.8,684.72,30,115.99,0.799,self_employed,home,central,48311.94,0,0
25,76574.83,690.0,12,16725.77,4,36,0.218,2707.29,10542.46,28,96.69,0.477,salaried,education,south,45498.93,0,0
25,38454.1,587.0,21,13213.36,5,36,0.344,1023.36,851.61,31,33.01,0.427,contract,home,central,37333.4,1,0
50,69724.44,617.0,7,5991.44,5,60,0.086,3294.44,41418.04,27,122.02,0.754,salaried,home,east,53087.03,0,0
52,42240.46,710.0,23,1137.38,5,36,0.027,901.95,18127.02,27,33.41,0.818,contract,education,north,51592.04,0,0
28,77723.66,603.0,25,31591.23,3,24,0.406,4696.05,42780.91,28,167.72,0.791,salaried,business,north,49025.11,1,0
30,49683.1,690.0,2,8809.01,7,24,0.177,2362.09,894.45,18,131.23,0.678,self_employed,home,south,48182.31,0,0
58,71344.38,662.0,6,6551.48,7,48,0.092,3293.28,37427.64,26,126.66,0.582,self_employed,personal,west,48964.7,0,0
52,44568.92,560.0,1,19500.66,3,24,0.438,2130.25,3746.74,30,71.01,0.798,salaried,auto,east,27954.78,1,0
48,73032.96,725.0,32,4923.61,3,48,0.067,2484.78,43628.53,33,75.3,0.831,unemployed,personal,east,62840.89,0,0
37,34875.99,729.0,11,7463.62,1,24,0.214,1065.48,2854.92,39,27.32,0.991,self_employed,education,central,47537.51,0,0
51,55065.35,734.0,11,17593.57,1,36,0.319,2378.84,15035.0,34,69.97,0.592,self_employed,personal,east,47034.93,0,0
28,84228.16,812.0,9,4492.63,4,36,0.053,5067.94,41736.34,36,140.78,0.837,salaried,home,north,68549.52,0,0
60,66852.37,615.0,26,13321.16,3,36,0.199,2175.67,34335.38,24,90.65,0.878,self_employed,auto,south,46196.05,0,0
45,59066.13,484.0,17,2663.09,4,36,0.045,2993.67,3074.84,18,166.32,0.698,salaried,education,west,45279.89,0,0
29,121978.81,594.0,3,10906.99,2,48,0.089,7487.78,2272.33,28,267.42,0.617,contract,auto,west,53221.65,1,0
22,85874.02,732.0,22,6428.14,4,36,0.075,3754.78,34614.23,30,125.16,0.889,contract,auto,central,56890.01,0,0
35,79617.8,643.0,20,1621.91,3,24,0.02,3180.07,11299.95,32,99.38,0.558,salaried,home,north,58613.58,0,0
23,72846.7,531.0,29,1315.72,5,36,0.018,3788.27,22337.01,39,97.14,0.453,salaried,auto,east,48219.49,0,0
56,77050.29,507.0,20,5507.23,0,24,0.071,2059.12,39437.83,33,62.4,0.662,self_employed,personal,west,48817.62,0,0
24,114198.78,771.0,22,11167.2,9,24,0.098,2536.6,29442.41,34,74.61,0.771,contract,education,west,73127.06,0,0
34,44893.54,702.0,20,8321.08,5,12,0.185,1593.46,376.04,26,61.29,0.35,unemployed,auto,west,53574.26,0,0
61,85325.77,608.0,7,17362.14,6,60,0.203,4754.19,2885.02,33,144.07,0.845,salaried,education,east,44717.15,1,0
61,63603.23,810.0,12,4443.68,5,12,0.07,1530.51,34468.89,22,69.57,0.566,unemployed,home,central,60189.51,0,0
45,45597.0,850.0,21,16700.47,6,12,0.366,2072.93,4173.88,32,64.78,0.792,salaried,personal,south,54885.78,0,0
30,51798.87,738.0,6,339.58,8,48,0.007,1190.33,2735.53,19,62.65,0.946,unemployed,education,west,52197.52,0,0
41,59791.55,714.0,23,4098.58,2,48,0.069,2493.73,4449.87,35,71.25,0.744,salaried,personal,east,49443.29,0,0
56,36791.68,695.0,4,682.05,7,24,0.019,965.89,5892.06,33,29.27,0.787,salaried,education,central,46416.1,0,0
32,79921.94,723.0,25,22646.93,1,48,0.283,3688.32,3535.97,32,115.26,0.959,salaried,home,south,53390.2,0,0
47,51726.05,816.0,9,5804.57,5,36,0.112,1746.14,6276.46,22,79.37,0.928,salaried,home,south,55362.31,0,0
60,56286.96,567.0,10,3420.23,6,48,0.061,2041.98,29966.8,31,65.87,0.993,salaried,home,south,43651.96,0,0
22,99781.81,621.0,10,6104.11,2,36,0.061,2340.55,15015.53,13,180.04,0.772,self_employed,personal,south,48167.43,1,0
33,57433.71,646.0,29,6849.87,9,48,0.119,3053.66,13411.28,21,145.41,0.809,contract,home,west,56091.94,0,0
52,108956.15,699.0,3,16850.82,7,48,0.155,5005.87,56966.83,33,151.69,0.507,contract,home,north,59367.93,0,0
51,42780.32,783.0,1,7036.38,6,24,0.164,1927.92,9364.83,26,74.15,0.56,salaried,home,west,53284.25,0,1
36,33067.91,685.0,12,5080.91,6,24,0.154,1595.65,11951.4,25,63.83,0.947,self_employed,personal,north,43632.31,0,0
52,47548.38,703.0,16,29279.91,6,36,0.616,2305.6,988.45,27,85.39,0.744,salaried,personal,south,47626.5,0,0
52,15265.92,708.0,22,31136.54,0,24,2.039,542.13,4543.46,19,28.53,0.866,salaried,auto,north,36421.65,0,0
54,81437.63,652.0,9,352.57,4,60,0.004,2628.0,2385.09,35,75.09,0.849,salaried,education,north,55971.22,0,0
31,33944.96,615.0,12,11043.51,4,60,0.325,1127.99,10043.98,31,36.39,0.761,self_employed,business,central,39020.3,0,0
30,41029.11,656.0,28,4183.47,5,48,0.102,2241.84,9551.59,32,70.06,0.627,self_employed,auto,central,48498.15,0,0
35,74781.47,594.0,15,10120.9,7,24,0.135,2086.08,3283.38,40,52.15,0.821,unemployed,business,east,43306.55,1,0
37,57159.71,596.0,2,9118.25,3,36,0.16,2350.13,12512.73,27,87.04,0.586,self_employed,home,east,45964.59,0,0
60,44433.75,681.0,3,3605.7,7,60,0.081,2084.05,4401.4,17,122.59,0.579,contract,auto,central,45500.94,0,0
38,21667.22,609.0,15,38852.03,1,36,1.793,917.47,7940.2,19,48.29,0.592,salaried,education,east,21141.75,1,0
29,97281.45,807.0,5,3976.03,8,24,0.041,4269.62,17636.49,32,133.43,0.857,contract,auto,north,70510.71,0,0
45,75010.7,662.0,27,8996.6,3,12,0.12,4185.12,318.68,25,167.4,0.902,contract,auto,west,57116.93,0,0
60,136635.84,766.0,22,15108.44,6,12,0.111,4721.9,6312.84,30,157.4,0.789,salaried,personal,central,76428.67,0,0
34,41424.55,544.0,11,1414.78,3,36,0.034,1459.97,12552.89,24,60.83,0.92,salaried,education,south,41732.7,0,0
45,28155.48,547.0,30,3217.39,6,24,0.114,781.15,1637.42,25,31.25,0.636,salaried,auto,central,47588.59,0,0
42,84765.16,641.0,11,1996.74,2,36,0.024,4415.94,5522.14,32,138.0,0.844,salaried,personal,west,68132.19,0,0
50,49780.22,730.0,31,13702.01,7,48,0.275,1467.06,1056.17,33,44.46,0.825,contract,education,north,51993.77,0,0
40,71874.47,608.0,24,14539.49,2,24,0.202,3053.96,3074.37,33,92.54,0.525,contract,personal,east,52584.89,1,0
41,112303.68,641.0,28,2660.75,3,12,0.024,6336.54,43369.48,31,204.4,0.839,self_employed,auto,west,65648.86,0,0
64,64516.02,735.0,18,37.25,5,24,0.001,1607.92,2293.6,30,53.6,0.83,self_employed,auto,west,65898.33,0,0
52,58412.46,617.0,21,4954.69,3,24,0.085,1627.08,10769.56,35,46.49,0.773,salaried,auto,west,51325.12,0,0
41,60084.14,586.0,23,10457.93,5,36,0.174,1711.12,27680.92,26,65.81,0.975,self_employed,business,central,53278.23,0,0
55,25932.14,710.0,32,8767.71,3,36,0.338,685.45,95.68,23,29.8,0.641,contract,education,west,50894.06,0,0
52,89198.29,539.0,15,5310.44,3,12,0.06,5370.05,8287.25,37,145.14,0.586,salaried,personal,south,49274.15,0,0
50,91806.54,618.0,1,3235.07,2,48,0.035,4743.16,4932.29,34,139.5,0.73,salaried,auto,east,60193.72,0,0
59,68786.07,660.0,7,5788.72,4,12,0.084,2737.03,1486.36,27,101.37,0.74,self_employed,home,south,55283.2,0,0
32,27393.69,695.0,12,136.96,4,24,0.005,910.43,8575.77,31,29.37,0.673,salaried,education,east,46311.17,0,0
61,51301.9,720.0,29,690.67,1,12,0.013,1315.02,9647.78,18,73.06,0.728,contract,personal,west,59059.46,0,0
38,103501.0,733.0,0,1597.91,9,48,0.015,2258.37,20969.76,28,80.66,0.486,salaried,education,central,67256.17,0,0
41,41999.41,624.0,11,8837.2,3,48,0.21,2012.36,1481.83,33,60.98,0.248,salaried,home,south,46529.39,0,0
33,92310.56,731.0,6,2222.31,4,24,0.024,3865.76,14752.76,29,133.3,0.906,contract,education,south,63609.56,0,0
41,55536.37,693.0,13,4955.13,6,24,0.089,2527.9,1004.74,22,114.9,0.344,salaried,home,south,53363.6,0,0
28,74654.55,711.0,34,8741.73,3,36,0.117,2076.25,40525.2,32,64.88,0.29,self_employed,education,west,65800.32,0,0
60,45005.34,596.0,27,15978.2,4,48,0.355,2041.62,19889.57,24,85.07,0.595,salaried,auto,central,47421.58,0,0
27,56273.07,707.0,11,7179.7,5,48,0.128,1651.68,17602.63,31,53.28,0.903,self_employed,auto,north,45837.24,0,0
43,65941.41,637.0,23,1754.58,3,36,0.027,1486.51,28239.76,41,36.26,0.679,salaried,auto,central,56431.13,0,0
64,33274.44,654.0,0,27280.28,5,36,0.82,1902.4,918.35,23,82.71,0.739,contract,home,north,29004.47,0,0
52,61283.19,664.0,16,848.95,2,36,0.014,3389.35,3365.11,28,121.05,0.859,salaried,business,north,62088.19,0,0
31,16157.89,830.0,27,4117.26,4,36,0.255,733.05,197.71,32,22.91,0.454,salaried,personal,east,52708.81,0,0
42,41329.19,572.0,32,22881.75,5,36,0.554,2436.39,4924.67,13,187.41,0.541,self_employed,home,east,36961.13,0,0
42,69199.39,751.0,23,8299.27,4,12,0.12,3668.26,3769.54,19,193.07,0.781,salaried,home,central,59939.66,0,0
63,89690.34,772.0,5,9779.77,6,60,0.109,2894.4,1115.8,32,90.45,0.656,self_employed,education,north,59591.63,0,0
45,67019.47,720.0,20,3231.86,4,12,0.048,3950.49,9909.85,23,171.76,0.591,self_employed,education,north,63339.64,0,0
42,28979.89,604.0,3,736.15,10,36,0.025,1072.41,15045.02,22,48.75,0.839,contract,auto,east,44751.02,0,0
48,86231.1,794.0,32,4097.96,6,48,0.048,5329.6,27157.01,29,183.78,0.542,self_employed,home,north,72249.5,0,0
49,32447.63,622.0,9,4629.85,6,36,0.143,1619.22,4523.08,27,59.97,0.667,salaried,business,north,42001.4,0,0
33,71424.01,708.0,12,2835.76,3,12,0.04,2108.03,36710.21,31,68.0,0.644,salaried,home,north,59551.68,0,0
38,32937.75,660.0,8,2184.21,5,36,0.066,1229.09,2111.54,26,47.27,0.779,salaried,home,north,42321.81,0,0
22,38256.06,619.0,30,3953.65,9,60,0.103,1857.54,7067.13,21,88.45,0.684,self_employed,education,central,53690.72,0,0
49,35229.63,696.0,3,9180.29,3,36,0.261,1891.24,19882.18,26,72.74,0.724,self_employed,auto,central,44115.18,0,0
41,57672.25,810.0,19,26789.5,3,48,0.465,2586.72,3354.76,33,78.39,0.609,self_employed,auto,south,48783.24,0,0
35,49613.06,672.0,7,10949.9,3,36,0.221,2564.08,1164.96,25,102.56,0.848,contract,personal,west,48720.81,0,0
47,68118.85,818.0,26,13610.93,6,24,0.2,2786.12,3315.64,30,92.87,0.529,salaried,home,west,65944.88,0,0
51,53723.96,634.0,8,3288.42,3,24,0.061,1757.64,5932.17,35,50.22,0.723,contract,personal,south,48107.42,1,0
35,27363.27,657.0,23,995.29,7,48,0.036,1373.59,14689.63,29,47.37,0.674,salaried,home,east,46043.09,0,0
43,61335.59,546.0,29,3101.62,4,48,0.051,3385.35,29419.14,24,141.06,0.467,salaried,auto,central,50813.87,0,0
44,24514.63,603.0,25,4637.33,6,24,0.189,835.32,985.34,24,34.8,0.629,salaried,auto,central,45512.46,0,0
64,36397.88,631.0,3,10537.2,3,36,0.289,1406.7,18412.87,35,40.19,0.534,salaried,education,north,39410.97,0,0
33,45992.75,622.0,0,25224.99,5,48,0.548,1605.56,15924.73,23,69.81,0.617,salaried,personal,central,29490.79,1,0
42,44580.8,568.0,19,14913.13,9,36,0.335,1199.12,9486.1,40,29.98,0.474,self_employed,home,west,38892.54,1,0
63,25813.79,585.0,27,2788.13,2,60,0.108,1362.32,10472.1,36,37.84,0.625,salaried,personal,east,41367.74,0,0
57,100410.47,626.0,23,15448.23,4,24,0.154,4226.08,40683.76,35,120.75,0.672,salaried,personal,west,58710.38,0,0
53,113732.13,751.0,27,4775.38,2,48,0.042,3137.15,40523.58,27,116.19,0.831,salaried,home,north,71383.85,0,0
23,149171.03,523.0,27,1736.14,5,36,0.012,5259.98,71097.12,40,131.5,0.801,salaried,home,central,70380.96,0,0
39,90802.59,473.0,4,5566.59,1,60,0.061,4694.29,4629.47,33,142.25,0.775,contract,personal,central,45851.43,1,0
43,45344.72,500.0,31,7454.94,4,48,0.164,1659.8,1771.4,26,63.84,0.471,salaried,personal,central,44673.71,0,0
49,44994.44,578.0,29,12972.65,4,36,0.288,1071.93,1595.25,35,30.63,0.865,unemployed,education,east,47924.34,0,0
50,43890.26,704.0,20,3875.61,4,36,0.088,1107.23,649.29,26,42.59,0.808,salaried,personal,central,54183.66,0,0
59,132393.91,620.0,15,1428.63,1,24,0.011,8264.2,9345.09,31,266.59,0.752,contract,auto,central,69595.43,0,0
64,51431.51,619.0,7,891.96,1,48,0.017,1988.6,1504.6,24,82.86,0.359,self_employed,home,south,39954.84,0,0
45,95908.97,617.0,11,1073.57,2,48,0.011,4540.18,16049.57,21,216.2,0.926,contract,auto,south,61602.83,0,0
57,92609.38,490.0,31,26965.81,2,24,0.291,4319.16,43345.8,23,187.79,0.462,salaried,home,south,46424.86,1,0
28,59000.22,723.0,24,27282.47,5,24,0.462,1637.51,17961.37,33,49.62,0.655,contract,education,west,43335.75,0,0
62,28191.1,761.0,2,31193.48,3,60,1.106,1055.99,1628.78,32,33.0,0.571,self_employed,home,central,34471.97,0,0
36,51934.4,621.0,25,3242.13,5,36,0.062,2627.93,29827.85,29,90.62,0.487,contract,home,north,44035.88,0,0
28,57880.44,657.0,16,1914.45,5,48,0.033,2230.21,3074.43,33,67.58,0.934,salaried,home,west,51752.23,0,0
21,96284.69,660.0,26,35629.42,9,36,0.37,4370.02,37094.31,29,150.69,0.712,salaried,auto,west,51350.1,0,0
64,54652.82,559.0,21,40005.92,6,36,0.732,1983.18,20067.83,30,66.11,0.861,salaried,personal,west,35731.51,1,1
25,31449.16,612.0,34,734.31,4,12,0.023,1002.55,460.4,26,38.56,0.628,salaried,personal,north,48639.42,0,0
23,84504.45,802.0,6,12568.12,7,36,0.149,1826.46,36852.32,20,91.32,0.952,contract,home,central,56599.79,0,0
21,48903.61,650.0,2,3065.49,7,36,0.063,1883.37,26913.72,37,50.9,0.723,contract,personal,west,50121.49,0,0
24,17233.97,669.0,5,21601.66,8,48,1.253,643.78,3478.4,27,23.84,0.832,self_employed,personal,west,35569.93,0,0
60,62707.92,591.0,12,841.13,5,60,0.013,2509.65,31929.66,33,76.05,0.432,self_employed,home,north,48958.4,0,0
55,67869.84,613.0,14,19749.85,7,48,0.291,1432.41,1750.81,21,68.21,0.932,self_employed,auto,south,44620.32,0,0
52,37074.25,705.0,25,23.62,5,36,0.001,1571.58,21275.11,25,62.86,0.662,contract,education,west,60353.65,0,0
62,49691.01,579.0,32,6642.88,6,36,0.134,1279.79,12479.36,35,36.57,0.652,salaried,home,north,44872.2,1,0
54,72836.51,788.0,14,3679.35,6,24,0.051,3023.4,3408.52,28,107.98,0.799,salaried,auto,central,62217.04,0,0
63,62900.11,513.0,13,5017.07,4,12,0.08,2206.94,30797.24,27,81.74,0.792,salaried,auto,south,52395.27,0,0
45,26817.35,596.0,18,5119.03,5,12,0.191,607.61,11599.55,29,20.95,0.796,self_employed,auto,south,39905.72,0,0
30,95234.5,524.0,27,9541.53,3,12,0.1,2641.14,23031.09,30,88.04,0.608,salaried,auto,north,58286.13,0,0
41,116756.84,763.0,23,210.31,7,48,0.002,3687.67,12902.75,25,147.51,0.616,self_employed,personal,north,73132.51,0,0
59,43062.91,647.0,32,10580.34,2,24,0.246,1315.84,3360.34,31,42.45,0.705,salaried,education,south,41125.56,0,0
47,22938.17,626.0,11,202.03,6,12,0.009,1054.7,1704.81,33,31.96,0.768,salaried,home,west,39523.84,0,0
47,76649.68,684.0,9,1844.13,3,24,0.024,1737.85,35743.0,36,48.27,0.721,salaried,home,south,59299.21,1,0
22,40018.95,769.0,6,8399.6,4,60,0.21,1573.74,9647.37,23,68.42,0.695,salaried,education,central,49421.22,0,0
61,68937.25,668.0,0,813.63,3,24,0.012,3781.29,16585.13,28,135.05,0.775,contract,personal,south,51233.63,0,0
33,145943.77,747.0,14,42298.95,3,36,0.29,4776.5,19996.58,29,164.71,0.777,self_employed,personal,west,60609.02,0,0
29,27015.38,625.0,0,13808.31,10,48,0.511,1243.62,3901.96,21,59.22,0.684,salaried,education,central,41385.91,1,0
56,37855.09,568.0,19,11007.36,9,48,0.291,2243.49,911.97,33,67.98,0.506,salaried,personal,west,36372.53,1,0
42,49636.62,670.0,1,2803.85,5,60,0.056,2664.93,709.77,35,76.14,0.695,contract,education,east,44586.08,0,0
62,96882.6,591.0,2,448.05,2,24,0.005,5374.51,37570.48,23,233.67,0.916,salaried,auto,south,58295.92,0,0
46,268344.72,709.0,15,34675.72,1,36,0.129,10487.4,137860.98,26,403.36,0.994,unemployed,personal,central,90017.39,0,0
32,60547.8,615.0,28,1439.92,4,24,0.024,1472.49,2503.77,30,49.08,0.852,contract,home,south,57824.59,0,0
37,25990.85,643.0,2,15977.7,5,12,0.615,1068.57,4990.05,26,41.1,0.876,unemployed,home,central,35851.15,1,1
34,46374.98,460.0,11,1980.41,0,60,0.043,1106.99,9593.58,25,44.28,0.488,salaried,personal,central,34875.09,0,0
34,38227.54,639.0,19,4217.02,5,48,0.11,1588.49,14423.75,21,75.64,0.7,contract,home,east,42513.6,0,0
54,74960.27,629.0,22,10645.47,6,24,0.142,3114.37,28374.88,35,88.98,0.684,salaried,business,south,53905.91,0,0
40,64189.7,749.0,21,26163.71,3,48,0.408,3522.83,29245.91,31,113.64,0.588,unemployed,education,south,48651.82,0,1
31,33900.46,724.0,31,179.83,7,48,0.005,1478.14,19084.61,28,52.79,0.56,salaried,education,west,54272.62,0,0
36,37232.29,652.0,6,2719.29,3,24,0.073,931.87,5618.72,31,30.06,0.7,salaried,home,central,46467.21,1,0
51,46072.63,511.0,21,13032.21,4,60,0.283,1837.12,8675.27,33,55.67,0.773,salaried,personal,north,39342.93,0,0
26,48644.24,613.0,1,1713.84,3,24,0.035,2497.65,21299.4,23,108.59,0.808,salaried,personal,central,42001.79,0,0
39,53157.53,749.0,13,1063.53,2,36,0.02,1338.58,4780.84,29,46.16,0.599,salaried,education,west,54254.69,0,0
57,55381.06,633.0,15,425.57,3,48,0.008,2284.57,8867.3,26,87.87,0.839,salaried,education,west,50890.05,0,0
24,94436.48,559.0,23,6283.26,4,36,0.067,3953.89,14510.75,28,141.21,0.602,salaried,auto,south,57247.97,0,0
24,45329.13,748.0,6,13138.83,4,24,0.29,2702.86,6500.26,15,180.19,0.72,unemployed,education,east,41360.41,0,0
40,42420.84,512.0,3,29368.87,3,60,0.692,2257.46,18187.24,23,98.15,0.751,self_employed,personal,central,20473.23,1,0
30,29659.91,640.0,4,2801.45,5,12,0.094,920.0,3914.58,33,27.88,0.854,self_employed,business,east,41229.55,0,0
44,48984.7,697.0,1,1164.55,5,36,0.024,2669.2,25411.76,22,121.33,0.807,self_employed,education,west,53769.38,0,0
55,60796.55,661.0,4,4635.81,0,12,0.076,2352.64,21028.45,31,75.89,0.602,contract,home,central,46677.95,0,0
46,24938.21,544.0,2,513.33,4,36,0.021,1037.7,800.18,30,34.59,0.691,self_employed,personal,south,37533.99,0,0
57,46439.57,571.0,7,3622.58,4,12,0.078,1683.63,11385.15,21,80.17,0.955,salaried,personal,west,41684.58,1,0
58,91320.66,591.0,25,9272.19,2,12,0.102,2247.79,14277.17,24,93.66,0.768,salaried,personal,west,52197.01,0,0
41,72528.71,717.0,9,1657.1,2,36,0.023,4502.98,819.54,30,150.1,0.605,salaried,home,north,58080.61,0,0
60,64090.08,664.0,33,8994.04,3,36,0.14,1566.26,8592.34,29,54.01,0.679,salaried,home,west,54966.69,0,0
59,71649.79,617.0,11,32163.59,7,36,0.449,1741.89,40350.54,27,64.51,0.523,unemployed,business,west,47835.24,0,0
41,41849.41,685.0,19,17969.14,8,60,0.429,1080.48,15903.81,27,40.02,0.74,salaried,business,north,49548.73,0,0
30,39414.38,586.0,28,3972.18,5,60,0.101,1275.82,11886.49,24,53.16,0.795,self_employed,home,south,48340.85,0,0
58,96024.53,713.0,13,4925.79,8,36,0.051,4181.36,3346.37,32,130.67,0.957,salaried,business,central,54310.42,0,0
24,78659.82,688.0,4,4892.01,3,36,0.062,4176.77,44725.38,29,144.03,0.792,contract,home,north,57342.46,0,0
40,38722.54,631.0,26,17688.65,1,60,0.457,2039.02,17615.55,23,88.65,0.874,self_employed,home,south,38450.94,0,0
37,23261.95,636.0,3,45788.24,2,48,1.968,971.17,296.92,22,44.14,0.387,salaried,business,central,17741.48,1,0
27,39085.94,621.0,28,15732.91,8,12,0.403,2191.66,10109.92,30,73.06,0.673,salaried,auto,west,45758.12,1,0
24,69188.53,735.0,2,7350.42,4,12,0.106,1502.23,26710.54,20,75.11,0.755,contract,personal,north,50578.02,0,0
49,40286.95,668.0,32,921.94,6,36,0.023,906.86,4908.19,21,43.18,0.738,self_employed,home,west,54456.57,0,0
34,62851.53,632.0,29,27807.25,3,48,0.442,3000.72,19018.31,31,96.8,0.458,salaried,home,east,38630.92,0,0
23,102631.15,568.0,8,17697.96,3,48,0.172,4126.05,44364.19,36,114.61,0.81,contract,auto,south,47909.91,1,0
44,51955.24,700.0,0,16572.95,10,36,0.319,2174.95,5528.61,33,65.91,0.731,salaried,auto,east,40854.08,0,0
57,60191.24,696.0,22,4475.53,3,48,0.074,1800.98,9922.45,25,72.04,0.814,self_employed,education,north,58276.05,0,0
36,73733.07,605.0,2,5334.37,5,12,0.072,4108.29,22537.73,34,120.83,0.651,salaried,auto,south,48308.37,1,0
24,33291.66,614.0,31,1147.04,5,36,0.034,1391.55,14129.78,29,47.98,0.66,salaried,personal,north,46886.65,0,0
44,38258.76,640.0,23,25007.17,5,48,0.654,1133.13,1322.65,29,39.07,0.619,unemployed,education,north,40785.95,1,0
54,75114.77,552.0,5,25819.42,6,24,0.344,1998.04,10739.5,22,90.82,0.891,self_employed,personal,central,44975.09,1,0
50,55085.15,656.0,12,2642.59,0,24,0.048,3432.16,2741.2,27,127.12,0.703,self_employed,home,east,53647.05,0,1
38,57227.59,510.0,14,10716.78,5,36,0.187,2926.76,1843.4,32,91.46,0.685,salaried,home,south,42890.07,1,0
39,54993.96,541.0,29,2047.64,0,12,0.037,2366.24,4658.92,23,102.88,0.708,salaried,auto,south,49246.52,0,0
51,84139.57,607.0,11,4492.25,2,12,0.053,3738.91,1273.56,23,162.56,0.668,salaried,home,south,53256.15,0,0
39,65911.66,597.0,34,3240.74,1,36,0.049,1676.01,38329.6,33,50.79,0.898,salaried,auto,north,53431.29,0,0
39,66301.58,688.0,27,4442.63,3,60,0.067,3374.51,28083.56,31,108.86,0.735,salaried,education,west,50704.6,0,0
42,93900.33,674.0,3,3326.18,3,12,0.035,5552.83,19989.89,25,222.11,0.56,salaried,home,east,52671.14,0,0
44,111631.47,767.0,6,3812.08,7,12,0.034,6498.81,17990.18,23,282.56,0.752,self_employed,business,east,71904.98,0,0
32,148689.61,658.0,15,14091.38,6,12,0.095,7978.96,4305.61,30,265.97,0.436,salaried,home,south,75467.34,0,0
50,41749.55,668.0,21,3210.42,11,24,0.077,2005.22,472.44,28,71.61,0.627,salaried,education,central,53271.38,0,0
58,164593.38,551.0,24,15171.79,6,24,0.092,5261.59,2551.09,29,181.43,0.579,salaried,business,west,66520.87,0,0
51,33072.33,551.0,2,7552.35,4,60,0.228,1164.02,1401.86,29,40.14,0.903,contract,auto,west,33251.97,1,0
56,129425.58,655.0,21,13645.36,7,48,0.105,7182.04,66686.46,30,239.4,0.669,contract,business,east,63758.69,0,0
39,40729.91,657.0,30,22607.61,2,24,0.555,2064.86,2280.92,26,79.42,0.622,self_employed,home,west,44580.34,0,0
56,52521.46,675.0,21,1340.94,5,24,0.026,3261.57,19108.07,28,116.48,0.86,self_employed,education,west,56331.27,0,0
50,54631.13,758.0,26,3792.84,3,36,0.069,1332.01,1992.74,30,44.4,0.625,contract,business,east,58154.14,0,0
53,36675.46,555.0,1,514.44,2,36,0.014,1295.61,8873.93,28,46.27,0.812,self_employed,personal,central,38792.81,0,0
38,56332.3,794.0,21,4701.68,1,48,0.083,3238.32,26761.57,23,140.8,0.63,salaried,home,south,62060.9,0,0
48,37537.58,523.0,16,2439.23,2,24,0.065,822.58,1162.95,23,35.76,0.862,unemployed,business,east,41622.39,1,0
31,31078.62,682.0,19,7630.93,4,24,0.246,1082.53,3201.63,26,41.64,0.664,contract,home,west,43339.26,0,0
53,53240.48,544.0,23,13766.9,1,60,0.259,3270.34,20484.62,28,116.8,0.552,salaried,home,east,41129.09,0,0
37,110795.85,712.0,30,5996.2,6,36,0.054,4831.89,4079.68,21,230.09,0.821,self_employed,home,west,64671.15,1,0
26,48324.36,524.0,7,3653.09,7,36,0.076,1627.45,2880.05,29,56.12,0.662,self_employed,education,east,43278.22,0,1
24,82740.08,418.0,4,1489.78,3,48,0.018,4930.39,1218.18,17,290.02,0.792,self_employed,auto,central,40629.85,1,0
40,37028.76,662.0,1,244.77,2,36,0.007,1306.89,1376.36,31,42.16,0.831,self_employed,personal,west,45493.16,0,0
47,30407.23,639.0,3,10195.56,3,12,0.335,802.6,10700.1,26,30.87,0.659,salaried,personal,south,42244.15,0,0
35,66452.13,744.0,34,279.2,4,48,0.004,2988.15,1380.69,28,106.72,0.691,contract,home,north,65582.56,0,0
26,119375.06,657.0,33,22826.4,4,36,0.191,6040.0,5530.94,29,208.28,0.732,salaried,auto,west,64155.1,0,0
34,59517.73,587.0,2,8117.72,7,48,0.136,1436.69,1403.31,29,49.54,0.815,salaried,education,east,42081.32,0,0
31,78589.34,604.0,19,3922.79,4,48,0.05,3674.35,31641.68,30,122.48,0.841,salaried,personal,south,53721.89,0,0
59,106170.97,850.0,8,385.36,1,24,0.004,3856.85,26467.8,29,132.99,0.539,salaried,home,north,75571.51,0,0
29,53293.06,576.0,5,4802.04,5,12,0.09,1386.96,25588.75,32,43.34,0.782,self_employed,personal,west,46027.62,0,0
46,50593.15,695.0,4,18176.95,5,36,0.359,2394.21,30293.88,30,79.81,0.551,unemployed,auto,east,43085.89,1,0
36,66999.45,684.0,34,31506.18,3,60,0.47,2147.02,28084.19,22,97.59,0.77,contract,auto,central,47444.83,0,0
25,72584.64,697.0,30,798.78,0,24,0.011,2025.45,3437.05,26,77.9,0.694,salaried,education,west,61029.65,0,0
30,28867.2,690.0,12,13510.83,2,36,0.468,714.15,153.82,37,19.3,0.495,salaried,home,central,44229.76,0,0
23,61887.69,627.0,25,2689.99,2,12,0.043,2324.28,33267.93,30,77.48,0.938,self_employed,auto,north,60112.65,0,0
33,54159.75,500.0,21,4294.15,5,60,0.079,2529.07,2725.05,25,101.16,0.712,contract,personal,north,42148.62,0,0
63,37976.26,663.0,31,7140.14,7,48,0.188,2334.72,3812.77,32,72.96,0.871,contract,personal,north,50512.14,0,0
50,52500.89,649.0,14,47209.42,3,36,0.899,1833.24,1983.95,37,49.55,0.524,unemployed,home,north,33291.51,1,0
26,32067.68,661.0,10,2108.01,1,36,0.066,1486.47,16718.29,34,43.72,0.781,salaried,education,south,41726.77,0,0
37,27448.93,698.0,15,1258.52,3,36,0.046,706.35,1057.0,28,25.23,0.842,contract,business,west,50335.3,0,0
39,55830.84,615.0,5,8134.3,5,60,0.146,3340.79,29688.2,33,101.24,0.792,contract,education,central,42144.88,0,0
62,81302.71,597.0,10,17258.9,3,60,0.212,4202.83,35125.32,22,191.04,0.766,salaried,home,west,43618.66,1,0
55,46338.07,727.0,9,9402.64,8,36,0.203,2339.23,12746.91,27,86.64,0.904,salaried,home,north,52043.15,0,0
46,35160.26,622.0,15,3843.55,5,24,0.109,1534.88,20227.78,32,47.96,0.78,contract,auto,south,47172.02,0,0
25,37707.55,608.0,11,33943.53,2,36,0.9,1670.75,20931.65,29,57.61,0.586,salaried,home,west,28982.68,0,0
49,69357.19,601.0,6,47742.79,6,36,0.688,2736.06,4053.05,15,182.4,0.78,self_employed,business,west,37741.96,1,0
57,114728.45,701.0,26,13252.52,1,48,0.116,2608.39,12978.16,32,81.51,0.604,self_employed,education,east,63229.45,0,0
40,76627.04,632.0,23,14594.34,0,48,0.19,1821.49,27275.2,28,65.05,0.641,salaried,business,central,48599.51,0,0
41,97280.74,838.0,14,12875.67,4,36,0.132,2804.51,3685.55,41,68.4,0.48,self_employed,personal,central,69680.85,0,0
30,33811.94,655.0,5,2681.54,4,36,0.079,969.5,18315.65,27,35.91,0.583,contract,education,east,47714.6,0,0
25,52403.65,547.0,18,1465.47,4,48,0.028,1216.64,5758.73,30,40.55,0.862,salaried,auto,central,44030.4,0,0
56,85683.1,613.0,7,7274.06,6,36,0.085,3558.24,20517.61,28,127.08,0.555,salaried,home,south,54162.95,0,0
26,28864.57,706.0,12,27740.67,5,36,0.961,1213.39,16945.36,17,71.38,0.689,self_employed,education,west,35953.87,0,0
46,40284.9,599.0,32,18955.2,2,12,0.471,1845.38,20902.69,25,73.82,0.498,salaried,personal,north,44589.3,1,0
24,82777.26,649.0,31,1017.1,3,12,0.012,4439.77,45276.35,31,143.22,0.957,self_employed,auto,central,62379.45,0,0
59,60857.58,733.0,27,528.12,4,36,0.009,3641.4,2332.63,24,151.72,0.814,self_employed,home,north,58450.02,0,0
59,35091.0,746.0,9,18626.9,5,12,0.531,2117.24,5180.62,34,62.27,0.617,self_employed,home,central,41175.25,0,0
55,26007.24,605.0,32,8544.33,3,24,0.329,1516.77,750.71,32,47.4,0.627,salaried,auto,south,42662.17,0,0
21,98892.81,628.0,0,3265.8,3,36,0.033,5116.04,52093.09,25,204.64,0.885,salaried,education,west,56478.8,0,0
44,21503.63,658.0,20,7425.06,6,36,0.345,1048.67,5996.45,29,36.16,0.847,salaried,home,south,42767.59,0,0
56,72011.26,764.0,4,2255.43,5,36,0.031,1852.92,8150.69,27,68.63,0.688,salaried,personal,west,56605.5,0,0
26,42622.18,557.0,0,26428.99,6,48,0.62,2053.66,16011.92,28,73.34,0.689,salaried,auto,central,30065.61,1,0
61,86784.28,681.0,20,15800.46,5,24,0.182,2375.29,46716.08,19,125.02,0.657,contract,home,north,56847.38,0,0
64,33895.36,655.0,24,29488.07,2,36,0.87,1759.13,201.46,27,65.15,0.709,salaried,personal,central,32971.94,0,0
51,175722.18,574.0,19,1863.85,7,36,0.011,4847.08,54028.58,29,167.14,0.703,self_employed,business,east,80191.62,0,0
40,64928.02,755.0,8,16702.1,3,36,0.257,3196.36,38209.16,23,138.97,0.802,salaried,personal,east,52215.74,0,0
44,69925.18,734.0,15,7394.67,4,36,0.106,1667.27,447.28,23,72.49,0.586,unemployed,business,central,46986.3,0,0
45,38258.8,781.0,27,3537.28,3,48,0.092,1296.7,9701.89,29,44.71,0.965,contract,business,central,57095.72,0,0
56,51020.3,750.0,23,5879.51,3,36,0.115,1858.37,749.15,34,54.66,0.916,salaried,auto,west,53621.57,0,0
41,51619.15,651.0,15,26003.56,6,48,0.504,1750.03,453.59,36,48.61,0.364,self_employed,education,north,36820.05,0,0
50,121568.21,703.0,13,10582.93,3,36,0.087,4106.84,5345.68,30,136.89,0.444,salaried,auto,east,63353.01,0,0
44,64877.72,678.0,33,4015.4,3,60,0.062,2790.93,3694.07,32,87.22,0.595,unemployed,education,central,55546.66,1,0
64,69197.73,573.0,23,82864.7,3,12,1.197,3816.25,38082.55,28,136.29,0.758,self_employed,education,central,21845.38,1,0
62,68850.45,539.0,10,3818.29,8,12,0.055,3939.79,39331.36,27,145.92,0.476,salaried,auto,south,51316.32,0,0
50,71888.74,681.0,0,15124.53,5,12,0.21,1717.77,25661.0,17,101.05,0.555,self_employed,home,central,52177.72,0,0
42,28991.15,658.0,11,13808.03,3,36,0.476,836.36,1100.56,27,30.98,0.362,self_employed,home,west,44140.53,0,0
48,136239.64,621.0,20,11551.26,4,36,0.085,4594.1,74498.33,25,183.76,0.792,salaried,auto,central,73765.6,0,0
27,36502.29,642.0,8,9962.6,5,36,0.273,1800.42,12840.12,34,52.95,0.762,salaried,personal,north,44662.1,0,0
55,53248.13,800.0,2,1035.32,4,24,0.019,2002.21,7496.19,34,58.89,0.654,salaried,home,west,60281.36,0,0
48,107922.35,465.0,15,47605.9,2,24,0.441,4392.35,24608.35,25,175.69,0.866,self_employed,business,central,28428.94,1,0
34,129389.35,704.0,3,1580.36,7,48,0.012,6924.67,39294.85,22,314.76,0.51,self_employed,home,east,65331.64,0,0
30,77860.91,722.0,25,8160.05,6,12,0.105,3704.59,33458.58,34,108.96,0.557,salaried,personal,north,53930.29,0,0
36,43169.41,732.0,12,2578.92,4,60,0.06,1956.04,1251.95,23,85.05,0.467,salaried,education,south,54533.98,0,0
36,57381.69,533.0,19,1663.72,1,48,0.029,2582.12,32684.28,23,112.27,0.391,salaried,business,east,48855.91,0,0
51,58403.74,625.0,18,7377.9,9,60,0.126,1701.91,21389.14,29,58.69,0.764,contract,auto,south,54295.31,0,0
62,59342.18,621.0,26,16289.91,0,24,0.275,1510.04,19825.03,31,48.71,0.838,contract,auto,east,46564.89,0,0
45,31147.09,675.0,1,4258.09,4,36,0.137,1072.81,14635.57,35,30.65,0.614,salaried,home,east,44885.8,0,0
33,95516.02,554.0,9,722.78,2,36,0.008,5048.15,1331.63,23,219.48,0.626,salaried,home,east,50558.02,0,0
26,57558.96,682.0,24,8797.73,3,36,0.153,3245.48,1810.54,23,141.11,0.816,self_employed,business,west,45960.94,0,0
64,39143.97,575.0,18,13088.47,2,48,0.334,2116.09,117.07,35,60.46,0.666,salaried,auto,east,36569.16,0,0
29,43292.0,625.0,14,3159.87,2,48,0.073,1186.57,1195.34,31,38.28,0.486,salaried,home,central,49327.02,0,0
56,61171.25,764.0,23,10557.78,7,24,0.173,3616.48,665.16,35,103.33,0.903,self_employed,home,central,55417.47,0,0
63,28816.17,722.0,15,709.35,6,48,0.025,1065.69,13926.73,27,39.47,0.9,salaried,auto,central,44718.38,0,0
40,80442.33,661.0,16,4036.69,2,12,0.05,4483.52,1922.49,33,135.86,0.859,salaried,home,south,55785.31,0,0
38,60212.1,532.0,15,5784.34,1,24,0.096,2825.3,17549.42,37,76.36,0.775,self_employed,business,east,42687.38,0,0
63,109596.46,678.0,17,13707.84,3,36,0.125,5906.3,4227.34,38,155.43,0.901,salaried,personal,south,63437.68,0,0
41,56101.21,684.0,3,3714.33,5,48,0.066,1239.59,2212.19,36,34.43,0.623,salaried,auto,south,48924.69,0,0
24,33243.99,472.0,1,5441.28,3,24,0.164,1294.72,5712.88,26,49.8,0.616,salaried,auto,east,28655.38,1,0
53,31602.41,680.0,30,8908.32,2,48,0.282,1456.83,1345.84,25,58.27,0.771,salaried,auto,central,48850.27,0,0
47,45441.56,559.0,1,8805.41,1,24,0.194,1646.96,20807.05,25,65.88,0.765,contract,home,central,33601.06,0,0
27,47657.38,524.0,1,6563.82,3,60,0.138,2560.38,2840.98,28,91.44,0.603,salaried,home,central,32766.51,0,0
26,41970.92,555.0,14,3583.83,1,12,0.085,2139.85,19907.02,16,133.74,0.837,self_employed,education,central,44679.52,0,0
35,57400.96,466.0,28,9975.91,5,24,0.174,2128.19,2265.19,28,76.01,0.883,salaried,education,east,39563.48,0,0
38,41494.26,615.0,33,16334.57,2,12,0.394,1623.36,17702.04,35,46.38,0.539,contract,auto,west,46495.95,0,1
52,60742.12,565.0,31,1503.15,2,12,0.025,2509.19,1533.29,34,73.8,0.911,salaried,home,north,54078.98,0,0
31,42860.6,747.0,20,3745.94,2,60,0.087,1866.44,24843.55,31,60.21,0.642,salaried,home,central,51094.6,0,0
40,71988.86,619.0,29,9943.89,2,24,0.138,2394.51,27214.07,24,99.77,0.94,salaried,personal,west,53067.14,0,0
44,47120.13,589.0,23,12687.01,3,24,0.269,1431.42,1459.94,23,62.24,0.841,salaried,home,east,44963.51,0,0
35,94920.31,515.0,13,13687.06,3,24,0.144,2423.37,21066.91,21,115.4,0.823,self_employed,home,west,47742.06,0,0
27,72659.01,614.0,27,9532.93,7,48,0.131,1938.56,7397.34,28,69.23,0.862,salaried,auto,north,55880.41,0,0
41,59107.52,765.0,13,5855.45,4,24,0.099,2383.06,926.05,40,59.58,0.904,self_employed,home,east,62079.12,0,0
62,49342.71,782.0,33,9341.03,5,36,0.189,2394.05,17181.69,27,88.67,0.797,salaried,auto,north,61242.43,0,0
46,27349.28,619.0,13,1305.7,4,48,0.048,1328.6,752.23,36,36.91,0.529,self_employed,personal,central,43133.39,0,0
64,102344.23,644.0,24,2096.03,6,24,0.02,4078.82,2881.28,31,131.57,0.663,contract,business,east,58937.82,0,0
34,39880.8,710.0,11,23621.37,3,12,0.592,1859.09,1077.06,35,53.12,0.638,self_employed,home,north,32952.18,0,0
57,56434.13,563.0,19,22979.17,6,12,0.407,3430.73,7666.79,24,142.95,0.63,salaried,personal,east,33135.66,0,0
41,63241.24,681.0,6,11582.4,3,36,0.183,3905.9,5176.15,35,111.6,0.801,self_employed,personal,south,46412.53,0,0
38,49882.21,850.0,14,3564.72,4,36,0.071,2795.09,13547.7,39,71.67,0.851,contract,auto,central,62930.46,0,0
25,99665.06,715.0,8,9418.62,3,48,0.095,5873.49,17550.7,18,326.3,0.94,contract,auto,west,60639.07,0,0
23,31269.02,712.0,3,10476.76,3,36,0.335,828.58,6222.31,28,29.59,0.566,salaried,home,south,44749.85,0,0
43,118216.23,764.0,30,6514.59,7,48,0.055,3835.99,9631.19,28,137.0,0.958,salaried,home,south,73068.58,0,0
46,73291.57,727.0,22,12423.73,4,36,0.17,4440.2,34493.89,34,130.59,0.884,self_employed,auto,east,57483.58,0,0
57,48489.9,629.0,5,271.27,6,36,0.006,1273.41,2708.89,20,63.67,0.801,salaried,personal,east,44272.53,0,0
44,48734.7,550.0,27,2664.1,5,36,0.055,2791.3,2082.83,20,139.56,0.621,salaried,home,south,44649.67,1,0
39,19978.87,639.0,11,14238.61,5,24,0.713,781.85,7724.07,27,28.96,0.479,salaried,business,north,37092.25,0,0
45,36986.02,568.0,21,25127.84,2,48,0.679,2273.06,1713.35,22,103.32,0.785,salaried,home,west,35033.93,0,0
41,46200.38,626.0,23,18793.64,3,48,0.407,2341.86,23135.27,34,68.88,0.654,salaried,home,west,43287.33,0,0
32,58644.39,576.0,33,11344.68,6,48,0.193,2045.32,20721.34,43,47.57,0.756,self_employed,business,east,52018.76,0,0
61,95493.32,617.0,18,1628.27,3,12,0.017,2459.22,41762.95,25,98.37,0.697,contract,personal,central,64947.06,1,0
53,135522.85,524.0,23,4140.05,8,36,0.031,4172.3,48781.59,31,134.59,0.893,salaried,education,south,64156.72,0,0
24,61237.82,591.0,19,463.65,6,36,0.008,3072.66,986.14,34,90.37,0.751,unemployed,education,central,48625.33,0,0
62,59428.2,684.0,33,9191.41,4,12,0.155,2033.12,11659.41,38,53.5,0.91,salaried,personal,south,56188.64,0,0
27,43448.94,706.0,26,5378.3,4,12,0.124,2623.41,26001.35,24,109.31,0.53,self_employed,education,east,55796.23,0,0
42,25039.38,687.0,28,7658.99,5,36,0.306,1079.62,1222.23,25,43.18,0.675,self_employed,home,east,45159.82,0,0
53,41249.57,618.0,0,34921.63,5,24,0.847,1761.15,20881.44,28,62.9,0.757,salaried,education,west,27109.63,1,0
37,49391.05,661.0,6,4631.28,9,24,0.094,2690.06,8406.66,32,84.06,0.805,salaried,auto,south,50549.42,0,0
44,84029.86,815.0,19,3296.76,3,24,0.039,4541.98,3979.73,36,126.17,0.844,salaried,education,central,62761.75,0,0
54,68444.71,589.0,19,1469.07,5,36,0.021,3385.25,14990.44,32,105.79,0.907,salaried,education,east,51327.55,0,1
48,59855.9,786.0,24,1395.26,9,12,0.023,3621.5,1263.22,28,129.34,0.417,salaried,personal,south,65828.18,0,0
63,41716.0,527.0,20,6579.02,6,12,0.158,1876.83,8427.91,28,67.03,0.703,self_employed,personal,west,48528.91,0,0
61,22204.44,505.0,8,12448.9,4,12,0.561,1295.71,184.71,31,41.8,0.817,salaried,education,south,29970.44,1,0
59,22815.83,637.0,26,7480.57,5,24,0.328,922.55,1831.41,37,24.93,0.448,self_employed,auto,east,42521.71,1,0
42,25624.87,647.0,27,18592.88,2,48,0.726,1347.41,1081.09,23,58.58,0.764,salaried,business,central,42881.13,0,0
37,47505.32,554.0,24,3416.5,4,36,0.072,1453.04,1490.79,30,48.43,0.41,salaried,home,east,47333.96,1,0
54,84738.05,622.0,33,8135.85,7,24,0.096,4768.2,41538.06,35,136.23,0.238,contract,home,central,58258.79,0,0
26,83715.51,684.0,1,9742.22,2,12,0.116,2974.63,39756.35,36,82.63,0.893,contract,personal,south,52740.65,0,0
26,77433.29,567.0,8,2965.17,4,24,0.038,3955.46,16958.7,32,123.61,0.614,salaried,home,west,49232.59,0,0
54,42967.83,736.0,18,4542.16,4,48,0.106,1472.35,419.0,31,47.5,0.298,salaried,business,central,51482.18,0,0
21,90664.25,746.0,14,8045.04,5,24,0.089,5489.84,16445.17,33,166.36,0.628,contract,home,central,71908.81,0,0
30,35632.67,756.0,20,190.38,4,12,0.005,1025.48,12001.97,25,41.02,0.319,salaried,personal,west,54768.71,0,0
41,79540.93,573.0,15,19592.37,2,48,0.246,3403.93,38539.94,25,136.16,0.913,salaried,home,central,48920.29,0,0
25,25500.18,584.0,1,1059.57,6,24,0.042,950.48,710.51,31,30.66,0.892,salaried,home,west,35535.0,0,0
22,31898.03,635.0,25,438.53,1,48,0.014,1375.34,1162.62,31,44.37,0.896,salaried,home,north,51750.94,0,0
42,113968.43,627.0,28,2179.05,3,24,0.019,3469.93,38867.78,34,102.06,0.957,contract,business,east,63942.91,0,0
22,49428.1,622.0,32,6280.14,4,48,0.127,2067.08,715.6,23,89.87,0.482,self_employed,personal,south,56926.57,0,0
30,39877.34,714.0,33,3586.82,4,12,0.09,1049.85,1095.39,29,36.2,0.696,self_employed,home,west,49848.06,0,0
54,88986.63,702.0,26,5220.71,3,24,0.059,2710.72,36033.57,29,93.47,0.691,unemployed,home,central,57834.64,0,0
36,93696.6,576.0,6,792.31,5,48,0.008,4575.27,4594.72,25,183.01,0.353,self_employed,home,south,67495.55,0,0
59,44579.24,553.0,14,2388.64,6,24,0.054,1799.58,16431.56,24,74.98,0.971,self_employed,home,south,44335.87,0,0
42,61408.81,545.0,16,924.88,7,36,0.015,2550.78,33262.16,29,87.96,0.783,salaried,personal,central,48825.65,0,0
32,57619.04,575.0,8,2348.85,5,24,0.041,3437.15,3170.44,29,118.52,0.592,self_employed,auto,central,40910.51,0,0
44,15181.07,722.0,12,10935.58,6,24,0.72,452.3,7796.89,31,14.59,0.458,salaried,personal,east,40127.4,0,1
60,28907.69,662.0,31,7707.16,2,36,0.267,1266.83,4263.69,28,45.24,0.834,salaried,auto,south,46412.11,1,0
58,82786.02,729.0,1,3657.8,5,48,0.044,3558.16,4289.87,26,136.85,0.735,self_employed,auto,central,56254.28,0,0
30,37247.05,505.0,31,2724.88,2,48,0.073,1466.88,3147.88,17,86.29,0.853,contract,home,central,43106.89,1,1
55,68763.41,673.0,19,54023.94,6,24,0.786,3810.69,14247.88,24,158.78,0.809,self_employed,home,north,37675.14,1,0
52,60984.08,672.0,18,13144.03,5,36,0.216,2710.91,1526.43,23,117.87,0.809,self_employed,auto,east,47820.03,0,0
27,93614.89,752.0,26,15535.98,7,36,0.166,5150.46,1305.91,24,214.6,0.638,contract,auto,west,54174.75,0,0
41,29327.88,615.0,29,240.47,7,36,0.008,1661.95,15451.33,29,57.31,0.721,salaried,business,east,50559.55,0,0
40,64691.99,609.0,10,552.92,4,36,0.009,1539.76,28916.6,25,61.59,0.778,contract,home,south,45224.04,0,0
46,52604.84,778.0,15,11222.38,0,36,0.213,3151.54,22844.6,29,108.67,0.816,unemployed,home,central,52540.02,0,0
24,37971.89,635.0,25,1916.88,2,36,0.05,1998.47,21184.48,32,62.45,0.735,contract,auto,south,47390.53,0,0
42,37852.1,665.0,29,4990.73,6,24,0.132,1552.46,1746.58,27,57.5,0.907,salaried,auto,central,51552.75,0,0
35,60016.0,690.0,1,1831.91,2,36,0.031,3300.75,16092.14,23,143.51,0.842,salaried,auto,west,56376.12,0,0
60,71923.01,508.0,33,1753.98,1,48,0.024,2187.31,6987.17,32,68.35,0.788,salaried,home,east,55469.35,0,0
41,55749.2,653.0,21,1039.47,4,24,0.019,3064.84,27893.55,31,98.87,0.937,contract,auto,east,58856.55,0,1
35,56535.35,544.0,30,8118.39,5,48,0.144,2488.26,24529.73,23,108.19,0.692,salaried,home,south,51865.89,0,0
42,43290.03,643.0,20,12099.51,1,24,0.279,1703.16,16071.3,18,94.62,0.622,salaried,business,central,46905.08,0,0
48,44601.22,625.0,22,526.72,3,36,0.012,1990.16,2016.75,21,94.77,0.757,salaried,auto,west,48569.78,0,0
34,37925.85,607.0,25,2901.11,3,12,0.076,1922.41,17366.2,24,80.1,0.67,self_employed,personal,south,43523.28,0,0
47,42900.09,703.0,17,9666.2,1,36,0.225,1389.52,1933.75,16,86.84,0.923,contract,personal,central,59328.24,0,0
61,70799.27,658.0,14,4482.9,2,60,0.063,1762.56,20062.17,34,51.84,0.569,self_employed,business,west,51837.94,0,0
60,74449.96,560.0,33,10976.83,12,36,0.147,4364.03,24566.43,20,218.2,0.873,salaried,auto,south,56103.6,1,0
48,30511.41,557.0,21,12815.15,6,12,0.42,1844.06,1482.44,22,83.82,0.458,salaried,personal,north,37596.23,0,0
46,36192.37,721.0,27,295.44,4,48,0.008,1696.04,20225.09,29,58.48,0.629,contract,home,east,57720.74,0,0
22,39352.74,647.0,6,4314.81,7,36,0.11,1657.16,12560.81,31,53.46,0.747,salaried,education,east,48122.34,1,0
45,52637.47,529.0,23,11755.34,5,36,0.223,1214.87,22210.92,26,46.73,0.723,self_employed,personal,south,45820.95,0,0
23,25401.95,615.0,34,4279.36,5,36,0.168,969.23,7981.44,22,44.06,0.367,contract,personal,central,44634.77,1,0
28,36478.99,637.0,12,52.65,5,24,0.001,1277.21,9550.31,22,58.06,0.911,contract,home,east,45281.94,0,0
64,29041.71,545.0,12,3689.37,5,36,0.127,1068.96,1373.22,22,48.59,0.707,self_employed,education,north,34893.9,1,0
53,64874.96,596.0,30,18547.54,6,24,0.286,3296.07,6856.72,28,117.72,0.893,contract,personal,east,52993.56,0,0
62,53457.72,728.0,18,27317.54,4,24,0.511,1918.35,1485.63,30,63.94,0.657,salaried,personal,west,52103.65,0,0
55,43995.98,850.0,28,7399.4,7,36,0.168,2366.84,15896.31,27,87.66,0.866,salaried,education,south,63513.76,0,0
26,33574.6,676.0,21,3292.22,6,24,0.098,2085.5,14456.76,17,122.68,0.69,salaried,auto,west,48057.69,0,0
59,44302.95,535.0,20,5647.32,6,24,0.127,1931.45,23608.8,37,52.2,0.781,salaried,home,west,39159.48,0,0
43,42019.48,631.0,15,2425.09,1,36,0.058,1361.43,477.24,37,36.8,0.473,salaried,auto,west,54868.99,0,0
45,113051.64,660.0,29,1656.67,4,36,0.015,6867.21,29428.78,28,245.26,0.318,salaried,education,north,74821.6,0,0
63,84851.58,717.0,4,6122.71,1,24,0.072,4354.99,12881.17,32,136.09,0.663,salaried,personal,east,55987.95,0,0
39,39702.98,719.0,5,12009.6,3,24,0.302,1199.06,1341.97,31,38.68,0.455,salaried,home,south,39938.32,0,0
25,58357.19,766.0,20,2264.64,5,36,0.039,3633.66,8089.2,28,129.77,0.7,unemployed,home,west,59630.83,0,0
31,82858.85,650.0,10,21625.36,5,36,0.261,1761.61,13181.49,27,65.24,0.762,salaried,personal,south,51555.28,0,0
32,39697.5,652.0,23,1657.77,0,48,0.042,1779.76,3588.49,29,61.37,0.735,salaried,auto,west,50337.04,0,0
30,28632.57,490.0,27,7356.39,4,60,0.257,1413.11,9955.34,22,64.23,0.522,salaried,home,east,42615.84,1,0
28,24134.89,564.0,14,13480.4,6,24,0.559,686.26,11695.03,30,22.88,0.86,contract,education,central,35940.76,0,0
44,96040.01,534.0,18,2160.19,5,36,0.022,2206.21,8899.79,23,95.92,0.792,contract,education,north,54740.94,0,0
48,49713.01,579.0,16,3164.48,6,36,0.064,1051.0,23874.39,31,33.9,0.914,unemployed,education,central,47273.64,1,0
61,61765.26,552.0,2,475.71,6,48,0.008,3670.04,3581.17,28,131.07,0.713,salaried,education,east,41812.0,1,0
56,41839.38,558.0,2,25933.34,8,24,0.62,1887.64,1243.34,33,57.2,0.863,salaried,personal,north,30416.79,1,0
57,30621.13,743.0,27,6006.83,4,24,0.196,856.25,10112.09,25,34.25,0.793,salaried,auto,north,63935.84,0,0
41,33303.4,486.0,30,598.2,3,24,0.018,1548.14,15386.37,33,46.91,0.834,contract,home,east,39792.27,1,0
28,29629.75,633.0,7,15954.33,2,48,0.538,620.39,13502.04,28,22.16,0.553,self_employed,personal,west,30047.77,0,0
29,79419.36,723.0,16,7582.01,2,24,0.095,2891.14,656.69,36,80.31,0.326,salaried,education,east,58007.67,0,1
35,106048.57,624.0,34,511.85,5,36,0.005,5602.62,53069.14,26,215.49,0.897,salaried,personal,north,69201.12,0,0
60,55092.0,763.0,26,5395.22,3,24,0.098,1376.58,459.5,27,50.98,0.692,salaried,education,north,61481.45,0,0
38,27364.19,599.0,32,5128.86,2,60,0.187,1258.46,9535.27,31,40.6,0.71,self_employed,home,central,44280.26,0,0
62,67742.08,799.0,10,1421.28,1,36,0.021,2302.43,21105.43,30,76.75,0.793,salaried,home,central,67742.45,0,0
40,95725.8,517.0,20,4908.33,3,24,0.051,2387.4,4784.94,32,74.61,0.802,self_employed,home,north,46456.84,1,0
26,83889.02,763.0,5,2991.69,4,12,0.036,4630.12,827.78,31,149.36,0.851,salaried,auto,central,59507.51,0,0
32,53470.8,574.0,20,10834.01,2,36,0.203,2335.51,2106.91,30,77.85,0.837,salaried,auto,east,41299.89,0,0
22,48751.1,773.0,27,49.56,6,24,0.001,2622.85,26279.22,30,87.43,0.667,salaried,education,north,60059.36,0,0
27,53277.81,610.0,16,1012.23,2,24,0.019,3259.9,1813.27,29,112.41,0.498,self_employed,home,south,50427.22,0,0
36,94029.33,744.0,17,22580.82,2,24,0.24,2678.13,49107.16,31,86.39,0.408,salaried,personal,south,60635.05,0,0
23,76279.88,758.0,10,5111.86,5,60,0.067,2024.4,4061.11,27,74.98,0.406,salaried,auto,east,60790.12,0,0
23,45542.87,601.0,24,1744.25,4,24,0.038,2810.1,7590.08,29,96.9,0.54,self_employed,personal,east,50791.91,0,0
47,45030.18,737.0,29,14185.18,8,24,0.315,1375.86,23881.36,31,44.38,0.874,salaried,personal,east,52885.5,0,0
63,43618.53,648.0,24,17170.15,2,24,0.394,1684.62,18134.01,30,56.15,0.38,contract,personal,south,35794.67,0,0
60,33554.13,526.0,6,2135.34,4,36,0.064,1868.3,17418.03,41,45.57,0.848,salaried,home,south,36785.87,0,0
58,99541.23,693.0,26,11253.29,7,12,0.113,3029.21,17253.74,29,104.46,0.706,unemployed,personal,west,61558.8,1,0
53,38005.24,564.0,25,8593.78,5,24,0.226,1918.44,9106.22,29,66.15,0.977,salaried,education,east,41851.2,0,0
48,67550.06,594.0,12,12300.43,1,12,0.182,3621.99,24968.44,22,164.64,0.663,salaried,business,west,46195.41,1,0
21,40229.57,574.0,23,13956.21,3,12,0.347,1670.19,1839.62,30,55.67,0.538,self_employed,education,north,45863.59,1,0
28,43706.38,682.0,11,9734.09,8,60,0.223,1798.21,2578.38,35,51.38,0.713,salaried,personal,east,49855.7,0,0
57,51469.96,566.0,13,28156.58,6,24,0.547,1562.76,3070.94,23,67.95,0.594,salaried,personal,south,34504.05,0,0
52,69241.74,546.0,8,17970.9,2,24,0.26,3248.41,2313.97,36,90.23,0.736,self_employed,business,central,40387.77,1,0
63,48211.33,561.0,30,2340.27,3,48,0.049,1407.94,16288.83,27,52.15,0.558,self_employed,auto,south,51449.87,0,0
57,32446.82,590.0,3,22035.35,6,12,0.679,1031.1,17697.88,33,31.25,0.69,salaried,auto,south,31335.7,1,0
24,54643.56,692.0,18,4010.92,7,60,0.073,2496.19,8570.03,31,80.52,0.736,contract,home,central,51430.57,0,0
50,38368.71,727.0,0,11669.46,3,60,0.304,1242.99,431.2,29,42.86,0.819,salaried,personal,south,42817.64,0,0
26,108524.07,726.0,28,16955.48,2,48,0.156,4358.25,32536.9,34,128.18,0.321,self_employed,home,central,71448.4,0,0
39,48195.69,647.0,5,5160.22,5,60,0.107,2912.54,21259.53,28,104.02,0.79,self_employed,education,central,45313.44,0,0
52,40111.32,645.0,0,475.94,4,24,0.012,1829.62,23414.02,22,83.16,0.824,contract,education,south,46956.94,0,0
29,131749.85,634.0,24,26900.85,0,24,0.204,6866.8,46329.06,24,286.12,0.621,contract,business,west,62618.52,0,0
32,75546.25,688.0,26,677.17,3,48,0.009,3786.65,3330.01,25,151.47,0.962,contract,home,north,66821.12,0,1
31,36186.87,745.0,21,3850.91,4,36,0.106,2190.45,6566.78,29,75.53,0.815,salaried,home,west,53169.57,0,0
36,37952.42,637.0,16,8167.03,3,48,0.215,959.63,15648.83,29,33.09,0.701,contract,personal,south,43687.63,0,0
21,67062.64,695.0,28,1125.34,3,12,0.017,1910.46,1077.79,40,47.76,0.412,contract,business,north,57078.69,0,0
41,55246.72,545.0,2,16392.9,1,36,0.297,2729.58,16984.77,24,113.73,0.693,self_employed,education,south,40746.2,0,0
50,80868.45,722.0,16,2046.87,3,24,0.025,4536.51,380.14,32,141.77,0.538,contract,education,south,62541.03,0,0
33,40206.97,668.0,1,38420.64,4,24,0.956,2088.28,8348.43,26,80.32,0.887,salaried,home,east,31550.84,0,0
54,74272.73,562.0,31,22339.01,8,36,0.301,2004.3,35163.29,23,87.14,0.863,salaried,personal,east,48170.54,1,0
24,19786.8,741.0,21,8349.72,6,24,0.422,972.69,1174.2,36,27.02,0.843,self_employed,home,north,44455.87,0,0
48,50539.03,544.0,32,9709.55,4,36,0.192,2375.71,10347.52,26,91.37,0.772,unemployed,business,east,43549.68,1,0
58,41038.64,457.0,21,6864.53,2,12,0.167,1773.1,488.38,20,88.66,0.878,salaried,personal,central,41195.0,1,0
51,44144.74,722.0,3,4464.97,2,48,0.101,1957.24,1694.86,22,88.97,0.453,self_employed,home,west,52348.79,0,0
47,51725.51,683.0,12,3900.73,6,60,0.075,2386.15,23348.35,23,103.75,0.584,self_employed,auto,south,50151.3,0,0
25,90429.57,547.0,22,20001.9,5,36,0.221,2565.98,7573.61,31,82.77,0.981,salaried,home,west,47426.32,0,0
45,32230.94,680.0,12,7735.36,1,12,0.24,1117.97,1042.12,17,65.76,0.697,self_employed,personal,west,42199.74,0,0
23,20239.28,749.0,19,15599.4,2,48,0.771,938.08,8404.32,24,39.09,0.77,unemployed,auto,east,38861.65,0,1
53,33957.87,672.0,32,6495.24,4,48,0.191,819.85,2017.56,29,28.27,0.663,salaried,business,west,45047.62,0,1
24,85827.62,850.0,33,3300.85,6,24,0.038,4327.66,12561.17,20,216.38,0.225,salaried,home,south,69987.08,0,0
45,25841.94,578.0,28,866.21,3,36,0.034,1341.1,1619.17,34,39.44,0.434,salaried,home,north,51987.49,0,0
40,41882.51,460.0,31,3520.02,4,12,0.084,1123.53,710.23,28,40.13,0.803,self_employed,home,east,40562.7,0,0
54,79047.94,530.0,10,19091.19,5,36,0.242,2582.49,27289.38,29,89.05,0.642,self_employed,auto,east,42947.96,1,0
46,52770.48,455.0,17,11201.94,3,12,0.212,1607.5,20434.26,31,51.85,0.406,salaried,auto,south,42327.0,1,0
25,90031.78,832.0,20,13868.86,2,24,0.154,2663.15,2157.4,25,106.53,0.772,contract,personal,central,66340.21,0,0
55,21683.29,650.0,11,13362.48,1,24,0.616,783.01,5890.81,31,25.26,0.667,contract,home,west,33639.37,0,0
48,46876.69,815.0,19,1150.22,3,24,0.025,2450.46,15834.42,22,111.38,0.811,unemployed,auto,west,60445.98,0,0
49,98886.67,620.0,6,1556.98,5,48,0.016,3735.95,10897.65,26,143.69,0.577,salaried,education,central,63656.31,0,0
29,32627.25,573.0,26,3434.5,2,36,0.105,1406.81,18855.0,29,48.51,0.438,self_employed,personal,south,47646.41,0,0
58,86306.87,503.0,6,3223.31,3,36,0.037,2239.16,35424.58,30,74.64,0.806,salaried,education,south,45013.31,1,0
26,48724.6,616.0,1,615.29,4,36,0.013,2262.55,15704.31,26,87.02,0.965,salaried,business,west,42882.66,1,0
39,65864.72,722.0,32,1499.5,4,48,0.023,4114.14,2928.21,26,158.24,0.808,salaried,personal,south,63723.24,0,0
64,95711.68,631.0,20,17455.88,5,24,0.182,4901.62,7410.69,31,158.12,0.561,salaried,home,south,53199.69,0,0
31,65737.6,514.0,28,8003.44,2,36,0.122,2697.75,31307.02,35,77.08,0.583,salaried,personal,east,50531.43,0,0
22,41520.3,706.0,31,3770.82,2,12,0.091,1680.41,5471.82,25,67.22,0.395,self_employed,auto,north,59923.44,0,0
64,69767.83,721.0,11,6728.01,3,24,0.096,4135.23,4636.06,17,243.25,0.824,salaried,education,west,57117.09,0,0
64,40222.83,605.0,12,2725.93,3,12,0.068,1521.52,21442.81,26,58.52,0.634,self_employed,home,west,47842.86,0,0
29,61268.13,594.0,2,7890.22,5,36,0.129,3130.69,26190.41,29,107.95,0.8,self_employed,education,west,38665.72,1,0
41,30843.17,505.0,7,698.06,6,60,0.023,1426.46,1302.38,25,57.06,0.882,unemployed,auto,west,32593.23,1,0
44,54890.34,703.0,1,20965.05,10,48,0.382,2576.98,3075.57,26,99.11,0.682,unemployed,education,north,38395.07,0,0
54,92520.16,611.0,5,2475.22,5,36,0.027,2250.3,5540.64,42,53.58,0.615,salaried,home,west,51225.04,0,0
42,47360.96,422.0,14,15387.08,1,24,0.325,2300.53,17937.88,29,79.33,0.816,self_employed,home,south,28942.25,1,0
23,88624.24,524.0,11,9709.26,2,24,0.11,4217.12,9299.24,28,150.61,0.821,self_employed,personal,north,45633.6,1,0
32,217954.87,698.0,31,6662.28,2,36,0.031,11276.27,69610.02,25,451.05,0.641,unemployed,home,west,97529.01,0,0
48,53475.22,621.0,5,23907.21,5,24,0.447,2623.55,22080.02,25,104.94,0.56,self_employed,personal,west,37321.75,1,0
50,71423.8,553.0,26,1535.1,5,24,0.021,4106.38,9095.99,21,195.54,0.706,salaried,auto,south,50623.3,0,0
46,67143.55,655.0,12,1143.11,4,36,0.017,4189.28,16426.6,33,126.95,0.955,salaried,home,east,56585.75,0,0
41,59951.83,579.0,22,3495.62,2,48,0.058,1726.08,4985.76,21,82.19,0.801,salaried,auto,central,51335.42,0,0
48,77230.77,595.0,9,15959.33,4,12,0.207,4468.05,27555.48,30,148.94,0.573,salaried,home,east,46195.84,1,0
46,48453.37,627.0,13,322.52,4,36,0.007,1599.18,1062.16,27,59.23,0.871,self_employed,auto,central,50170.85,0,0
53,40209.36,793.0,2,2462.9,1,24,0.061,1276.63,9029.69,17,75.1,0.508,self_employed,personal,central,55090.4,0,0
41,27259.43,793.0,11,4975.81,3,36,0.183,822.91,7816.83,30,27.43,0.982,salaried,home,south,50213.53,0,0
55,46432.67,482.0,24,11232.61,5,36,0.242,2024.07,7740.43,26,77.85,0.539,contract,home,west,37967.99,1,0
54,81279.2,645.0,0,3201.25,1,36,0.039,3477.86,3070.47,22,158.08,0.918,self_employed,home,north,55280.48,0,0
61,35493.02,527.0,31,5349.7,3,36,0.151,1997.26,14536.26,32,62.41,0.848,self_employed,auto,south,42978.96,1,0
38,60536.7,560.0,23,3696.79,3,48,0.061,2368.59,10026.36,30,78.95,0.842,contract,auto,north,55086.83,0,0
31,51256.65,492.0,8,869.2,3,24,0.017,2741.19,23931.65,21,130.53,0.626,salaried,personal,south,47032.59,1,0
43,40973.34,576.0,0,12077.95,1,24,0.295,2516.95,209.3,30,83.9,0.617,salaried,home,central,39966.67,1,0
42,23532.36,549.0,9,5568.69,1,48,0.237,680.78,9912.72,34,20.02,0.854,salaried,business,central,33350.86,0,0
37,100035.92,737.0,29,15066.37,6,12,0.151,2432.83,27224.25,42,57.92,0.661,salaried,auto,west,65274.96,0,0
25,68373.17,578.0,4,10677.93,5,48,0.156,2420.98,26024.04,20,121.05,0.706,contract,education,south,41716.66,0,0
64,179760.29,485.0,3,535.98,4,24,0.003,10922.09,45091.13,23,474.87,0.638,self_employed,auto,north,71339.79,0,0
31,88056.67,650.0,7,6239.69,5,60,0.071,4706.79,2105.46,38,123.86,0.832,salaried,home,east,50750.28,0,0
50,99036.6,635.0,15,42251.55,5,12,0.427,3937.73,10236.54,34,115.82,0.483,salaried,business,central,43257.36,0,0
35,24656.38,628.0,0,3311.84,0,48,0.134,609.3,10686.96,32,19.04,0.692,salaried,home,west,42711.85,0,0
47,24463.17,702.0,14,6112.45,5,24,0.25,811.67,4747.42,34,23.87,0.755,salaried,personal,east,42494.24,1,0
55,55217.79,755.0,23,9500.81,6,24,0.172,3190.8,1488.61,33,96.69,0.672,salaried,personal,east,58985.71,0,0
53,32316.98,626.0,14,2033.82,4,60,0.063,880.63,14857.9,20,44.03,0.835,salaried,home,south,44739.96,0,0
40,39871.65,673.0,5,10911.29,1,24,0.274,1917.64,6115.53,24,79.9,0.809,salaried,auto,south,37568.6,0,0
36,168858.92,629.0,1,9703.38,8,24,0.057,7831.45,47523.98,37,211.66,0.769,contract,personal,west,61834.12,1,0
54,92544.44,693.0,4,4229.46,1,24,0.046,3125.59,18983.89,19,164.5,0.661,salaried,education,north,57512.74,0,0
22,35559.23,525.0,33,3012.2,3,12,0.085,1615.68,15463.04,34,47.52,0.823,self_employed,education,east,45251.73,0,0
55,18680.69,702.0,31,22631.17,2,12,1.211,963.03,1080.28,21,45.86,0.931,contract,business,north,44482.12,0,0
60,34235.84,674.0,28,1222.62,1,36,0.036,797.43,19559.61,30,26.58,0.488,salaried,home,central,49523.12,0,0
48,42161.49,568.0,28,5091.19,6,12,0.121,2278.72,1299.78,26,87.64,0.579,salaried,home,central,37959.41,0,0
59,46883.98,838.0,23,13109.82,7,24,0.28,1875.9,5533.35,20,93.8,0.763,contract,auto,east,58490.07,0,0
26,30467.91,534.0,30,1442.97,4,24,0.047,916.71,17681.83,29,31.61,0.917,salaried,home,south,42332.73,0,1
29,90078.14,678.0,23,24317.83,5,12,0.27,3900.63,48360.03,45,86.68,0.625,salaried,education,west,49927.46,0,0
40,39333.92,569.0,14,6723.73,5,48,0.171,916.11,4402.61,22,41.64,0.604,salaried,auto,east,39504.82,0,0
21,72537.57,699.0,11,6325.43,4,60,0.087,4055.02,1295.04,19,213.42,0.742,salaried,personal,south,53016.74,0,0
28,55506.16,820.0,19,4969.16,4,48,0.09,3451.04,4683.25,26,132.73,0.793,self_employed,business,central,62868.21,0,1
43,82645.42,716.0,3,18187.17,2,60,0.22,4055.2,47479.56,21,193.1,0.798,salaried,business,north,52693.02,0,0
23,48675.73,640.0,12,26685.33,6,36,0.548,1659.27,297.2,16,103.7,0.85,contract,auto,south,34189.78,0,0
24,35730.36,729.0,9,4303.31,4,12,0.12,2073.49,8885.16,20,103.67,0.705,salaried,personal,south,53370.57,0,0
45,41383.43,600.0,22,7035.71,9,36,0.17,1399.97,20940.99,27,51.85,0.596,salaried,home,central,40615.4,0,0
58,41646.88,692.0,6,3410.59,3,12,0.082,1494.93,13951.09,33,45.3,0.864,salaried,home,east,43550.7,0,0
35,137179.8,657.0,11,4130.03,2,36,0.03,8129.26,43831.41,24,338.72,0.846,salaried,personal,north,73181.61,0,0
41,56073.99,547.0,14,258.68,6,48,0.005,2618.05,1358.3,28,93.5,0.621,unemployed,auto,west,47790.28,0,0
55,54289.43,795.0,6,13873.3,3,48,0.256,1991.04,1365.12,28,71.11,0.721,salaried,auto,north,45880.76,0,0
34,80572.44,756.0,7,31361.15,0,24,0.389,3162.68,8588.02,29,109.06,0.823,salaried,education,north,48136.42,0,0
56,54174.66,577.0,6,13208.58,7,24,0.244,2663.89,19226.44,25,106.56,0.9,salaried,home,west,40279.59,0,0
32,89747.4,737.0,3,6572.25,2,36,0.073,4310.94,43554.47,32,134.72,0.757,salaried,auto,east,54732.72,0,0
37,45824.08,550.0,6,15816.74,6,12,0.345,1648.93,18113.29,23,71.69,0.674,salaried,personal,north,36493.55,0,0
59,43776.92,689.0,29,17559.69,3,60,0.401,1129.88,20169.92,26,43.46,0.843,contract,auto,east,44729.35,0,0
29,34852.39,654.0,17,7077.68,5,24,0.203,1337.47,4869.39,27,49.54,0.754,salaried,home,central,41895.88,0,0
55,124557.32,793.0,29,24904.11,3,48,0.2,6072.0,43121.63,33,184.0,0.797,unemployed,home,south,64451.58,0,0
33,52500.54,678.0,6,275.71,7,48,0.005,1675.32,1234.4,29,57.77,0.897,self_employed,personal,south,57121.56,0,0
35,31942.12,519.0,22,91.33,5,24,0.003,1842.39,6832.9,34,54.19,0.866,salaried,home,central,40091.54,1,0
38,59193.81,737.0,6,764.72,5,24,0.013,2070.17,15761.82,31,66.78,0.887,unemployed,home,south,53806.09,0,0
53,40436.0,613.0,28,536.39,3,48,0.013,1187.29,21244.58,15,79.15,0.532,salaried,home,east,49009.58,1,0
26,45464.15,609.0,33,4974.38,5,24,0.109,1743.25,24247.32,34,51.27,0.808,self_employed,education,north,58298.95,0,0
47,62307.62,652.0,17,25368.99,12,12,0.407,1915.08,29736.28,30,63.84,0.561,salaried,home,east,37610.03,1,0
43,107413.74,601.0,24,10121.56,0,12,0.094,4272.9,25565.78,36,118.69,0.531,salaried,personal,east,55415.4,0,0
47,56710.43,803.0,26,9694.82,4,36,0.171,1391.1,1936.87,29,47.97,0.697,salaried,home,central,64128.32,0,0
54,39341.43,718.0,26,4373.53,7,24,0.111,1536.69,9163.17,24,64.03,0.812,self_employed,education,east,52609.99,0,0
58,43165.13,553.0,11,6867.62,2,36,0.159,2227.62,21531.99,29,76.81,0.592,self_employed,home,east,36035.58,0,0
34,72794.9,588.0,22,3263.91,5,24,0.045,2372.83,5596.85,32,74.15,0.624,self_employed,home,east,52942.79,0,0
56,22443.28,539.0,16,6565.27,4,48,0.293,1387.95,915.11,41,33.85,0.895,self_employed,home,west,38716.81,1,0
28,33887.21,732.0,6,12357.24,4,36,0.365,966.78,1755.88,39,24.79,0.949,unemployed,business,north,42407.2,1,0
55,59616.68,644.0,23,7362.12,4,12,0.123,2094.83,17371.02,26,80.57,0.795,salaried,auto,north,48314.62,0,0
39,25134.55,567.0,6,4885.06,3,48,0.194,1038.87,1119.01,24,43.29,0.637,unemployed,auto,west,31837.47,1,0
50,47068.86,784.0,28,16774.45,4,12,0.356,2634.72,14675.2,48,54.89,0.87,contract,education,south,53622.71,0,0
34,43685.9,693.0,27,3050.06,6,48,0.07,1701.5,1842.17,30,56.72,0.708,salaried,business,east,55533.72,0,0
40,80406.62,666.0,22,5911.11,0,12,0.074,4139.73,32223.09,35,118.28,0.829,salaried,education,north,62870.31,0,0
45,48405.7,662.0,9,34410.87,8,12,0.711,1038.74,15340.58,38,27.34,0.839,self_employed,home,north,37919.64,1,0
60,92411.91,535.0,15,30789.38,2,48,0.333,2023.76,34159.99,33,61.33,0.801,salaried,business,west,39077.31,1,0
44,56133.77,698.0,33,56.74,1,36,0.001,1258.21,10133.29,31,40.59,0.564,contract,auto,central,62666.57,0,0
34,120499.76,614.0,24,6838.07,5,24,0.057,2626.66,17250.28,24,109.44,0.79,salaried,home,east,61809.71,0,0
46,29016.79,724.0,1,3697.73,3,60,0.127,851.73,15499.18,28,30.42,0.445,salaried,business,east,45838.43,0,0
58,112162.85,704.0,4,3097.94,8,36,0.028,5121.76,2101.39,29,176.61,0.653,self_employed,home,west,60467.81,0,0
43,45025.88,645.0,13,8162.68,8,24,0.181,2420.88,18983.18,20,121.04,0.661,salaried,education,west,42238.75,0,0
42,105164.11,639.0,30,5320.26,6,36,0.051,4678.19,13318.34,36,129.95,0.725,salaried,personal,south,62770.08,0,0
39,92351.35,791.0,5,11879.24,3,60,0.129,2236.84,2488.22,24,93.2,0.801,self_employed,personal,west,64024.42,0,0
23,15012.55,536.0,27,247.58,1,24,0.016,752.89,153.45,34,22.14,0.28,unemployed,education,north,36582.0,0,0
62,67213.25,601.0,8,23542.22,5,60,0.35,2948.87,12827.69,27,109.22,0.577,salaried,business,south,43950.54,0,0
39,84874.49,747.0,5,7545.5,2,24,0.089,2886.41,10525.31,19,151.92,0.959,self_employed,business,north,57114.08,0,0
29,98505.41,776.0,16,10370.02,6,12,0.105,2777.87,5657.7,36,77.16,0.788,salaried,home,west,65951.25,0,0
48,31904.85,638.0,34,8350.41,4,24,0.262,772.37,931.18,22,35.11,0.729,salaried,auto,central,51428.69,0,0
40,70661.37,591.0,11,40697.07,1,12,0.576,2928.7,1566.2,31,94.47,0.834,salaried,personal,south,30473.99,1,0
27,59147.12,592.0,17,38612.21,0,24,0.653,3305.31,22775.11,34,97.22,0.657,salaried,auto,west,34777.3,0,0
34,65784.14,528.0,33,8471.97,1,24,0.129,1646.49,34827.64,28,58.8,0.16,salaried,personal,south,49089.24,0,0
29,84924.8,820.0,0,10367.07,2,36,0.122,2144.65,50781.67,23,93.25,0.779,self_employed,home,west,63637.77,0,0
39,91173.49,637.0,14,8674.45,4,24,0.095,2942.17,34014.24,25,117.69,0.799,salaried,auto,west,55674.99,0,0
34,40332.61,690.0,17,3348.46,3,48,0.083,1478.9,22283.77,26,56.88,0.656,self_employed,personal,south,47034.67,0,0
58,61049.4,690.0,21,1925.58,2,60,0.032,3797.73,34806.53,18,210.98,0.765,salaried,personal,south,58936.86,0,0
56,55188.56,776.0,17,4638.97,6,12,0.084,2390.03,18291.4,22,108.64,0.705,salaried,home,north,60650.93,0,0
60,48644.37,614.0,0,10332.78,2,36,0.212,2691.76,4241.76,33,81.57,0.545,salaried,auto,north,35250.94,0,0
37,50782.2,620.0,19,518.45,6,24,0.01,1535.03,15796.58,31,49.52,0.532,contract,home,east,50060.47,0,0
50,59171.44,721.0,24,6499.57,6,36,0.11,3476.31,17793.99,34,102.24,0.871,salaried,auto,north,59745.85,0,1
29,41320.26,497.0,15,4724.28,7,48,0.114,2141.47,1396.06,29,73.84,0.757,salaried,personal,central,41099.82,1,0
53,80609.08,777.0,19,6747.17,3,48,0.084,2802.17,18096.13,19,147.48,0.644,self_employed,auto,central,66675.25,0,0
45,95912.23,798.0,32,17709.6,1,48,0.185,5012.93,3911.13,24,208.87,0.394,self_employed,education,north,61914.51,0,0
34,37449.2,671.0,6,439.03,6,24,0.012,2163.5,10845.11,33,65.56,0.821,salaried,home,south,50023.82,0,0
31,98051.53,570.0,22,12980.99,5,36,0.132,3511.42,34445.43,27,130.05,0.531,self_employed,business,north,52478.95,1,0
55,37480.95,723.0,10,9894.08,3,24,0.264,2079.59,730.95,38,54.73,0.612,salaried,personal,north,41517.89,0,0
61,81145.91,634.0,32,2051.69,3,36,0.025,3195.63,22344.1,32,99.86,0.853,salaried,home,east,62560.36,0,0
34,97969.89,662.0,4,11924.55,3,60,0.122,5083.74,4249.46,27,188.29,0.99,self_employed,home,north,59425.79,1,0
50,51920.56,669.0,7,6173.26,2,12,0.119,1718.52,427.04,24,71.6,0.654,salaried,education,south,49625.77,0,0
61,37619.43,594.0,16,5903.09,3,36,0.157,1866.58,18232.99,34,54.9,0.572,salaried,auto,central,47185.33,1,0
24,41568.28,680.0,17,5938.64,2,24,0.143,2383.43,11032.61,23,103.63,0.968,self_employed,education,west,48069.99,0,0
24,63757.08,526.0,26,26824.77,2,48,0.421,2602.44,37334.84,30,86.75,0.558,salaried,education,central,39723.85,1,0
48,131149.67,463.0,30,26000.41,2,24,0.198,6986.54,43033.36,27,258.76,0.71,salaried,home,north,52512.4,0,0
28,25292.68,681.0,3,22039.75,4,24,0.871,1113.77,1339.24,22,50.63,0.758,self_employed,personal,east,37977.84,0,0
22,56676.16,739.0,1,19602.79,4,12,0.346,3185.96,17936.65,22,144.82,0.664,salaried,personal,north,45677.8,0,0
61,52071.21,606.0,4,344.81,3,36,0.007,1599.31,17022.9,33,48.46,0.824,contract,personal,central,55471.74,1,0
42,44115.44,602.0,16,4606.36,5,36,0.104,962.08,17932.82,37,26.0,0.784,contract,home,north,44881.9,0,0
61,52242.32,705.0,31,20273.62,6,24,0.388,2547.31,6033.65,19,134.07,0.867,salaried,auto,west,47423.63,0,0
36,42447.0,648.0,28,12663.12,2,36,0.298,2258.7,12584.47,35,64.53,0.418,salaried,auto,south,44404.21,0,0
49,94790.07,602.0,15,5490.18,7,48,0.058,2284.98,2317.66,22,103.86,0.47,self_employed,home,north,56564.32,0,0
50,99123.54,676.0,0,13355.29,4,24,0.135,4785.4,5473.18,36,132.93,0.96,self_employed,education,east,54357.62,0,0
32,56368.22,651.0,11,2100.86,6,48,0.037,1668.49,1080.68,22,75.84,0.798,self_employed,business,central,51736.13,0,0
55,50842.34,544.0,18,8242.1,6,60,0.162,3156.04,155.33,23,137.22,0.608,salaried,personal,east,40906.71,1,0
31,43396.48,641.0,8,6852.8,1,24,0.158,2319.63,13384.59,29,79.99,0.86,salaried,education,north,43599.14,0,0
41,56422.69,666.0,6,7670.28,5,12,0.136,1538.94,3263.61,36,42.75,0.481,salaried,home,north,48063.44,0,0
41,124433.16,605.0,29,11514.59,2,24,0.093,5055.2,48854.05,27,187.23,0.741,salaried,business,west,63560.99,0,0
25,51705.51,729.0,14,26926.04,3,24,0.521,2774.12,19052.06,24,115.59,0.797,contract,home,south,39986.34,0,0
40,37132.78,691.0,3,2758.87,6,48,0.074,1580.86,18667.87,22,71.86,0.662,self_employed,home,central,42000.83,0,0
57,45297.5,626.0,5,12771.25,11,12,0.282,2790.87,4982.12,34,82.08,0.783,contract,home,west,43954.98,0,0
23,76043.55,661.0,34,9324.31,6,12,0.123,2955.0,17122.0,32,92.34,0.673,salaried,education,central,55699.22,0,0
64,39223.0,618.0,1,10691.27,8,24,0.273,2266.57,5523.8,36,62.96,0.769,self_employed,home,west,40346.99,0,1
53,53360.83,631.0,4,5042.03,2,48,0.094,1317.02,12959.02,24,54.88,0.983,salaried,auto,south,48173.97,0,0
29,67023.42,634.0,7,26035.1,6,36,0.388,2929.53,3525.44,30,97.65,0.916,salaried,personal,north,39192.03,1,0
29,40585.32,500.0,29,5879.39,4,36,0.145,2528.6,1047.25,26,97.25,0.668,salaried,personal,east,38499.09,0,0
24,24489.93,652.0,18,1166.79,7,36,0.048,1202.65,2590.95,29,41.47,0.77,self_employed,auto,south,52975.61,0,0
55,33452.32,677.0,29,10274.42,7,36,0.307,911.33,12712.82,30,30.38,0.815,salaried,auto,north,48328.16,0,0
37,36811.11,850.0,30,1241.67,3,36,0.034,1780.15,10991.6,27,65.93,0.35,salaried,auto,east,61512.7,0,0
54,48875.31,687.0,15,3506.44,2,48,0.072,1884.46,1990.14,40,47.11,0.537,self_employed,personal,north,52666.04,0,0
44,55267.2,595.0,21,2329.0,7,48,0.042,2772.95,1526.05,44,63.02,0.563,salaried,home,east,51321.96,0,0
52,78485.22,511.0,32,6967.93,6,24,0.089,2784.37,3007.63,36,77.34,0.636,salaried,personal,south,55421.71,0,0
21,31186.32,560.0,21,3842.55,4,24,0.123,1292.14,2428.99,23,56.18,0.947,salaried,personal,west,47782.7,1,0
28,73513.85,608.0,7,1567.61,3,36,0.021,2196.73,8504.45,34,64.61,0.556,salaried,home,west,54734.07,0,0
43,45847.89,609.0,11,14080.8,4,48,0.307,1262.68,26640.62,17,74.28,0.44,contract,education,north,41246.48,0,1
60,24258.05,630.0,4,5688.33,5,60,0.234,807.14,1230.64,27,29.89,0.649,contract,personal,central,40634.4,1,0
32,54508.29,616.0,24,5453.63,2,12,0.1,2897.61,18761.47,30,96.59,0.887,self_employed,education,east,46933.07,0,0
32,97960.58,630.0,28,19572.71,6,24,0.2,5279.2,58702.72,26,203.05,0.704,self_employed,home,central,61662.64,0,0
35,80611.9,614.0,12,6965.79,5,48,0.086,3505.06,329.2,28,125.18,0.807,self_employed,business,west,49767.76,0,0
61,52348.49,652.0,25,11137.65,6,60,0.213,1497.99,30736.5,29,51.65,0.552,self_employed,education,west,50736.58,0,0
39,89912.91,573.0,21,3578.35,6,12,0.04,4904.47,492.24,32,153.26,0.738,unemployed,home,south,52739.29,1,0
46,59071.28,543.0,28,7415.24,1,36,0.126,3364.46,23192.48,31,108.53,0.866,self_employed,education,north,49070.3,0,0
49,84249.25,630.0,11,11665.28,5,36,0.138,2114.46,30194.88,28,75.52,0.623,salaried,auto,west,54133.11,0,0
42,25649.49,687.0,27,3164.83,6,12,0.123,977.09,1353.51,31,31.52,0.491,salaried,education,central,50561.12,0,0
60,30873.31,555.0,8,10498.19,4,48,0.34,1351.95,1107.42,19,71.16,0.62,salaried,auto,north,36969.4,0,0
41,75212.01,601.0,9,7569.88,5,12,0.101,4092.52,11136.65,23,177.94,0.864,salaried,personal,west,42419.83,1,0
58,108301.81,638.0,25,5125.52,2,48,0.047,5108.85,15693.29,23,222.12,0.815,salaried,business,north,65369.26,0,0
40,65367.67,636.0,10,11233.5,4,12,0.172,2484.11,29131.16,23,108.0,0.931,salaried,home,east,51729.46,0,0
49,43312.58,714.0,5,3430.08,5,60,0.079,1739.01,21823.88,20,86.95,0.644,contract,home,central,52080.07,0,0
24,36948.04,730.0,3,11281.71,2,36,0.305,1430.23,11155.95,35,40.86,0.895,self_employed,personal,east,46162.79,0,0
27,47009.65,669.0,26,7208.88,1,24,0.153,1227.87,22928.18,29,42.34,0.84,salaried,personal,east,57541.15,0,0
48,93539.27,753.0,23,2536.54,3,36,0.027,5012.37,10355.41,29,172.84,0.478,salaried,auto,south,66751.48,0,0
48,46437.51,619.0,4,9931.05,3,24,0.214,1091.55,15254.84,36,30.32,0.802,self_employed,personal,west,43900.68,1,0
24,86811.34,721.0,2,19446.99,2,12,0.224,4290.13,25799.8,28,153.22,0.649,self_employed,auto,north,49635.9,0,0
42,72668.11,598.0,6,3339.76,1,24,0.046,1977.44,36406.0,26,76.06,0.598,contract,education,central,46353.96,0,0
32,117156.58,675.0,23,15057.72,7,48,0.129,4487.23,6479.69,41,109.44,0.81,salaried,home,west,56553.17,0,0
23,59285.37,705.0,21,3687.03,3,24,0.062,1534.33,5081.34,33,46.49,0.553,contract,business,south,56424.77,0,1
42,52980.63,655.0,11,15489.42,2,36,0.292,2409.05,18964.02,26,92.66,0.71,self_employed,auto,south,51901.24,0,0
64,88783.18,568.0,34,472.55,3,36,0.005,5183.86,2319.88,32,162.0,0.822,self_employed,personal,south,68135.83,0,0
22,35565.51,508.0,16,65.17,5,48,0.002,1643.13,1054.97,28,58.68,0.893,salaried,home,central,39285.03,1,0
44,44364.39,697.0,2,1081.85,10,12,0.024,1650.86,2235.11,29,56.93,0.781,self_employed,auto,west,47745.54,0,0
54,25437.96,627.0,10,18639.18,3,48,0.733,1524.08,10406.73,21,72.58,0.66,self_employed,business,west,27852.15,1,0
47,30808.75,633.0,5,6866.76,5,48,0.223,1022.47,9694.18,33,30.98,0.504,self_employed,home,east,32893.77,0,0
61,128735.78,778.0,16,8114.86,5,24,0.063,4055.08,44519.24,26,155.96,0.818,salaried,personal,east,77557.19,0,0
21,73979.37,570.0,21,16618.15,7,60,0.225,3746.11,3814.33,29,129.18,0.745,self_employed,home,east,39369.29,0,0
28,29236.82,713.0,0,467.76,3,12,0.016,1774.76,14779.84,26,68.26,0.869,salaried,business,west,46337.16,0,0
43,92750.93,587.0,2,4406.08,3,48,0.048,4940.52,2026.55,17,290.62,0.68,salaried,home,north,51321.78,1,1
58,39471.58,635.0,15,9272.45,7,48,0.235,1456.98,3383.68,35,41.63,0.791,salaried,personal,south,42420.34,0,0
26,72289.04,558.0,34,4667.91,2,60,0.065,2335.13,801.4,39,59.88,0.632,self_employed,home,central,53858.57,0,0
42,71804.77,587.0,13,293.92,3,48,0.004,2882.71,14864.74,26,110.87,0.768,contract,personal,west,46077.0,0,0
45,114604.9,685.0,6,9472.7,2,36,0.083,5924.82,66464.62,16,370.3,0.92,salaried,education,south,57202.26,0,0
38,42532.41,760.0,25,4469.37,6,24,0.105,1383.15,2384.56,30,46.1,0.815,salaried,home,north,55526.37,0,0
37,38827.99,686.0,30,174.56,5,36,0.004,2166.74,21073.34,35,61.91,0.586,salaried,home,north,52378.38,0,0
32,16154.13,676.0,23,1682.59,1,12,0.104,764.91,5604.72,24,31.87,0.67,salaried,home,east,50275.79,0,0
26,51287.49,850.0,18,2208.3,5,36,0.043,2100.81,15836.69,27,77.81,0.699,self_employed,home,west,64729.87,0,0
46,75086.68,698.0,0,6431.47,3,24,0.086,1846.94,12340.15,40,46.17,0.676,unemployed,home,west,55218.81,1,0
47,79848.65,571.0,24,1856.3,6,60,0.023,3062.44,33021.72,32,95.7,0.725,salaried,home,north,57430.73,1,0
28,95185.2,507.0,9,4035.27,3,36,0.042,2933.28,50531.45,34,86.27,0.713,salaried,auto,north,56792.71,1,0
39,61723.04,682.0,17,12500.65,4,12,0.203,2595.15,31331.01,32,81.1,0.914,self_employed,home,central,47837.71,0,0
62,67992.42,530.0,0,14839.22,1,12,0.218,3269.06,3135.57,26,125.73,0.756,salaried,auto,north,31769.31,1,0
21,55862.81,565.0,28,14280.86,4,24,0.256,1904.23,902.36,30,63.47,0.723,self_employed,personal,east,45339.45,0,0
49,74485.12,676.0,12,10689.44,8,12,0.144,4074.6,26371.54,29,140.5,0.429,contract,auto,south,58858.38,0,0
55,35581.85,738.0,3,7024.29,4,36,0.197,2027.07,5353.55,34,59.62,0.441,salaried,home,north,48662.49,0,0
60,28744.19,626.0,11,7199.18,3,12,0.25,881.43,13975.99,20,44.07,0.429,salaried,business,west,42523.78,0,0
34,37311.91,547.0,18,27592.99,4,48,0.74,820.6,20705.06,32,25.64,0.491,unemployed,personal,south,34547.94,1,0
55,59642.92,638.0,25,18923.93,8,36,0.317,1668.73,3363.55,25,66.75,0.517,salaried,business,south,45010.29,0,0
40,30176.2,627.0,15,9442.85,4,48,0.313,1198.98,16706.76,31,38.68,0.778,contract,personal,central,42723.62,1,0
33,40743.03,660.0,24,5688.38,3,24,0.14,1990.63,754.79,36,55.3,0.551,salaried,home,east,50937.28,0,0
58,41333.04,548.0,9,11753.07,4,48,0.284,1888.66,585.64,24,78.69,0.719,salaried,education,east,28813.78,0,0
28,77019.93,579.0,27,582.92,6,36,0.008,3474.71,5223.58,23,151.07,0.606,contract,education,west,51940.77,0,0
63,72914.51,737.0,27,26039.91,2,36,0.357,2221.46,33143.31,26,85.44,0.641,contract,personal,central,60532.82,0,0
40,55922.31,715.0,24,7138.29,11,48,0.128,1538.92,32323.68,32,48.09,0.845,self_employed,auto,north,56521.71,0,0
53,66368.59,749.0,24,6288.69,3,36,0.095,1481.27,590.54,31,47.78,0.63,salaried,auto,central,65260.91,0,0
46,66960.33,493.0,11,3093.0,2,12,0.046,2597.29,1988.98,25,103.89,0.761,contract,education,west,43940.69,0,0
59,45998.83,575.0,7,30.56,3,24,0.001,1535.78,8204.35,26,59.07,0.734,contract,education,central,52345.43,1,0
41,42441.22,734.0,23,568.79,4,48,0.013,1853.78,18805.05,22,84.26,0.823,contract,home,central,54263.06,0,0
62,108175.36,700.0,22,2746.61,6,60,0.025,4968.37,5640.41,20,248.42,0.87,salaried,auto,south,69362.35,0,0
63,17674.75,685.0,10,7019.06,2,36,0.397,580.32,394.98,23,25.23,0.504,contract,auto,central,42361.55,1,0
61,38809.23,619.0,16,785.53,6,60,0.02,1703.02,16177.19,33,51.61,0.638,salaried,personal,east,47876.42,0,0
29,49429.26,597.0,27,32196.69,7,24,0.651,2283.27,12410.94,31,73.65,0.938,contract,home,east,35556.14,0,0
44,69701.57,653.0,2,4763.36,6,12,0.068,4007.83,39744.71,26,154.15,0.786,salaried,personal,west,48564.47,0,0
57,90307.69,612.0,1,3422.35,3,24,0.038,2432.28,191.88,27,90.08,0.778,contract,home,central,54197.3,0,0
61,124932.54,695.0,28,6703.69,4,36,0.054,4601.71,58177.42,21,219.13,0.664,salaried,home,west,68913.49,0,0
37,51986.02,653.0,33,604.75,2,24,0.012,1771.48,2341.64,20,88.57,0.472,salaried,auto,east,61017.04,0,0
44,53576.67,567.0,13,17101.16,3,36,0.319,1685.05,23598.07,25,67.4,0.82,self_employed,home,east,38205.21,0,0
41,63778.7,704.0,32,5550.3,5,48,0.087,2459.13,36416.17,22,111.78,0.57,salaried,business,central,69069.98,0,0
59,42659.09,757.0,17,1767.81,3,36,0.041,2564.01,22754.65,24,106.83,0.774,salaried,home,north,57400.59,0,0
61,31795.92,762.0,28,1587.78,4,48,0.05,1779.45,2827.37,32,55.61,0.598,self_employed,business,south,55040.08,0,0
59,51879.93,707.0,1,4030.01,3,24,0.078,2210.02,3224.25,28,78.93,0.479,contract,auto,north,47538.27,0,0
33,75766.96,708.0,10,7666.39,3,12,0.101,2838.91,41903.6,25,113.56,0.749,unemployed,personal,south,57269.7,0,0
31,48566.27,551.0,30,4854.66,2,12,0.1,1885.75,8703.19,23,81.99,0.786,salaried,business,east,48559.77,0,0
39,65254.22,593.0,12,8174.84,9,60,0.125,2046.33,796.66,26,78.7,0.346,self_employed,auto,north,45471.52,1,0
31,23365.88,636.0,25,11001.61,6,48,0.471,1127.12,362.89,26,43.35,0.804,salaried,home,central,44369.48,0,0
33,54626.92,700.0,33,12422.41,8,24,0.227,1739.34,1806.94,30,57.98,0.64,salaried,personal,north,52720.84,0,0
21,45181.77,599.0,9,4611.78,4,36,0.102,1150.74,268.55,32,35.96,0.917,self_employed,personal,east,42765.8,0,0
60,30521.73,624.0,11,11360.88,5,12,0.372,1044.03,1077.86,29,36.0,0.872,self_employed,education,west,36017.28,0,0
64,72819.98,698.0,21,1373.16,8,36,0.019,2994.99,26222.53,28,106.96,0.842,self_employed,home,central,55021.49,0,0
39,124310.84,662.0,30,6477.2,6,60,0.052,6362.43,3396.48,33,192.8,0.81,salaried,auto,north,70982.2,0,0
32,84582.4,678.0,18,677.51,5,48,0.008,3479.55,45804.16,25,139.18,0.888,self_employed,business,west,66948.69,0,0
28,87045.57,584.0,23,2518.68,1,36,0.029,1939.6,29942.11,32,60.61,0.796,contract,home,north,57833.93,0,0
28,74653.65,623.0,24,7876.05,7,60,0.105,3746.29,26676.26,34,110.18,0.854,contract,auto,south,53959.13,0,0
32,72468.2,610.0,34,12138.24,4,36,0.167,3847.09,40075.2,27,142.48,0.671,salaried,business,south,51053.95,0,1
53,24106.95,650.0,7,901.46,5,48,0.037,605.8,1807.38,29,20.89,0.742,salaried,personal,central,46601.07,0,0
46,51145.11,613.0,4,2088.18,5,60,0.041,2602.43,14619.34,27,96.39,0.451,contract,personal,south,45057.97,0,0
59,68111.5,602.0,21,43341.04,5,36,0.636,3282.93,17262.93,22,149.22,0.798,salaried,home,west,34587.84,1,0
48,68811.91,661.0,27,3707.75,3,36,0.054,2552.48,3255.07,24,106.35,0.847,contract,education,north,61641.62,0,0
25,96015.78,828.0,11,3007.19,4,36,0.031,5186.25,2531.08,26,199.47,0.709,contract,auto,east,75284.22,0,0
28,34044.41,700.0,32,802.01,3,48,0.024,1717.21,10234.52,30,57.24,0.635,salaried,auto,west,59590.82,0,0
45,71201.72,499.0,15,10682.35,8,12,0.15,3172.07,20892.55,25,126.88,0.58,unemployed,education,west,48876.21,1,0
47,33547.97,680.0,25,6388.13,7,24,0.19,1764.95,1607.44,32,55.15,0.571,salaried,home,east,44825.82,0,0
43,49253.47,606.0,11,1542.98,2,12,0.031,1920.86,2020.03,23,83.52,0.419,salaried,personal,east,45747.73,0,0
50,52686.61,570.0,22,9019.05,2,48,0.171,2434.16,14096.08,36,67.62,0.53,salaried,home,east,49197.15,0,0
43,79870.11,710.0,25,6714.38,0,60,0.084,1799.94,491.17,29,62.07,0.864,salaried,personal,north,58268.35,0,0
40,75752.67,657.0,12,7490.55,4,24,0.099,3002.19,38163.58,37,81.14,0.778,contract,personal,east,56190.76,0,0
38,57190.83,850.0,22,47427.23,3,24,0.829,2633.33,3408.04,34,77.45,0.763,salaried,personal,east,43501.94,0,0
38,20569.88,640.0,30,261.27,1,12,0.013,431.86,9283.24,28,15.42,0.818,self_employed,personal,east,50975.73,0,0
22,66182.75,631.0,26,22182.99,2,12,0.335,2473.36,17936.03,25,98.93,0.575,salaried,business,west,58398.81,0,0
24,48028.29,752.0,22,16600.22,5,36,0.346,2069.57,11924.12,26,79.6,0.816,salaried,home,north,52236.28,0,0
50,101347.72,652.0,2,4830.57,7,24,0.048,3675.94,3716.04,29,126.76,0.693,contract,home,south,56993.43,0,0
53,91041.62,560.0,29,19153.63,6,60,0.21,3271.31,13105.41,28,116.83,0.839,contract,personal,north,51267.69,0,0
56,35521.37,575.0,31,9411.48,4,48,0.265,2010.56,3937.03,24,83.77,0.595,self_employed,business,central,44938.49,0,0
38,70402.1,622.0,14,19812.82,5,36,0.281,4295.86,6003.59,29,148.13,0.795,contract,home,central,44524.33,0,0
57,71030.15,706.0,10,8128.84,2,24,0.114,1765.65,41340.48,22,80.26,0.914,salaried,auto,west,56983.93,0,0
39,68743.17,758.0,1,2191.83,7,24,0.032,4040.69,2768.74,30,134.69,0.984,salaried,auto,central,64131.36,0,0
48,64848.66,718.0,25,7726.9,6,12,0.119,2374.32,22190.63,19,124.96,0.904,salaried,business,central,52906.6,0,0
60,71938.69,698.0,33,1775.77,6,36,0.025,2211.64,38268.99,22,100.53,0.648,salaried,auto,east,60305.37,0,0
40,106475.33,743.0,0,1366.07,6,48,0.013,2882.16,2244.09,26,110.85,0.632,self_employed,education,east,62414.86,0,0
53,42271.94,703.0,10,9553.44,5,36,0.226,2197.29,1334.58,16,137.33,0.791,salaried,personal,north,48026.61,0,0
32,36040.03,573.0,4,26518.47,1,36,0.736,1837.31,3663.17,33,55.68,0.712,contract,auto,central,31195.18,1,0
35,77050.92,631.0,25,7991.43,4,60,0.104,1909.31,28636.21,33,57.86,0.952,contract,home,south,56543.24,0,0
61,23213.45,606.0,5,14297.35,4,24,0.616,1411.65,12559.28,26,54.29,0.859,self_employed,education,west,36035.65,0,0
59,72715.56,757.0,34,1659.25,8,12,0.023,1734.54,32952.37,25,69.38,0.81,salaried,home,north,74835.35,0,0
22,67145.86,569.0,4,9557.32,2,12,0.142,2789.16,23658.46,30,92.97,0.654,contract,home,east,54497.73,0,0
49,18854.82,571.0,8,11883.8,5,48,0.63,899.78,6069.24,31,29.03,0.892,salaried,auto,east,34573.07,0,0
61,40686.37,664.0,27,382.55,12,24,0.009,2353.39,15015.23,30,78.45,0.922,self_employed,home,north,51476.66,0,0
30,110104.87,814.0,18,919.93,4,60,0.008,3530.68,42351.95,20,176.53,0.836,salaried,auto,north,80159.56,0,0
22,28120.96,712.0,4,13692.06,3,60,0.487,899.35,10553.23,28,32.12,0.642,salaried,home,central,38527.98,0,0
31,59615.22,739.0,22,5217.56,3,48,0.088,3182.63,17336.9,26,122.41,0.33,salaried,auto,central,56779.4,0,0
33,34468.21,556.0,15,4681.54,6,36,0.136,1308.34,1320.13,36,36.34,0.748,contract,home,west,42428.46,0,0
30,39378.46,707.0,6,22773.23,3,36,0.578,1157.91,1268.44,27,42.89,0.573,salaried,personal,south,38621.36,0,0
34,128327.83,556.0,13,43416.46,5,60,0.338,2787.56,33993.89,21,132.74,0.757,salaried,business,north,43113.71,0,0
38,57271.02,712.0,21,13009.99,1,24,0.227,2972.9,1848.07,27,110.11,0.647,self_employed,home,north,52606.08,0,0
29,68365.79,516.0,8,14157.68,7,36,0.207,1467.08,33893.79,28,52.4,0.94,salaried,auto,north,43116.98,1,0
59,51502.77,621.0,22,2102.39,5,36,0.041,2441.16,28134.64,28,87.18,0.463,salaried,home,south,53494.49,0,0
48,27397.03,475.0,3,1921.25,2,24,0.07,1060.34,10695.77,30,35.34,0.52,salaried,home,east,26823.87,0,0
23,31786.11,575.0,25,35520.84,2,48,1.117,1502.52,16522.69,26,57.79,0.802,salaried,home,north,30322.83,1,0
40,92069.01,529.0,5,10689.7,4,48,0.116,4833.97,2078.9,33,146.48,0.584,contract,personal,south,48392.23,1,0
26,58034.99,705.0,30,10445.63,3,60,0.18,2775.13,3282.24,27,102.78,0.762,self_employed,education,central,55564.75,0,0
47,38306.32,658.0,16,3034.22,4,12,0.079,1541.38,944.84,30,51.38,0.47,unemployed,auto,central,45834.88,0,0
22,53641.41,610.0,8,19581.93,6,48,0.365,3145.84,30163.23,26,120.99,0.738,salaried,business,central,37232.94,0,0
49,72963.83,660.0,26,409.12,3,24,0.006,1531.0,9062.94,35,43.74,0.693,self_employed,home,central,54509.43,0,0
58,66470.93,579.0,5,2889.17,1,36,0.043,1516.99,4923.29,43,35.28,0.855,unemployed,home,west,47681.83,1,0
23,38314.93,677.0,5,1787.61,0,48,0.047,1574.93,20441.39,25,63.0,0.735,salaried,home,west,49866.81,0,0
36,26665.17,643.0,3,11174.95,6,12,0.419,830.22,790.38,30,27.67,0.495,salaried,home,south,39429.05,0,0
50,45108.64,844.0,2,11308.45,6,48,0.251,1748.72,2254.54,31,56.41,0.697,self_employed,auto,south,51073.66,0,1
60,89238.86,789.0,23,6886.27,4,24,0.077,2926.96,12270.22,31,94.42,0.613,salaried,business,west,64889.93,0,0
22,79576.14,730.0,17,47.46,5,24,0.001,2424.58,20024.7,30,80.82,0.844,salaried,business,central,67875.36,0,0
37,65165.24,675.0,31,18625.8,4,36,0.286,3863.84,161.68,23,167.99,0.843,salaried,home,central,46545.24,0,0
61,50166.55,686.0,20,28028.03,2,48,0.559,1497.99,29271.48,29,51.65,0.583,salaried,education,west,42460.52,1,0
32,42935.92,755.0,28,2034.34,1,36,0.047,1058.14,1188.55,32,33.07,0.682,salaried,home,east,58262.81,0,0
55,50587.12,674.0,31,16619.71,9,36,0.329,1529.68,1373.25,39,39.22,0.876,self_employed,personal,central,49119.51,0,0
63,77018.22,680.0,24,32603.26,3,24,0.423,2975.53,2576.44,23,129.37,0.432,salaried,auto,central,44652.24,1,0
21,85355.98,601.0,11,3563.74,4,24,0.042,2572.47,10917.59,32,80.39,0.891,contract,home,east,49989.53,0,0
35,48155.76,592.0,8,1841.73,2,60,0.038,1199.33,6413.6,26,46.13,0.553,salaried,home,south,45994.4,0,0
46,169617.99,641.0,6,34164.19,10,60,0.201,5432.47,446.98,31,175.24,0.396,self_employed,education,east,60272.25,0,0
57,56476.6,428.0,13,554.42,2,48,0.01,3309.67,6709.05,32,103.43,0.822,self_employed,auto,south,40363.65,1,0
41,46345.06,648.0,19,2906.19,4,24,0.063,2419.03,26188.5,26,93.04,0.806,self_employed,auto,central,50102.0,0,0
51,105245.53,629.0,19,12194.18,6,12,0.116,3215.69,37677.65,25,128.63,0.459,salaried,auto,east,56449.01,0,0
45,21650.13,725.0,9,8645.79,4,60,0.399,998.76,655.1,27,36.99,0.567,salaried,auto,north,41189.24,0,0
43,67239.43,754.0,10,10382.67,7,36,0.154,3799.28,9738.29,27,140.71,0.833,self_employed,auto,west,50178.65,0,0
44,52430.34,850.0,18,11081.84,6,48,0.211,3213.47,1364.16,25,128.54,0.902,salaried,auto,central,65768.56,0,0
58,103951.83,699.0,18,10429.4,2,36,0.1,2487.38,12424.7,24,103.64,0.846,salaried,personal,west,57949.19,0,0
48,71126.52,663.0,5,3770.25,3,48,0.053,2085.78,7905.57,17,122.69,0.876,unemployed,business,north,59733.37,0,0
41,57675.97,602.0,7,3359.16,5,12,0.058,3468.88,33221.51,36,96.36,0.793,salaried,personal,north,50357.97,0,0
63,72997.85,561.0,0,5034.89,4,48,0.069,4212.02,43485.8,25,168.48,0.621,salaried,auto,north,48356.19,0,0
38,33691.07,728.0,22,14837.52,5,48,0.44,1121.73,12856.57,20,56.09,0.478,contract,home,west,44093.46,0,0
56,83706.25,648.0,9,25065.02,4,24,0.299,2433.41,43753.47,30,81.11,0.692,salaried,home,south,46591.76,0,0
55,29582.45,686.0,1,5466.79,3,36,0.185,1621.36,805.96,28,57.91,0.639,self_employed,business,south,45839.64,0,0
29,63660.77,652.0,1,807.02,6,12,0.013,1605.37,1493.96,25,64.21,0.374,salaried,home,west,49131.22,0,0
58,55051.61,654.0,14,25069.03,2,24,0.455,2568.72,19731.92,34,75.55,0.889,self_employed,personal,west,41666.55,0,0
50,24504.83,669.0,19,754.62,5,24,0.031,1437.22,2850.5,18,79.85,0.731,salaried,home,east,45709.23,0,0
64,55883.47,686.0,20,1559.65,5,12,0.028,1583.48,19796.9,33,47.98,0.581,salaried,auto,south,56911.99,0,0
54,61506.25,730.0,29,18202.65,3,36,0.296,1602.16,33047.24,22,72.83,0.458,contract,auto,west,55499.82,0,0
52,40348.35,545.0,23,7216.19,7,36,0.179,1922.08,1835.47,26,73.93,0.629,contract,education,west,42696.25,1,0
23,34351.81,700.0,1,3914.32,1,36,0.114,1594.78,583.73,27,59.07,0.926,salaried,education,west,43234.23,0,0
23,67607.88,541.0,21,24051.07,4,36,0.356,1598.02,33094.67,25,63.92,0.782,contract,personal,west,45358.81,0,0
48,63770.23,710.0,28,29084.55,3,12,0.456,2288.39,27586.65,25,91.54,0.904,salaried,personal,west,47293.42,1,0
64,59998.12,677.0,13,3614.55,4,12,0.06,3567.15,33744.62,23,155.09,0.813,salaried,personal,central,55497.59,0,0
35,54392.35,643.0,4,18253.55,2,48,0.336,1653.98,20681.42,35,47.26,0.748,salaried,business,central,41182.75,0,0
61,41984.12,647.0,23,10213.63,2,36,0.243,1799.64,24723.45,29,62.06,0.194,salaried,home,south,48507.24,0,0
43,150614.92,662.0,25,2887.94,3,48,0.019,5350.11,4911.47,32,167.19,0.489,salaried,auto,central,72796.0,0,0
60,47370.32,743.0,1,25538.21,3,12,0.539,2772.11,1537.55,22,126.01,0.349,self_employed,personal,north,38792.04,0,0
31,36706.13,735.0,33,586.31,3,36,0.016,1561.03,1137.89,21,74.33,0.847,contract,auto,west,50930.22,0,0
52,55519.65,725.0,22,3443.77,4,60,0.062,2198.63,31266.98,28,78.52,0.554,salaried,auto,west,61100.34,0,0
56,49939.95,536.0,34,4541.53,6,48,0.091,2895.59,13481.43,21,137.89,0.773,self_employed,education,central,47574.45,0,0
53,46878.73,699.0,14,10559.63,2,48,0.225,2234.94,24546.23,30,74.5,0.853,salaried,personal,south,50419.43,0,0
44,125922.79,446.0,2,352.72,7,36,0.003,4497.28,3069.34,24,187.39,0.711,contract,home,south,47035.14,1,0
59,32585.2,469.0,11,19847.24,4,48,0.609,2027.24,18178.3,25,81.09,0.79,salaried,education,north,27839.96,0,0
54,55096.79,746.0,16,9685.57,4,36,0.176,3250.27,31435.51,29,112.08,0.887,salaried,business,central,61846.96,0,0
48,33583.73,527.0,26,2894.54,3,12,0.086,1069.92,1079.88,28,38.21,0.89,salaried,education,central,43344.44,0,0
57,42469.39,635.0,18,9665.51,4,12,0.228,944.73,18314.88,29,32.58,0.884,salaried,personal,west,53432.71,0,0
27,118332.32,769.0,20,6928.78,4,24,0.059,3060.98,4569.67,29,105.55,0.889,self_employed,home,central,74045.22,0,0
24,61491.26,700.0,23,3689.0,1,12,0.06,1677.3,4739.57,31,54.11,0.667,salaried,auto,south,59598.93,0,0
57,61158.05,681.0,23,261.12,0,36,0.004,3146.86,2658.34,36,87.41,0.648,salaried,personal,south,59155.73,0,0
21,35498.06,645.0,18,7208.61,2,60,0.203,1295.81,1334.2,37,35.02,0.706,contract,home,south,45956.61,0,0
21,44753.29,661.0,30,771.8,4,48,0.017,1564.88,11573.18,26,60.19,0.388,contract,education,north,60752.36,0,0
40,123057.21,597.0,19,14954.94,2,48,0.122,5428.82,34735.52,31,175.12,0.593,salaried,home,central,60129.13,0,0
39,67826.82,609.0,14,834.23,2,48,0.012,1796.09,19802.34,31,57.94,0.903,salaried,home,central,55454.65,0,0
49,46496.31,657.0,34,5039.19,3,60,0.108,1503.12,5129.44,24,62.63,0.919,salaried,personal,south,53687.07,0,0
30,66057.0,670.0,34,5131.23,2,24,0.078,2710.94,11585.25,28,96.82,0.578,unemployed,home,north,57985.32,0,0
38,61111.1,637.0,32,7311.47,4,12,0.12,2466.12,27931.18,23,107.22,0.525,salaried,auto,central,56414.86,0,0
48,37132.66,460.0,17,362.79,4,48,0.01,1719.93,8277.93,33,52.12,0.847,unemployed,auto,south,34442.32,1,0
55,45891.55,783.0,16,2051.51,5,36,0.045,1548.66,7852.5,29,53.4,0.451,self_employed,home,west,57334.81,0,0
63,149423.71,730.0,7,2002.68,3,60,0.013,5493.19,32288.42,30,183.11,0.801,salaried,business,south,75172.75,0,0
51,64627.88,633.0,19,8223.49,3,60,0.127,1517.08,34833.54,26,58.35,0.348,self_employed,business,east,58113.18,0,0
47,26740.41,732.0,10,2754.27,3,60,0.103,1280.23,14355.54,22,58.19,0.727,salaried,personal,west,46299.11,0,0
31,68158.73,620.0,29,1401.41,2,48,0.021,2838.0,18671.72,33,86.0,0.833,self_employed,auto,central,53803.66,0,0
58,97381.32,677.0,26,166.71,2,36,0.002,2198.41,50421.84,35,62.81,0.785,salaried,auto,north,69641.55,0,0
25,36063.26,487.0,13,16523.93,4,48,0.458,1509.78,8398.76,23,65.64,0.687,salaried,business,south,28471.95,1,0
28,44109.08,672.0,14,32035.89,6,24,0.726,1399.0,2882.06,33,42.39,0.953,salaried,auto,west,31976.41,0,0
54,104213.5,626.0,11,10934.15,4,12,0.105,2808.17,29499.89,15,187.21,0.652,salaried,auto,south,60922.03,0,0
32,55034.23,669.0,19,4790.17,3,36,0.087,1158.25,29989.71,18,64.35,0.747,self_employed,home,west,54875.57,0,0
58,50802.7,795.0,16,1171.09,2,36,0.023,3136.04,3033.34,29,108.14,0.901,self_employed,auto,north,58705.77,0,0
21,29696.19,648.0,25,5801.01,7,48,0.195,1791.59,4870.61,20,89.58,0.879,salaried,personal,north,43691.91,0,0
51,87706.81,611.0,13,5501.15,4,12,0.063,4841.76,4311.04,29,166.96,0.484,salaried,business,east,55273.39,0,0
24,49771.06,612.0,24,4900.63,6,12,0.098,1485.09,2292.81,22,67.5,0.845,self_employed,auto,west,51139.62,0,0
25,20395.26,530.0,25,4277.73,5,60,0.21,1163.24,10003.44,34,34.21,0.83,salaried,auto,west,33187.22,0,0
50,26697.18,684.0,24,6180.08,10,24,0.231,1554.21,14361.86,32,48.57,0.863,contract,auto,east,46609.71,0,0
44,42078.35,695.0,24,683.97,5,36,0.016,1019.73,281.59,30,33.99,0.826,salaried,personal,south,54326.42,0,0
23,33430.4,656.0,26,351.42,0,12,0.011,1422.88,13322.82,27,52.7,0.938,salaried,business,north,47248.37,0,0
31,35875.76,728.0,11,594.88,6,60,0.017,907.2,11684.46,29,31.28,0.69,salaried,auto,south,55017.59,0,0
24,155608.96,729.0,19,2008.27,6,48,0.013,6698.37,26456.84,30,223.28,0.826,salaried,home,west,83784.69,0,0
46,74487.41,656.0,15,2932.45,5,12,0.039,4172.28,3079.13,29,143.87,0.775,self_employed,home,central,49458.77,0,0
47,16986.85,700.0,24,1671.09,6,24,0.098,797.43,508.18,33,24.16,0.917,contract,education,east,43779.3,0,0
63,47030.67,835.0,26,2612.17,5,60,0.056,1103.16,4370.07,24,45.96,0.517,salaried,personal,west,63437.41,0,1
47,52037.92,580.0,17,1850.36,5,48,0.036,1105.44,28594.89,32,34.54,0.835,self_employed,auto,north,55862.89,0,0
62,27872.05,716.0,9,1470.54,7,12,0.053,690.17,10882.27,30,23.01,0.673,salaried,personal,east,48583.49,0,0
26,68904.3,657.0,29,3120.3,1,24,0.045,4044.49,5695.97,23,175.85,0.641,salaried,education,north,56259.85,0,0
35,21620.02,739.0,0,4560.2,4,24,0.211,1337.97,867.04,25,53.52,0.741,self_employed,auto,south,44162.8,0,0
50,88754.21,583.0,3,12272.58,4,36,0.138,3636.73,14985.55,27,134.69,0.53,salaried,auto,north,44346.81,0,0
62,103641.02,667.0,22,28020.5,7,24,0.27,3701.2,22329.14,27,137.08,0.756,salaried,auto,south,59062.96,0,0
57,156164.2,592.0,6,22615.9,6,48,0.145,5493.84,13016.98,36,152.61,0.727,salaried,auto,west,61125.69,0,0
57,26676.86,500.0,29,5815.24,3,36,0.218,1028.15,11785.07,27,38.08,0.857,salaried,auto,east,38788.48,0,1
62,29234.25,769.0,25,5568.12,4,12,0.19,1090.53,5488.44,41,26.6,0.917,salaried,business,south,52270.42,0,0
57,73991.27,613.0,0,1208.96,9,24,0.016,3906.85,8147.15,35,111.62,0.893,contract,home,west,52475.41,0,0
55,92245.25,578.0,28,32096.81,2,36,0.348,3952.13,54144.48,17,232.48,0.617,contract,auto,west,45733.32,0,0
43,77966.05,601.0,24,12847.72,3,36,0.165,1904.96,9205.76,30,63.5,0.731,self_employed,business,north,50332.86,0,0
26,88068.72,805.0,25,16929.35,9,12,0.192,2157.23,33643.46,28,77.04,0.796,self_employed,education,north,69621.59,0,0
24,100666.9,761.0,16,2401.08,7,36,0.024,2563.31,9563.21,27,94.94,0.852,salaried,auto,west,63669.78,0,0
38,59338.44,631.0,30,4613.74,3,36,0.078,2198.44,3412.4,32,68.7,0.585,self_employed,auto,north,49698.8,0,0
29,49234.63,723.0,7,974.73,4,24,0.02,1577.96,14065.65,32,49.31,0.877,salaried,education,west,56349.04,0,0
49,29270.05,559.0,4,25443.5,3,24,0.869,1061.28,10872.81,17,62.43,0.645,salaried,auto,south,25841.29,1,0
33,47375.12,695.0,0,3029.7,5,60,0.064,1171.88,2471.14,33,35.51,0.829,self_employed,home,south,46245.19,0,0
37,50756.77,613.0,14,8157.28,5,36,0.161,2975.22,2885.07,23,129.36,0.464,salaried,personal,east,36417.49,0,0
52,35335.45,687.0,6,1486.21,4,36,0.042,1955.6,1430.21,35,55.87,0.906,salaried,auto,south,43909.69,0,0
42,53252.45,533.0,26,14611.68,1,24,0.274,2350.72,5430.17,25,94.03,0.813,salaried,auto,south,37973.91,0,0
24,33588.18,599.0,34,1855.97,5,60,0.055,1499.09,1092.55,32,46.85,0.984,self_employed,home,central,51944.52,0,0
25,89411.05,665.0,26,14917.47,1,60,0.167,3740.85,45035.96,26,143.88,0.709,self_employed,personal,north,58402.21,0,0
57,65619.03,665.0,19,4623.91,6,48,0.07,1991.16,29817.82,27,73.75,0.815,contract,education,north,53222.47,0,0
61,44054.3,526.0,17,7759.57,4,36,0.176,2118.94,2429.62,28,75.68,0.785,salaried,education,west,42658.03,0,0
33,58981.45,567.0,1,2828.81,3,36,0.048,1454.16,33633.45,26,55.93,0.486,salaried,home,west,45124.26,0,0
54,32948.78,686.0,29,19293.05,4,48,0.586,1488.85,128.05,29,51.34,0.653,salaried,home,south,48975.3,0,0
42,34487.02,676.0,29,12839.12,1,48,0.372,1350.99,13474.95,24,56.29,0.428,salaried,auto,central,55822.63,0,0
43,40731.84,706.0,6,3936.42,6,60,0.097,946.67,2155.69,30,31.56,0.841,salaried,auto,central,42935.58,0,0
23,49693.65,666.0,12,7923.19,2,24,0.159,1930.82,115.05,33,58.51,0.416,self_employed,auto,south,46465.53,0,0
62,57730.49,560.0,32,1242.9,5,36,0.022,2625.14,3873.04,26,100.97,0.693,contract,education,south,44004.31,0,0
54,57833.32,620.0,29,1574.24,5,36,0.027,1396.67,3440.93,25,55.87,0.513,contract,auto,west,51161.0,0,0
52,29928.01,695.0,29,6865.9,0,24,0.229,995.62,62.12,28,35.56,0.779,salaried,personal,east,51556.8,0,0
41,52243.56,565.0,22,9209.84,5,12,0.176,1529.15,21034.3,25,61.17,0.393,self_employed,personal,north,46460.47,0,0
64,37491.71,554.0,23,7336.44,8,12,0.196,818.23,14082.49,33,24.79,0.558,salaried,education,north,46273.11,0,0
41,15000.0,624.0,19,7376.72,3,48,0.492,363.59,716.81,33,11.02,0.959,salaried,auto,east,42454.99,0,0
64,216211.74,673.0,27,12203.29,5,24,0.056,6207.77,88508.68,24,258.66,0.797,contract,auto,west,84546.62,0,0
31,37820.52,493.0,18,20942.59,3,48,0.554,1733.29,21385.25,26,66.66,0.935,self_employed,auto,central,34176.65,0,0
59,38776.96,629.0,12,4413.29,1,24,0.114,2331.83,19990.36,29,80.41,0.694,salaried,auto,south,41046.88,0,0
24,29557.82,694.0,15,6928.96,3,24,0.234,1424.8,5413.63,28,50.89,0.719,contract,personal,north,45824.41,0,1
21,33662.11,711.0,14,20116.36,4,24,0.598,2076.45,1779.32,18,115.36,0.525,salaried,auto,west,47303.08,0,0
48,49766.51,565.0,10,5617.27,3,48,0.113,3043.6,9055.38,30,101.45,0.947,salaried,personal,central,40079.24,0,0
44,99540.11,682.0,11,5301.5,2,36,0.053,4232.87,40047.28,25,169.31,0.734,contract,personal,west,57565.02,1,0
55,49639.55,734.0,21,13091.72,1,24,0.264,1493.16,805.77,25,59.73,0.7,self_employed,home,north,45755.51,0,0
33,46835.51,702.0,24,18882.2,3,60,0.403,2757.59,26424.62,17,162.21,0.459,salaried,home,west,49588.54,0,0
54,92978.47,615.0,2,12043.45,4,60,0.13,4011.09,3990.03,34,117.97,0.797,self_employed,auto,east,52832.7,0,0
31,42788.37,447.0,23,949.49,4,24,0.022,1162.17,1275.83,30,38.74,0.874,salaried,business,west,33267.27,1,0
56,54694.43,668.0,24,5625.55,4,36,0.103,2002.2,2655.78,28,71.51,0.807,self_employed,home,east,48418.79,0,0
37,35785.34,784.0,8,2143.97,4,24,0.06,1243.29,1279.03,22,56.51,0.47,salaried,home,north,53771.21,0,0
55,115648.43,720.0,27,3435.93,3,60,0.03,4144.94,44963.06,19,218.15,0.787,salaried,home,central,69617.51,0,0
38,86840.61,714.0,29,5692.78,6,24,0.066,2168.48,331.03,32,67.76,0.735,contract,auto,central,64960.12,0,0
60,50572.12,664.0,6,2253.81,3,60,0.045,2026.06,7699.54,29,69.86,0.845,self_employed,personal,east,44855.32,0,0
42,45263.24,726.0,10,6529.8,5,36,0.144,1935.09,9109.32,25,77.4,0.858,salaried,auto,north,47343.32,0,0
44,53405.67,676.0,9,9277.13,3,48,0.174,3062.94,24318.71,32,95.72,0.971,self_employed,auto,west,52392.62,0,0
39,50905.58,502.0,2,18707.66,5,60,0.367,1196.84,28137.34,28,42.74,0.87,self_employed,home,south,29770.76,1,0
57,27009.15,726.0,18,2138.16,6,36,0.079,1475.11,6317.35,27,54.63,0.68,contract,personal,south,48197.39,0,0
59,88185.72,577.0,1,3346.95,5,24,0.038,4146.1,33374.36,23,180.27,0.586,salaried,business,central,57208.0,1,0
41,48912.49,656.0,16,4684.86,3,48,0.096,2989.02,2303.19,24,124.54,0.707,self_employed,home,east,49595.61,0,0
28,127293.81,713.0,28,2288.77,2,60,0.018,7045.54,64994.99,28,251.63,0.815,contract,personal,north,79366.45,0,0
48,65500.76,586.0,1,3631.74,0,12,0.055,2595.19,37884.85,39,66.54,0.854,self_employed,auto,north,41201.02,0,0
25,17422.38,566.0,15,19337.24,2,24,1.11,928.68,825.43,31,29.96,0.64,salaried,auto,west,26396.27,1,0
37,30432.59,691.0,9,1343.34,1,60,0.044,1804.02,1182.35,24,75.17,0.662,salaried,home,west,47782.54,0,0
57,20625.33,555.0,3,5278.8,7,36,0.256,855.92,1632.43,36,23.78,0.588,salaried,personal,east,30840.71,1,0
56,30262.92,634.0,25,3352.19,3,24,0.111,966.19,15241.09,36,26.84,0.768,salaried,business,north,48061.0,0,0
39,25974.73,746.0,23,722.74,7,48,0.028,979.09,473.3,35,27.97,0.771,contract,personal,west,53571.43,0,0
47,60697.35,788.0,11,909.58,5,36,0.015,2333.97,4118.05,37,63.08,0.839,self_employed,auto,north,59631.73,0,0
54,46993.36,499.0,20,13829.03,3,48,0.294,2156.93,27041.81,33,65.36,0.948,unemployed,personal,central,32748.1,1,0
31,75602.37,631.0,15,17215.16,9,48,0.228,2917.75,18177.86,33,88.42,0.679,salaried,home,west,45664.18,0,0
32,53255.44,758.0,34,12172.52,7,48,0.229,2441.26,12379.44,36,67.81,0.866,self_employed,auto,south,60152.74,0,0
41,48623.44,616.0,8,6973.69,4,24,0.143,1080.16,422.63,36,30.0,0.549,salaried,home,south,41633.93,0,0
31,133444.79,717.0,5,13331.76,6,36,0.1,4874.35,66562.55,35,139.27,0.704,contract,education,central,72500.83,0,0
59,59890.32,724.0,0,1484.04,3,48,0.025,2915.27,1688.9,27,107.97,0.442,contract,home,south,51670.18,0,0
48,52248.68,598.0,13,13635.4,5,48,0.261,1330.89,10211.91,26,51.19,0.741,self_employed,education,central,41016.81,0,0
25,36899.44,686.0,23,4956.63,8,24,0.134,1099.18,18444.77,27,40.71,0.338,salaried,auto,east,52730.69,1,0
37,31915.24,692.0,9,12488.02,4,36,0.391,1636.9,16443.1,26,62.96,0.674,salaried,auto,north,50667.75,0,0
40,76628.58,727.0,17,2326.02,3,36,0.03,3707.31,33262.29,33,112.34,0.378,self_employed,personal,south,65580.57,0,0
61,74593.84,512.0,8,16083.28,2,36,0.216,2628.62,19887.88,24,109.53,0.875,salaried,auto,central,42351.42,1,0
32,109887.28,760.0,26,7556.4,9,36,0.069,6833.06,21287.51,29,235.62,0.653,self_employed,home,east,68485.04,0,0
26,67205.49,708.0,18,66.28,3,12,0.001,2270.4,2141.44,25,90.82,0.911,self_employed,home,south,56456.03,0,0
37,45392.57,554.0,2,6591.99,1,60,0.145,1413.19,15601.23,22,64.24,0.888,salaried,education,east,37257.54,1,0
39,68183.28,639.0,8,3343.22,7,48,0.049,2389.56,2378.05,23,103.89,0.836,salaried,personal,east,49990.63,0,0
46,52253.63,721.0,9,532.99,7,36,0.01,2723.57,23697.01,36,75.65,0.712,salaried,home,east,50092.25,0,0
64,79971.32,558.0,8,5336.62,6,60,0.067,1973.89,437.61,23,85.82,0.64,unemployed,home,north,42966.86,1,0
64,98760.14,571.0,16,3358.77,5,36,0.034,3241.12,3912.11,27,120.04,0.787,salaried,home,north,47216.05,0,0
52,50219.05,652.0,19,2057.82,4,12,0.041,2318.3,26306.77,29,79.94,0.561,self_employed,personal,south,59548.29,0,0
26,119466.27,613.0,6,3864.9,4,36,0.032,6793.92,11490.94,32,212.31,0.896,self_employed,home,central,59331.64,1,0
56,92480.79,671.0,3,1781.75,2,24,0.019,3607.99,3155.63,29,124.41,0.594,self_employed,auto,central,56229.57,0,0
58,54609.22,720.0,9,3207.66,1,60,0.059,2003.56,22888.19,35,57.24,0.572,self_employed,home,west,50248.07,0,0
31,73264.72,673.0,20,1102.91,4,12,0.015,2597.22,42294.76,32,81.16,0.927,salaried,education,north,57836.42,0,0
53,62160.41,649.0,13,792.72,5,24,0.013,1432.38,471.32,29,49.39,0.811,salaried,home,west,51525.39,0,0
44,54715.23,720.0,24,21673.45,1,36,0.396,3278.79,24162.92,29,113.06,0.653,self_employed,auto,north,52031.35,0,0
43,128144.69,641.0,16,20975.7,4,24,0.164,2905.91,45886.05,27,107.63,0.637,salaried,home,north,60106.12,0,0
35,68385.9,587.0,27,15842.62,5,12,0.232,3025.77,14912.71,24,126.07,0.811,unemployed,auto,east,49313.33,1,0
47,37107.12,748.0,13,2356.09,4,24,0.063,1999.9,1833.33,24,83.33,0.219,self_employed,personal,west,59367.48,0,0
31,34112.31,444.0,12,11648.05,1,48,0.341,1928.35,7198.17,28,68.87,0.592,salaried,home,west,28147.15,1,0
37,34745.54,655.0,33,8018.07,2,36,0.231,991.2,17345.75,34,29.15,0.781,self_employed,personal,north,50984.98,0,0
34,67526.61,619.0,2,473.33,5,48,0.007,1498.38,26209.76,28,53.51,0.855,salaried,business,east,55535.62,0,0
47,46458.69,572.0,3,20686.06,1,24,0.445,2455.34,7079.47,27,90.94,0.703,contract,education,west,35280.75,0,0
38,62942.83,675.0,14,55851.22,3,48,0.887,1472.34,37509.15,26,56.63,0.666,contract,home,south,28318.09,0,0
48,82568.07,689.0,19,11101.28,5,36,0.134,3223.75,37377.14,35,92.11,0.626,salaried,personal,north,56650.89,0,0
24,134985.29,580.0,7,2369.92,3,24,0.018,4808.54,17486.67,33,145.71,0.397,self_employed,home,central,64275.29,0,0
27,46942.89,531.0,4,7275.2,2,36,0.155,1240.53,22207.62,27,45.95,0.732,salaried,auto,west,37986.59,0,0
55,28743.08,539.0,1,1042.54,5,36,0.036,1235.01,14431.92,20,61.75,0.497,contract,auto,north,36898.3,0,0
29,121367.81,804.0,27,3194.39,1,24,0.026,3292.83,63714.88,27,121.96,0.651,salaried,home,east,78080.98,0,1
28,28121.92,814.0,21,11368.92,5,48,0.404,1364.28,12625.96,32,42.63,0.601,salaried,home,east,53205.44,0,0
37,27628.61,653.0,8,3223.9,3,12,0.117,1492.88,184.03,21,71.09,0.81,salaried,home,north,44301.86,1,0
37,119958.68,533.0,27,1433.13,5,36,0.012,3654.95,59013.29,25,146.2,0.837,contract,home,east,62788.02,0,0
53,87535.89,638.0,0,67.49,4,36,0.001,4523.2,4885.04,24,188.47,0.475,salaried,education,south,51384.1,0,0
52,67385.03,463.0,1,7648.51,1,36,0.114,3218.92,20876.71,26,123.8,0.82,salaried,education,east,35827.07,1,0
28,52972.89,677.0,25,31168.76,3,24,0.588,1699.01,2444.34,31,54.81,0.804,self_employed,business,east,38687.7,1,0
39,48647.62,566.0,30,5957.16,8,24,0.122,1409.06,15201.09,30,46.97,0.789,self_employed,education,south,50418.43,0,0
58,40421.95,547.0,18,2151.31,8,36,0.053,2314.97,15830.1,34,68.09,0.877,self_employed,home,south,43530.76,1,0
23,47697.32,733.0,30,5600.51,5,48,0.117,1394.14,18852.33,31,44.97,0.869,salaried,home,north,55177.22,0,0
25,53032.65,637.0,8,8293.62,1,24,0.156,1278.48,14987.12,31,41.24,0.91,self_employed,education,north,45665.52,0,0
33,29187.55,724.0,2,14546.73,6,12,0.498,994.95,6588.38,26,38.27,0.659,contract,business,south,45490.18,0,0
51,37455.06,753.0,5,5424.47,2,12,0.145,2191.97,10218.31,22,99.64,0.974,salaried,education,north,44314.84,0,0
36,20944.61,642.0,6,1709.03,2,36,0.082,947.62,7477.66,27,35.1,0.615,salaried,education,north,39779.95,0,0
52,56109.89,650.0,24,1874.4,7,24,0.033,2848.11,1827.7,30,94.94,0.819,unemployed,home,south,50931.72,0,0
42,56114.28,740.0,24,20698.64,3,36,0.369,1680.67,2201.36,27,62.25,0.894,salaried,home,west,43803.13,0,0
49,120611.74,604.0,0,2425.54,3,36,0.02,4994.68,5648.02,35,142.71,0.614,salaried,education,central,59490.14,0,0
42,64151.31,748.0,21,11718.16,3,48,0.183,3450.81,18399.35,25,138.03,0.628,salaried,personal,east,55955.71,0,0
63,42183.36,478.0,19,2819.45,4,36,0.067,1528.82,256.92,21,72.8,0.747,contract,personal,south,38258.53,1,0
23,49505.56,620.0,12,11474.78,5,48,0.232,2508.67,2267.63,31,80.92,0.938,salaried,home,south,47429.1,1,0
30,67445.16,666.0,20,734.44,3,60,0.011,3044.12,11826.13,29,104.97,0.653,salaried,auto,west,55279.1,0,0
62,60019.55,548.0,22,2091.85,2,24,0.035,2089.03,13238.97,28,74.61,0.921,self_employed,personal,central,49851.91,0,0
41,70279.02,681.0,32,4728.91,4,36,0.067,2675.35,28071.39,28,95.55,0.669,salaried,personal,north,57374.83,0,0
36,64194.33,665.0,8,6518.33,6,24,0.102,3306.84,14189.51,22,150.31,0.724,salaried,personal,south,50455.77,0,0
32,48354.28,588.0,28,3918.0,4,12,0.081,2515.94,2143.24,29,86.76,0.748,salaried,auto,east,51773.9,0,0
22,42569.49,585.0,31,7669.63,4,12,0.18,2468.06,2213.12,32,77.13,0.888,self_employed,auto,north,46328.5,0,0
61,41551.84,576.0,10,3542.32,5,48,0.085,1798.71,1617.95,20,89.94,0.556,self_employed,auto,west,43829.77,0,0
44,35725.78,517.0,28,10211.11,5,12,0.286,1404.96,3953.08,32,43.9,0.839,salaried,business,central,35656.76,0,0
55,33291.13,787.0,30,6442.35,4,60,0.194,1776.92,934.64,21,84.62,0.937,contract,personal,east,51750.76,0,0
50,123909.75,632.0,13,10990.35,4,36,0.089,4574.06,55127.01,23,198.87,0.984,salaried,home,north,65989.14,0,0
50,57303.65,535.0,24,5074.54,6,24,0.089,2610.18,10199.82,24,108.76,0.941,salaried,auto,west,48559.29,1,0
55,50519.48,640.0,25,18823.64,2,36,0.373,2653.0,28803.95,36,73.69,0.823,self_employed,personal,east,49654.18,0,0
39,43340.9,670.0,21,4333.34,2,12,0.1,2573.33,2458.26,26,98.97,0.881,salaried,personal,central,51974.71,0,0
28,65709.29,580.0,8,3315.26,7,12,0.05,3802.3,14211.58,26,146.24,0.862,salaried,business,west,51281.1,1,0
46,93120.42,619.0,32,7329.4,1,36,0.079,4503.35,35021.75,31,145.27,0.799,salaried,auto,central,56084.95,0,0
60,75016.92,761.0,22,6404.96,7,24,0.085,1627.04,18395.59,24,67.79,0.753,salaried,home,central,59821.76,0,0
27,82019.73,551.0,34,6570.13,5,12,0.08,4232.54,3617.88,28,151.16,0.732,self_employed,business,east,52227.96,1,0
50,41608.6,601.0,19,14312.46,3,36,0.344,1441.08,19970.56,22,65.5,0.88,contract,personal,east,39949.5,0,0
27,54075.79,480.0,32,7993.63,4,36,0.148,3004.55,6307.46,30,100.15,0.711,salaried,home,north,44725.82,0,0
23,41855.56,805.0,34,19486.21,3,36,0.466,918.72,13473.81,32,28.71,0.778,salaried,personal,north,47277.31,0,0
21,56849.58,706.0,29,8686.89,3,48,0.153,1452.65,12550.26,26,55.87,0.721,self_employed,auto,west,55836.58,0,0
56,96054.01,646.0,29,197.46,6,36,0.002,4761.84,53468.22,26,183.15,0.929,salaried,home,west,63410.87,0,0
45,66021.24,589.0,21,18389.27,2,48,0.279,2106.78,8859.58,30,70.23,0.79,salaried,personal,north,49497.99,1,0
57,112647.81,585.0,0,16481.12,5,12,0.146,3838.73,64092.76,28,137.1,0.926,contract,education,west,54334.08,0,0
21,47579.84,627.0,14,450.75,3,12,0.009,1784.74,12521.91,30,59.49,0.808,salaried,home,north,49535.78,0,0
35,37679.35,692.0,24,1204.71,6,36,0.032,1083.51,19843.53,17,63.74,0.711,salaried,personal,east,53630.24,0,0
57,68217.6,560.0,19,7314.6,2,60,0.107,3864.14,19735.08,26,148.62,0.605,salaried,home,north,43122.72,0,0
33,57152.95,611.0,6,394.18,1,48,0.007,1400.9,21490.87,20,70.04,0.936,contract,personal,south,51617.4,0,0
60,62643.55,723.0,15,4766.53,6,48,0.076,1749.14,37153.72,34,51.45,0.386,contract,auto,east,54049.93,0,0
28,58568.31,787.0,22,33330.69,5,24,0.569,2150.78,2602.49,37,58.13,0.334,salaried,home,north,46053.31,0,0
25,43564.79,696.0,20,1707.12,5,36,0.039,1589.78,5793.62,37,42.97,0.857,salaried,home,north,53624.08,0,0
29,59164.75,594.0,0,2077.13,8,36,0.035,1360.47,10218.33,21,64.78,0.878,salaried,education,central,44735.71,0,0
21,83953.36,637.0,19,10152.79,2,36,0.121,2932.95,24228.25,24,122.21,0.42,salaried,personal,central,47290.83,0,0
56,87925.79,685.0,18,404.77,7,24,0.005,4632.01,31643.66,33,140.36,0.783,salaried,education,west,65911.86,0,0
55,43465.27,625.0,5,15467.56,2,36,0.356,2518.34,2409.09,18,139.91,0.66,self_employed,auto,central,40506.64,1,0
22,60111.27,711.0,31,1997.4,5,36,0.033,1562.7,2720.03,30,52.09,0.784,unemployed,education,east,62359.77,0,0
60,105313.83,588.0,0,6825.01,5,24,0.065,5052.92,3004.59,31,163.0,0.647,salaried,home,east,55460.85,0,0
43,43890.32,787.0,29,2574.31,4,36,0.059,2608.9,14205.15,31,84.16,0.976,salaried,education,north,64342.14,1,0
29,40447.06,643.0,15,9679.74,4,24,0.239,1348.09,2680.41,24,56.17,0.731,contract,personal,west,42690.79,0,1
54,77457.24,596.0,26,7963.48,6,12,0.103,4442.66,22909.7,22,201.94,0.917,contract,personal,north,51483.67,0,0
34,71577.18,700.0,17,26342.53,1,36,0.368,1957.91,33835.91,23,85.13,0.896,contract,auto,north,52760.41,0,0
24,37173.85,567.0,12,5308.83,4,60,0.143,2108.03,12582.5,27,78.08,0.821,salaried,business,south,36012.41,0,0
50,28860.89,663.0,27,18706.26,4,24,0.648,1114.44,8574.48,36,30.96,0.51,salaried,education,west,40923.97,0,0
51,59587.45,769.0,9,7718.42,2,36,0.13,3290.63,366.14,27,121.88,0.841,contract,personal,central,53354.85,0,0
58,44874.78,547.0,13,22129.22,2,48,0.493,1328.57,26418.56,23,57.76,0.88,self_employed,auto,central,31814.35,0,0
31,25391.4,751.0,28,3105.54,8,60,0.122,601.92,8478.04,32,18.81,0.886,salaried,home,north,55379.94,0,0
55,39765.65,540.0,10,7181.79,5,12,0.181,1815.67,11161.19,18,100.87,0.792,salaried,home,west,36036.2,1,0
28,71052.51,720.0,26,4449.1,5,48,0.063,2268.81,4460.33,34,66.73,0.828,salaried,education,west,57370.8,0,0
23,50608.01,570.0,16,613.52,4,24,0.012,2755.15,22634.51,24,114.8,0.571,salaried,home,south,50693.68,1,0
34,109616.9,751.0,2,7685.46,7,12,0.07,6050.76,19716.15,24,252.12,0.75,self_employed,auto,south,60031.74,0,0
33,21178.53,601.0,30,14228.9,9,48,0.672,1079.6,140.94,29,37.23,0.664,salaried,personal,west,35553.41,0,0
52,98922.95,620.0,20,7311.5,1,36,0.074,4112.31,43291.59,23,178.8,0.67,salaried,home,central,55681.87,0,1
54,46408.76,570.0,32,2948.32,1,24,0.064,2751.95,1386.75,26,105.84,0.79,salaried,personal,east,45758.82,0,0
39,43486.7,445.0,0,2756.64,2,48,0.063,1966.88,229.06,34,57.85,0.716,contract,auto,central,33266.42,1,0
58,26956.04,553.0,5,2444.37,1,24,0.091,763.83,13823.77,25,30.55,0.855,salaried,auto,west,36455.04,0,0
36,66788.54,507.0,3,35043.95,2,36,0.525,3010.97,18666.35,22,136.86,0.71,salaried,home,south,26098.75,1,0
22,23812.29,476.0,21,4585.73,2,24,0.193,1067.48,2464.21,29,36.81,0.869,salaried,home,north,42687.39,1,0
60,78280.72,675.0,12,3429.63,1,24,0.044,3718.73,16941.68,36,103.3,0.598,salaried,home,central,60287.86,0,1
37,27418.85,780.0,29,4878.8,5,12,0.178,684.67,1005.48,28,24.45,0.423,self_employed,auto,north,51795.06,0,0
54,29434.78,803.0,25,1107.63,2,24,0.038,1457.86,17320.55,28,52.07,0.83,unemployed,personal,central,57498.25,0,0
62,31696.24,551.0,6,1963.62,6,60,0.062,1192.97,14417.99,31,38.48,0.649,self_employed,education,east,38503.63,1,0
36,39254.55,641.0,13,6400.01,8,36,0.163,1816.26,1897.54,33,55.04,0.767,salaried,auto,north,44247.74,1,0
58,82779.37,749.0,25,14433.21,5,48,0.174,4900.52,1319.3,22,222.75,0.879,salaried,education,west,59322.89,0,0
22,106593.78,539.0,17,18818.29,6,48,0.177,3724.73,3158.23,26,143.26,0.889,salaried,home,east,46473.73,0,0
22,41123.41,752.0,23,18088.22,4,36,0.44,1802.24,1792.44,25,72.09,0.776,salaried,education,east,48642.21,0,0
46,53053.0,754.0,24,26063.12,4,48,0.491,2808.15,20601.76,23,122.09,0.882,self_employed,personal,central,51219.88,0,0
33,67539.16,485.0,31,1209.72,4,24,0.018,1748.14,18634.79,28,62.43,0.799,self_employed,home,north,49544.94,0,0
51,46714.48,450.0,5,376.5,5,24,0.008,1662.77,15746.91,27,61.58,0.664,salaried,auto,west,36533.66,1,0
54,66359.42,616.0,15,1005.74,7,48,0.015,1758.66,298.66,31,56.73,0.678,salaried,home,west,57045.08,0,0
59,54077.0,730.0,2,8263.33,3,36,0.153,3018.68,32413.1,21,143.75,0.821,salaried,home,central,52307.31,0,0
23,48336.54,521.0,20,7309.79,6,48,0.151,2561.72,25274.42,30,85.39,0.863,salaried,auto,central,44482.37,0,0
28,28597.74,477.0,31,10011.03,4,36,0.35,973.14,5925.96,21,46.34,0.702,salaried,home,south,41966.06,1,0
43,57934.56,655.0,1,4173.91,5,48,0.072,1277.67,4779.33,28,45.63,0.756,salaried,home,west,41808.22,0,0
34,83388.78,704.0,19,4472.14,5,36,0.054,3160.39,32067.04,30,105.35,0.981,self_employed,auto,east,60154.91,0,0
47,38168.85,592.0,10,7098.5,2,48,0.186,822.8,21052.05,32,25.71,0.856,salaried,home,north,39414.57,0,1
49,22343.22,599.0,17,741.21,0,24,0.033,737.48,9321.28,31,23.79,0.647,salaried,home,north,42983.31,0,0
59,46920.14,703.0,10,14479.19,6,12,0.309,1388.56,2791.78,33,42.08,0.94,salaried,personal,west,47434.31,0,0
59,106873.03,576.0,34,23058.68,6,24,0.216,3266.06,25656.92,21,155.53,0.544,salaried,personal,east,58687.6,0,0
21,93468.29,582.0,11,4409.58,5,24,0.047,4633.09,40823.33,21,220.62,0.838,self_employed,personal,east,52546.37,0,0
37,41722.34,674.0,30,12108.87,3,36,0.29,2101.26,6692.6,36,58.37,0.826,salaried,business,south,53521.51,0,0
61,66501.63,683.0,29,7163.29,5,60,0.108,3342.56,26126.0,29,115.26,0.886,salaried,business,west,57078.3,0,0
50,71403.04,631.0,3,2422.79,5,24,0.034,3927.62,2562.47,21,187.03,0.405,salaried,education,south,41820.59,1,0
33,105942.54,776.0,1,631.85,1,36,0.006,5709.4,8035.28,23,248.23,0.319,salaried,auto,central,67169.54,0,0
41,26963.46,714.0,12,2540.06,1,48,0.094,1266.37,12069.64,20,63.32,0.811,self_employed,personal,north,44443.93,0,0
39,33490.84,620.0,25,8357.69,5,48,0.25,1014.43,9168.09,25,40.58,0.939,contract,home,central,49856.1,0,0
39,21929.98,540.0,28,369.55,5,24,0.017,779.99,2484.1,22,35.45,0.812,self_employed,auto,north,36238.26,0,0
45,39923.32,734.0,27,16281.47,5,36,0.408,1516.66,2226.16,24,63.19,0.683,contract,auto,central,51967.44,0,0
42,87538.81,737.0,7,31651.35,3,24,0.362,4402.28,3959.69,19,231.7,0.681,self_employed,auto,north,42982.73,0,0
51,42113.62,642.0,4,784.76,6,36,0.019,1818.6,18515.7,17,106.98,0.7,self_employed,auto,north,46628.54,0,0
37,30070.95,674.0,31,2549.6,3,24,0.085,1556.65,8397.02,38,40.96,0.889,salaried,personal,central,55118.31,0,0
43,59993.19,710.0,29,10132.93,5,12,0.169,1647.0,23602.57,23,71.61,0.834,salaried,home,central,60267.88,0,0
52,60691.93,786.0,13,14762.8,3,12,0.243,1851.95,23768.0,21,88.19,0.698,salaried,personal,central,58650.72,0,0
30,34280.36,725.0,9,3821.75,6,36,0.111,795.92,3408.53,29,27.45,0.709,self_employed,education,north,46563.83,0,0
30,43143.17,688.0,9,6516.88,3,24,0.151,1950.67,22879.88,29,67.26,0.626,salaried,auto,west,44354.34,0,0
56,57974.55,729.0,5,20010.59,8,12,0.345,3539.32,28641.62,31,114.17,0.945,self_employed,business,west,50294.77,0,0
28,75787.9,748.0,15,4366.4,3,24,0.058,3295.07,7553.07,37,89.06,0.647,contract,auto,east,61493.87,0,0
40,40457.5,673.0,25,765.5,3,24,0.019,1214.49,8384.32,25,48.58,0.726,self_employed,education,central,48717.39,0,0
52,37917.22,728.0,20,47496.27,4,48,1.253,1763.76,227.65,28,62.99,0.802,contract,business,east,29714.34,1,0
34,128110.65,593.0,29,1789.13,7,36,0.014,6298.76,28209.65,28,224.96,0.579,salaried,home,west,68367.13,0,0
48,47891.25,738.0,4,450.11,4,60,0.009,2150.82,21230.79,24,89.62,0.833,salaried,home,north,54402.44,0,0
44,60611.83,593.0,9,4758.67,5,36,0.079,2202.42,1338.21,26,84.71,0.548,contract,personal,west,49853.35,0,0
35,72530.63,564.0,30,1165.48,2,12,0.016,4018.63,22769.82,28,143.52,0.894,unemployed,business,north,64101.88,1,0
42,24243.44,639.0,10,34655.55,3,48,1.429,1001.64,1267.92,24,41.74,0.731,self_employed,education,north,17847.27,1,0
50,53726.57,536.0,6,4313.85,7,12,0.08,3333.53,10773.76,41,81.31,0.633,self_employed,home,central,45796.18,1,0
24,25833.51,599.0,11,15728.54,4,24,0.609,800.15,1136.73,26,30.78,0.576,self_employed,auto,east,33972.07,1,0
33,51080.09,682.0,7,1748.88,5,36,0.034,1539.32,264.08,23,66.93,0.914,contract,auto,west,52341.88,0,0
43,100499.27,674.0,27,1345.01,2,36,0.013,2408.64,34488.56,29,83.06,0.761,salaried,home,east,69026.53,0,0
28,34568.19,704.0,15,9430.24,7,36,0.273,1294.76,18273.11,23,56.29,0.816,salaried,home,east,50820.16,0,0
38,25593.95,706.0,2,21602.79,5,24,0.844,798.16,6566.58,29,27.52,0.922,salaried,business,north,33504.11,0,0
32,126684.95,682.0,31,1094.8,3,36,0.009,7037.51,4829.66,20,351.88,0.848,self_employed,business,south,69435.76,0,0
51,32332.37,578.0,20,8008.02,1,36,0.248,1374.06,12538.55,24,57.25,0.665,salaried,auto,north,38299.66,0,0
34,27601.89,728.0,17,798.89,3,36,0.029,644.18,12269.53,21,30.68,0.84,contract,auto,north,49022.44,0,0
54,112259.03,641.0,10,15049.62,7,48,0.134,4010.7,17117.36,28,143.24,0.726,salaried,auto,central,56685.71,1,0
38,31763.99,670.0,7,21602.37,3,36,0.68,1582.39,14414.15,27,58.61,0.922,self_employed,home,east,39820.16,0,0
54,113574.17,659.0,11,8918.99,2,48,0.079,4665.34,17920.99,25,186.61,0.602,salaried,education,central,63881.3,0,0
31,61288.09,784.0,1,10492.67,4,48,0.171,2175.18,22479.82,33,65.91,0.634,salaried,personal,south,57133.75,0,0
61,96546.56,548.0,21,513.29,8,36,0.005,2635.67,10896.27,41,64.28,0.627,contract,auto,central,59222.68,0,0
32,58907.86,621.0,8,681.99,3,36,0.012,2860.84,2633.36,19,150.57,0.901,contract,home,west,50493.89,0,0
35,88068.14,695.0,13,1782.44,4,12,0.02,2487.04,16439.06,29,85.76,0.641,salaried,personal,east,60968.25,0,0
51,35835.63,652.0,14,2879.72,7,12,0.08,2046.0,1425.56,20,102.3,0.932,contract,home,central,48732.73,0,0
49,41104.74,609.0,10,12838.65,5,36,0.312,2550.77,4545.31,30,85.03,0.793,salaried,auto,south,37959.99,0,0
46,20910.77,487.0,12,5145.21,2,12,0.246,917.19,3221.07,25,36.69,0.46,self_employed,business,west,38293.78,1,0
38,83893.35,626.0,27,733.33,4,12,0.009,2157.18,41442.72,30,71.91,0.925,self_employed,home,east,64203.06,1,0
52,65434.58,681.0,24,17234.2,3,12,0.263,3232.31,4840.09,37,87.36,0.908,salaried,personal,west,55627.37,0,0
42,34430.7,696.0,5,45787.7,5,24,1.33,907.96,2638.56,36,25.22,0.615,contract,auto,central,30870.82,1,0
58,24661.39,636.0,32,5463.16,3,60,0.222,1440.53,11564.05,21,68.6,0.52,unemployed,home,central,50371.44,0,0
37,61501.44,665.0,24,6452.61,4,12,0.105,2782.86,5629.31,27,103.07,0.65,salaried,auto,central,50574.42,0,0
43,115171.72,553.0,22,735.86,5,24,0.006,6240.15,6208.91,29,215.18,0.875,unemployed,auto,west,58097.74,0,0
44,50915.24,683.0,7,4346.23,3,36,0.085,2386.44,5130.83,28,85.23,0.893,salaried,home,west,52496.48,0,0
28,40283.58,651.0,16,4184.13,5,36,0.104,1722.12,1672.91,35,49.2,0.777,salaried,business,north,45325.94,0,0
61,35536.53,664.0,30,30377.53,3,48,0.855,1518.04,13046.58,25,60.72,0.606,salaried,auto,central,42284.53,0,0
26,95054.62,631.0,25,9720.72,6,36,0.102,4908.84,42031.47,29,169.27,0.507,self_employed,home,south,59756.63,0,0
25,38152.19,668.0,10,13716.91,3,24,0.36,2229.62,16143.49,31,71.92,0.733,contract,auto,west,48643.56,1,0
64,45842.62,704.0,29,1236.12,5,24,0.027,1373.24,10637.67,30,45.77,0.783,salaried,home,east,52456.39,0,0
49,86576.24,672.0,10,4854.98,1,48,0.056,2214.46,49241.4,31,71.43,0.379,salaried,home,north,61380.49,0,0
48,72176.28,495.0,2,1913.76,6,12,0.027,1673.25,22724.17,20,83.66,0.939,salaried,home,west,39242.25,0,0
31,46638.93,673.0,20,17707.17,2,36,0.38,2655.95,27222.62,33,80.48,0.538,salaried,business,north,44899.2,0,0
21,39555.51,617.0,34,1487.82,2,36,0.038,1025.79,953.26,23,44.6,0.781,self_employed,personal,east,54928.64,0,0
63,104768.69,590.0,27,5200.24,3,48,0.05,4927.19,34133.65,29,169.9,0.76,salaried,education,north,57553.14,1,0
39,32781.96,765.0,21,496.29,6,60,0.015,1110.83,11761.69,22,50.49,0.847,contract,education,central,60894.98,0,1
29,49284.83,571.0,17,9053.34,4,36,0.184,2183.48,17086.36,21,103.98,0.767,salaried,home,west,42170.37,1,0
47,27511.4,580.0,22,5918.71,2,48,0.215,670.52,11109.0,25,26.82,0.458,contract,home,south,38455.21,1,0
54,92502.43,459.0,25,6201.8,4,48,0.067,4163.84,1721.21,29,143.58,0.878,self_employed,personal,west,52660.48,1,0
64,43752.38,772.0,34,964.45,8,12,0.022,2512.01,2523.07,28,89.71,0.434,salaried,business,north,60051.32,0,0
24,39543.97,726.0,28,6493.57,3,36,0.164,1262.01,5342.33,24,52.58,0.742,self_employed,personal,west,56398.07,0,0
56,72965.95,622.0,10,7466.55,3,48,0.102,2498.3,25168.3,25,99.93,0.802,self_employed,auto,central,50307.37,0,0
38,28524.48,702.0,0,29632.72,2,48,1.039,853.49,14760.15,18,47.42,0.816,self_employed,home,north,32095.43,1,0
35,72108.1,461.0,15,304.08,7,48,0.004,1892.35,21309.69,30,63.08,0.972,contract,home,central,42452.36,0,0
33,46062.56,690.0,24,23042.14,4,48,0.5,1098.58,9501.18,32,34.33,0.665,self_employed,personal,west,48805.58,0,0
39,31495.98,577.0,17,5877.8,2,12,0.187,1535.75,13988.08,30,51.19,0.61,self_employed,home,central,43454.3,0,0
26,34696.07,792.0,15,2122.81,6,60,0.061,1223.71,8648.27,22,55.62,0.86,salaried,home,central,61818.67,0,0
32,39819.42,681.0,18,9857.31,4,60,0.248,1589.59,1978.06,23,69.11,0.598,salaried,home,east,48652.86,0,0
57,44363.86,661.0,15,6550.62,7,36,0.148,1518.95,119.27,25,60.76,0.744,self_employed,home,central,49786.29,0,0
37,31592.13,580.0,4,2314.43,2,24,0.073,1637.96,2758.87,33,49.64,0.741,salaried,personal,central,41555.76,0,0
43,61854.01,581.0,26,8871.41,0,24,0.143,3048.1,4917.68,32,95.25,0.607,salaried,auto,east,44659.01,0,0
46,31221.9,700.0,5,5769.47,7,36,0.185,1516.5,1257.54,29,52.29,0.714,salaried,home,east,43196.73,0,0
49,18689.08,579.0,33,10512.08,3,24,0.562,985.77,2195.65,20,49.29,0.788,salaried,auto,north,45279.08,0,0
53,128518.59,576.0,15,10513.89,6,36,0.082,5799.24,76144.71,32,181.23,0.883,self_employed,personal,south,57857.2,0,0
47,59223.13,770.0,22,5761.84,3,36,0.097,1473.79,17724.22,34,43.35,0.456,salaried,home,east,54585.99,0,0
45,133822.72,674.0,31,4460.42,2,48,0.033,5145.56,35452.32,20,257.28,0.73,contract,home,south,75464.9,0,0
30,33872.31,557.0,22,587.99,3,12,0.017,1152.77,18559.12,21,54.89,0.9,unemployed,business,north,43521.37,1,0
43,67232.2,697.0,19,6128.24,7,12,0.091,2359.93,3234.3,34,69.41,0.66,contract,auto,south,47248.86,0,0
41,81029.93,626.0,18,2506.9,4,60,0.031,2349.87,14412.6,30,78.33,0.723,salaried,personal,west,55734.97,1,0
41,49751.41,500.0,28,492.46,10,48,0.01,1370.26,24206.79,33,41.52,0.98,contract,personal,east,45913.31,1,0
63,28282.47,608.0,7,3609.41,8,24,0.128,1138.79,192.18,32,35.59,0.502,salaried,auto,north,40697.28,0,0
33,48097.4,561.0,28,823.8,2,12,0.017,2948.46,20930.93,17,173.44,0.74,self_employed,home,south,42873.52,0,0
57,71817.15,672.0,17,7801.97,6,36,0.109,1562.9,220.39,24,65.12,0.936,contract,personal,south,50945.75,0,0
53,70593.91,594.0,4,6304.61,5,24,0.089,2301.67,10017.93,35,65.76,0.9,contract,home,south,47894.56,0,0
44,54136.67,658.0,11,14150.54,6,12,0.261,3306.1,28948.13,21,157.43,0.66,salaried,personal,east,49538.21,1,0
64,81127.69,707.0,9,2803.27,4,48,0.035,2895.67,1919.51,21,137.89,0.959,salaried,auto,central,58751.61,0,0
31,79422.64,850.0,16,4180.19,3,60,0.053,3820.66,23233.68,36,106.13,0.866,contract,education,central,66748.25,0,0
37,42802.41,818.0,31,10510.23,4,48,0.246,1368.94,1691.55,32,42.78,0.702,self_employed,home,east,53575.29,0,0
24,27331.94,669.0,3,44585.56,3,12,1.631,1186.74,1154.66,31,38.28,0.4,self_employed,personal,east,20635.24,1,0
45,59023.75,646.0,30,21106.59,1,24,0.358,1656.43,6163.19,36,46.01,0.821,salaried,personal,west,53983.7,0,0
50,38716.19,599.0,25,6621.2,3,24,0.171,1675.58,21606.49,34,49.28,0.527,salaried,home,north,49883.51,0,0
29,57796.69,510.0,11,10197.36,5,24,0.176,2358.26,20204.12,25,94.33,0.569,salaried,home,north,38798.05,1,0
41,99259.06,456.0,17,6832.09,6,36,0.069,5520.56,3645.77,33,167.29,0.489,salaried,auto,west,50794.36,1,0
40,65964.46,578.0,7,5135.27,5,36,0.078,3584.17,25834.37,30,119.47,0.708,self_employed,auto,central,56211.74,1,0
39,97082.37,789.0,31,8298.46,2,24,0.085,2760.17,49972.03,33,83.64,0.852,salaried,home,east,77127.55,0,0
39,34366.38,786.0,19,4397.16,5,36,0.128,2062.38,4879.78,31,66.53,0.922,salaried,auto,north,53333.86,0,0
32,88375.94,656.0,12,2958.89,4,36,0.033,3275.19,48483.06,31,105.65,0.569,contract,auto,north,59865.61,0,0
57,115205.07,690.0,22,11007.6,2,60,0.096,2642.96,54473.92,32,82.59,0.575,self_employed,home,north,60392.65,0,0
62,55767.41,599.0,2,18499.66,0,36,0.332,1339.67,835.6,35,38.28,0.798,salaried,personal,east,39102.75,0,0
37,154033.29,647.0,34,3057.4,3,24,0.02,5895.99,74444.28,30,196.53,0.794,salaried,home,central,82546.32,0,0
57,36833.24,584.0,20,11044.92,4,48,0.3,2129.33,11510.83,22,96.79,0.578,salaried,home,north,39410.1,0,0
59,40640.68,584.0,6,5122.75,11,24,0.126,1111.38,14379.9,22,50.52,0.821,salaried,home,central,42775.18,0,0
48,72581.91,702.0,25,3236.92,4,36,0.045,2965.79,43234.81,30,98.86,0.886,unemployed,home,central,63202.96,0,0
61,55520.61,599.0,22,8734.61,9,36,0.157,2403.17,1533.52,29,82.87,0.79,contract,personal,south,50852.68,1,0
55,38781.23,692.0,31,25233.29,3,12,0.651,2248.07,21833.73,18,124.89,0.555,contract,home,central,46367.5,0,0
38,71581.85,637.0,1,3900.5,9,12,0.054,1528.3,31552.12,35,43.67,0.941,salaried,education,central,49460.05,1,0
34,63576.15,771.0,1,12824.54,5,24,0.202,3682.76,1412.18,26,141.64,0.695,salaried,personal,west,48942.05,0,0
55,41613.32,697.0,14,3401.06,5,24,0.082,1335.26,18433.35,30,44.51,0.987,salaried,personal,north,47025.22,0,0
64,58987.05,671.0,15,14660.72,4,48,0.249,3370.83,8112.85,30,112.36,0.814,salaried,home,west,48396.01,0,0
61,76233.9,528.0,25,12843.47,1,36,0.168,2935.07,24226.3,37,79.33,0.895,salaried,business,central,50038.29,0,0
27,41200.0,608.0,7,13057.79,1,12,0.317,1420.33,20322.66,24,59.18,0.645,salaried,auto,east,34516.09,0,0
61,68367.18,646.0,15,54705.24,4,60,0.8,4244.33,9672.07,23,184.54,0.487,salaried,education,central,35469.66,1,0
33,36674.26,655.0,20,1362.82,6,48,0.037,1959.74,12657.44,29,67.58,0.62,self_employed,education,east,44450.46,0,0
38,40005.77,706.0,10,4431.56,1,12,0.111,1642.21,178.44,29,56.63,0.564,salaried,auto,central,51424.97,0,0
57,89340.87,668.0,23,8968.05,4,24,0.1,3252.01,45143.43,29,112.14,0.78,salaried,education,north,60543.81,0,0
33,71409.47,562.0,17,8034.83,6,36,0.113,2438.17,15939.08,21,116.1,0.636,salaried,personal,west,48696.01,1,0
56,23177.17,700.0,22,13653.09,6,24,0.589,1150.81,4868.2,31,37.12,0.765,self_employed,home,east,40830.71,0,0
51,45779.83,611.0,12,432.41,4,60,0.009,1748.56,7718.81,36,48.57,0.689,salaried,personal,central,54531.98,0,0
22,67532.45,595.0,0,10988.58,4,36,0.163,3235.55,29515.26,26,124.44,0.686,contract,home,east,43097.61,0,1
36,57669.84,556.0,6,12045.22,5,48,0.209,2199.89,6981.1,33,66.66,0.72,self_employed,home,central,43347.18,1,0
29,71552.87,620.0,20,567.43,8,36,0.008,2598.19,2838.59,34,76.42,0.818,salaried,business,central,52820.37,1,0
29,57079.01,603.0,15,6963.02,2,24,0.122,1978.14,10357.97,28,70.65,0.606,unemployed,auto,east,53870.65,0,0
58,51038.27,749.0,13,2529.25,2,36,0.05,3017.5,2064.26,29,104.05,0.872,salaried,auto,north,55912.17,0,0
31,50341.1,627.0,1,14558.47,0,36,0.289,2656.25,2473.42,20,132.81,0.86,salaried,personal,east,44758.92,0,0
42,88524.15,695.0,30,457.98,1,36,0.005,4260.65,2370.29,31,137.44,0.583,salaried,home,south,62187.91,0,0
53,74066.81,497.0,8,1422.15,3,24,0.019,3596.57,36136.08,18,199.81,0.895,salaried,auto,east,42594.49,1,0
56,64999.49,713.0,13,992.89,3,60,0.015,1847.61,17392.89,17,108.68,0.361,salaried,home,west,54970.08,0,0
43,56385.93,705.0,9,606.97,3,24,0.011,3372.76,19194.72,32,105.4,0.809,self_employed,home,east,57222.92,0,1
54,42320.7,526.0,23,8248.27,4,24,0.195,1067.91,11339.1,26,41.07,0.691,self_employed,auto,south,38358.62,1,0
29,47191.11,576.0,32,18261.95,5,12,0.387,1423.7,5705.7,26,54.76,0.725,self_employed,auto,south,40396.22,0,0
44,87474.45,594.0,33,6438.04,3,48,0.074,1910.52,51001.2,24,79.6,0.899,salaried,home,west,63309.31,0,0
28,83845.08,633.0,19,2128.13,4,24,0.025,3036.01,10933.26,28,108.43,0.816,self_employed,home,north,57448.51,0,0
27,40462.97,590.0,27,3791.56,0,24,0.094,1361.34,15367.03,29,46.94,0.669,contract,auto,west,50864.37,0,0
56,56667.94,629.0,3,4021.74,9,24,0.071,3168.99,10094.48,28,113.18,0.399,salaried,auto,east,44443.7,0,0
38,67799.51,706.0,33,5407.33,11,60,0.08,3296.37,33730.32,32,103.01,0.692,salaried,personal,east,64592.08,0,0
23,65836.72,603.0,3,4910.9,5,48,0.075,3546.92,3163.4,29,122.31,0.727,salaried,auto,central,44729.74,0,0
48,65608.94,675.0,5,10009.42,10,48,0.153,1773.37,18661.61,34,52.16,0.807,salaried,auto,south,55209.15,0,0
26,32845.38,665.0,21,3738.44,3,24,0.114,1465.63,4267.82,29,50.54,0.713,contract,auto,central,49913.36,0,0
64,31978.92,399.0,3,9788.13,3,12,0.306,1318.86,1530.8,27,48.85,0.82,contract,home,west,22353.67,1,0
64,91728.43,581.0,4,7122.27,6,60,0.078,3540.8,27196.76,22,160.95,0.62,self_employed,auto,west,52108.63,0,0
41,106837.19,734.0,10,447.52,7,24,0.004,6647.45,1230.65,26,255.67,0.893,salaried,home,south,66317.69,0,0
48,27814.58,574.0,34,22694.74,5,12,0.816,1096.99,1586.96,24,45.71,0.627,contract,education,east,38102.18,1,0
60,53503.8,559.0,18,1763.67,4,24,0.033,1352.95,5310.69,28,48.32,0.905,contract,auto,central,45508.92,0,0
21,78145.12,738.0,10,5405.59,2,24,0.069,1735.93,12243.53,35,49.6,0.729,unemployed,personal,west,61361.18,0,0
56,20096.47,663.0,10,26539.16,5,60,1.321,1086.9,935.72,21,51.76,0.3,salaried,personal,east,30160.05,1,0
41,33422.95,774.0,26,2557.19,4,12,0.077,709.75,9026.23,19,37.36,0.771,unemployed,personal,central,62213.4,0,0
63,51974.65,610.0,1,201.72,2,60,0.004,3070.72,11826.99,26,118.1,0.714,salaried,home,west,52362.6,1,0
55,41408.55,752.0,7,6060.98,1,36,0.146,1222.46,9539.61,27,45.28,0.499,salaried,auto,north,50367.58,0,0
33,59522.79,574.0,33,2281.63,4,24,0.038,3426.36,19471.64,22,155.74,0.679,salaried,business,west,57457.51,0,0
30,105000.13,432.0,19,7851.06,4,48,0.075,5662.15,34687.91,34,166.53,0.81,self_employed,home,south,53201.48,1,0
64,36910.12,707.0,22,15289.74,3,36,0.414,1092.31,7674.35,32,34.13,0.82,salaried,auto,central,40463.67,0,0
30,55415.95,699.0,14,6442.58,3,36,0.116,3085.52,23418.71,28,110.2,0.642,self_employed,education,central,55943.98,0,0
33,46390.12,707.0,12,9321.48,7,12,0.201,1587.27,8639.06,31,51.2,0.272,salaried,education,east,48797.44,0,0
57,57604.99,632.0,30,9873.64,6,48,0.171,1700.56,916.39,21,80.98,0.814,salaried,auto,central,50070.9,0,0
58,54317.95,775.0,13,15459.95,4,48,0.285,1616.92,28408.92,30,53.9,0.833,self_employed,auto,east,54455.52,0,0
44,177502.36,724.0,0,10480.66,5,48,0.059,10159.86,15063.09,31,327.74,0.585,salaried,auto,west,74570.58,1,0
22,105906.28,720.0,26,33632.1,4,48,0.318,2270.83,6169.03,33,68.81,0.882,salaried,auto,central,54500.69,0,0
42,26597.67,660.0,32,5482.75,4,24,0.206,1374.01,9260.22,31,44.32,0.662,salaried,personal,east,47995.37,0,0
37,36132.19,536.0,34,464.09,5,36,0.013,1960.94,20160.88,21,93.38,0.943,salaried,home,south,47449.22,0,0
56,38176.07,656.0,14,4508.28,5,12,0.118,1384.76,2250.83,23,60.21,0.762,salaried,auto,south,49709.88,0,0
34,31087.96,681.0,4,16486.38,4,36,0.53,1562.12,8130.96,28,55.79,0.677,self_employed,education,central,37930.44,0,0
30,29267.61,823.0,3,1285.15,3,24,0.044,1713.47,3864.43,18,95.19,0.688,salaried,home,west,46361.81,0,0
55,49997.84,673.0,19,11984.21,3,24,0.24,2173.69,28170.64,22,98.8,0.68,salaried,home,north,50369.33,0,0
45,38837.46,561.0,21,6904.27,4,48,0.178,1866.2,19919.23,29,64.35,0.671,contract,home,central,43993.84,0,0
23,36284.39,690.0,23,20783.42,4,60,0.573,1814.74,4529.57,28,64.81,0.713,salaried,education,north,38604.5,0,0
58,134485.72,757.0,10,11823.74,4,24,0.088,8190.42,14510.63,37,221.36,0.61,salaried,home,east,68309.37,0,0
37,40058.86,795.0,5,9723.17,6,48,0.243,1535.49,23816.49,35,43.87,0.549,salaried,personal,north,49499.83,0,0
32,44381.35,641.0,26,19613.59,4,12,0.442,1958.72,15771.84,23,85.16,0.735,salaried,home,west,38985.89,0,0
44,75633.56,633.0,9,21495.24,3,36,0.284,3047.89,21420.72,27,112.88,0.858,salaried,auto,central,40302.32,0,0
49,44314.28,530.0,9,4373.98,6,36,0.099,1506.12,1693.33,25,60.24,0.8,salaried,home,south,40687.15,1,0
63,32062.64,599.0,25,23660.74,1,48,0.738,1927.89,16168.82,34,56.7,0.757,salaried,personal,east,41671.77,0,0
45,48239.19,687.0,32,506.26,7,24,0.01,1988.76,1370.15,31,64.15,0.906,salaried,education,west,55983.03,0,1
56,133777.07,520.0,7,12940.81,7,12,0.097,7975.04,10505.41,33,241.67,0.377,salaried,auto,central,53476.52,0,0
46,43623.49,824.0,27,3692.46,2,24,0.085,2710.17,18162.62,24,112.92,0.812,unemployed,home,central,57456.65,0,0
58,35943.55,620.0,24,6014.28,4,48,0.167,2032.64,14875.13,24,84.69,0.659,salaried,home,north,50412.53,0,0
21,65454.05,660.0,12,16257.28,5,12,0.248,1814.12,3871.55,25,72.56,0.413,self_employed,education,west,48567.95,0,0
40,47208.94,679.0,6,9121.13,5,12,0.193,1059.08,1679.48,27,39.23,0.754,contract,personal,south,46079.09,0,0
48,185822.53,746.0,0,5503.96,1,12,0.03,8063.34,12243.68,29,278.05,0.859,salaried,auto,east,81854.25,0,0
36,38021.09,673.0,8,1611.42,2,36,0.042,1644.65,11350.83,35,46.99,0.623,contract,auto,central,50318.62,0,0
37,118205.37,559.0,27,25211.09,2,48,0.213,5441.55,4749.38,25,217.66,0.756,salaried,home,south,48613.97,0,0
60,91447.96,686.0,29,3637.64,3,24,0.04,2122.37,15538.14,30,70.75,0.394,salaried,home,north,65501.75,0,0
48,45633.37,746.0,8,959.87,2,12,0.021,1501.24,7694.19,27,55.6,0.752,salaried,auto,south,51659.02,0,0
32,54090.73,574.0,29,7474.05,4,24,0.138,2247.27,230.27,38,59.14,0.813,salaried,personal,north,50191.55,0,0
47,34083.0,718.0,34,4692.12,4,12,0.138,1440.51,1597.43,20,72.03,0.706,salaried,home,east,52229.5,0,0
62,42518.79,672.0,26,8035.61,5,36,0.189,2562.78,3064.25,20,128.14,0.751,salaried,personal,north,52297.53,0,0
50,45487.8,658.0,28,2393.64,3,36,0.053,2777.61,2734.57,29,95.78,0.417,unemployed,auto,north,50992.89,0,0
61,58164.71,596.0,4,4283.89,5,24,0.074,3367.71,30857.12,18,187.1,0.626,salaried,personal,north,47939.83,0,0
54,28689.71,631.0,0,32344.86,6,48,1.127,896.95,734.97,36,24.92,0.807,contract,auto,central,24813.31,1,0
57,62328.13,687.0,4,24815.57,3,36,0.398,2963.0,28668.8,19,155.95,0.782,salaried,personal,west,42008.16,1,0
26,50734.39,614.0,28,17981.2,3,60,0.354,1636.41,4759.69,18,90.91,0.825,salaried,auto,east,45455.17,0,0
27,64805.68,567.0,16,13591.26,1,24,0.21,3917.08,1710.67,40,97.93,0.941,contract,personal,north,39123.22,1,0
52,69306.09,563.0,23,1532.4,4,36,0.022,2905.39,41513.28,20,145.27,0.763,unemployed,home,south,56947.33,1,0
52,48938.96,674.0,26,5661.93,3,48,0.116,2708.7,23602.81,31,87.38,0.892,salaried,home,central,54542.64,0,0
45,67486.91,692.0,8,11714.36,4,24,0.174,2511.09,3393.93,33,76.09,0.445,salaried,business,west,53332.34,0,0
53,52092.21,644.0,12,2731.47,4,48,0.052,1913.24,19235.72,27,70.86,0.962,salaried,home,east,44577.65,0,0
27,75702.23,804.0,25,302.7,6,48,0.004,1683.44,10180.34,24,70.14,0.46,self_employed,personal,central,71134.89,0,0
32,62458.44,505.0,10,4873.09,2,36,0.078,2496.99,2108.67,30,83.23,0.772,contract,auto,central,43338.34,1,0
36,58774.81,682.0,23,4982.68,4,48,0.085,2800.68,2663.25,28,100.02,0.248,salaried,education,east,49904.9,0,0
36,51735.49,494.0,32,605.84,6,24,0.012,1357.77,25376.38,32,42.43,0.507,contract,business,east,45296.4,0,0
63,97063.16,641.0,5,3479.11,5,36,0.036,2769.72,29023.18,36,76.94,0.746,self_employed,home,north,56760.26,0,0
56,65012.4,671.0,34,22432.83,4,12,0.345,3986.44,24752.31,36,110.73,0.854,unemployed,auto,east,51669.1,0,0
33,29891.87,635.0,15,2592.7,1,48,0.087,1533.95,17563.06,21,73.05,0.669,contract,auto,west,42496.57,0,0
27,43810.21,484.0,12,7578.16,0,12,0.173,2571.19,9451.31,22,116.87,0.6,self_employed,business,west,44104.72,1,0
56,48880.65,642.0,10,6022.8,1,24,0.123,1988.12,25075.11,35,56.8,0.481,contract,home,east,49000.58,1,0
29,54148.99,650.0,22,17832.72,1,36,0.329,1532.36,28498.2,30,51.08,0.808,unemployed,personal,west,44598.94,1,0
52,58660.29,726.0,1,9540.16,5,36,0.163,1628.73,4009.6,28,58.17,0.839,contract,auto,south,43608.53,0,0
31,35422.5,529.0,29,1552.37,4,36,0.044,1537.41,10470.43,35,43.93,0.727,contract,business,west,41926.24,1,0
28,52543.73,772.0,18,1387.48,6,36,0.026,2660.88,1871.22,34,78.26,0.524,contract,home,east,58368.26,0,0
53,47034.91,436.0,14,7337.57,7,24,0.156,2774.84,4886.61,21,132.14,0.752,salaried,business,south,36484.02,1,0
43,88268.18,540.0,32,428.23,3,24,0.005,3336.4,22819.24,30,111.21,0.633,contract,home,west,57890.37,0,0
45,34620.97,665.0,4,4500.91,3,24,0.13,1190.8,9788.75,29,41.06,0.662,salaried,home,central,43730.72,0,0
28,53754.34,676.0,21,4582.61,3,24,0.085,3213.98,973.44,22,146.09,0.838,salaried,auto,central,58724.47,0,0
42,39798.19,779.0,26,1967.13,2,36,0.049,1581.34,2878.34,24,65.89,0.363,self_employed,education,central,61665.01,0,1
24,125285.22,666.0,34,3223.1,3,48,0.026,5327.25,27831.69,19,280.38,0.548,salaried,auto,central,71432.73,0,0
60,95365.88,641.0,18,3603.6,2,24,0.038,3771.86,35725.92,31,121.67,0.949,salaried,business,north,65749.78,0,0
23,25872.58,688.0,6,106.45,4,24,0.004,1367.19,609.18,36,37.98,0.755,contract,education,south,40477.16,0,0
49,37862.02,451.0,33,14754.04,3,36,0.39,901.07,5919.79,31,29.07,0.755,self_employed,education,central,39254.77,0,0
61,80170.87,564.0,33,28412.89,2,60,0.354,4464.18,10828.07,28,159.44,0.658,salaried,auto,central,50164.55,0,0
49,66554.56,550.0,26,3073.12,1,24,0.046,2473.42,17055.68,26,95.13,0.901,salaried,business,west,49922.07,0,0
54,65622.2,731.0,4,1068.91,4,48,0.016,4008.19,3815.91,26,154.16,0.771,self_employed,auto,east,53087.44,0,0
54,59034.88,761.0,3,27624.82,5,36,0.468,1969.0,22774.42,26,75.73,0.655,salaried,auto,south,48277.77,0,0
48,83119.94,809.0,6,12142.76,6,36,0.146,3360.44,6752.25,34,98.84,0.891,salaried,personal,east,61279.19,0,0
33,76990.67,698.0,2,19959.43,2,12,0.259,2958.99,7703.08,21,140.9,0.594,contract,auto,west,52293.16,0,0
35,47536.34,726.0,20,4028.91,5,24,0.085,2577.71,17366.67,23,112.07,0.73,salaried,home,west,54012.14,0,0
43,31581.72,658.0,33,5955.92,4,24,0.189,1541.67,5177.6,27,57.1,0.917,self_employed,business,west,50939.91,0,0
64,25323.06,608.0,8,23964.21,5,12,0.946,1210.08,12737.62,29,41.73,0.49,contract,home,east,31613.19,1,0
46,51707.73,558.0,19,5538.22,6,24,0.107,2616.25,3114.8,27,96.9,0.675,salaried,home,east,49312.36,0,0
24,23671.91,551.0,11,10035.29,3,36,0.424,1439.13,3717.14,31,46.42,0.693,unemployed,auto,south,35105.27,1,0
46,60654.46,533.0,27,10980.88,3,36,0.181,2471.56,23543.44,31,79.73,0.847,self_employed,home,central,44791.2,0,0
60,47163.98,712.0,32,16332.33,6,36,0.346,2263.25,18905.88,23,98.4,0.55,self_employed,home,south,54248.15,1,0
29,129931.15,615.0,9,33264.58,3,12,0.256,6409.37,56369.81,27,237.38,0.499,unemployed,home,central,49444.46,1,0
25,63222.03,588.0,10,3670.35,3,48,0.058,3574.89,33050.03,33,108.33,0.787,salaried,education,west,52801.72,0,0
52,53468.54,478.0,6,2558.6,6,36,0.048,1756.03,31118.03,28,62.72,0.705,self_employed,home,west,33539.94,1,0
40,26179.28,572.0,17,728.02,6,36,0.028,1424.95,357.4,37,38.51,0.853,contract,home,north,45703.57,1,0
31,30698.08,626.0,18,17475.14,3,12,0.569,1278.14,5224.95,31,41.23,0.407,salaried,auto,west,40363.94,1,0
35,73615.39,519.0,13,3116.45,7,48,0.042,1583.22,18310.99,33,47.98,0.781,salaried,education,south,44706.31,0,0
52,47056.6,850.0,16,457.97,5,36,0.01,1280.48,11389.61,22,58.2,0.945,salaried,auto,north,63867.8,0,0
48,169552.7,536.0,22,18040.37,3,24,0.106,9462.18,3814.77,30,315.41,0.815,contract,auto,south,64374.18,1,0
42,52188.99,748.0,18,6418.49,6,48,0.123,1670.66,2926.29,37,45.15,0.768,salaried,personal,central,46738.51,0,0
61,58455.15,640.0,2,16398.85,2,48,0.281,1941.19,30420.17,31,62.62,0.377,self_employed,education,south,39674.34,0,0
37,29953.35,602.0,33,7276.66,7,24,0.243,1541.54,12124.94,28,55.06,0.478,self_employed,home,north,41771.15,0,0
46,82979.11,629.0,24,3388.35,5,24,0.041,4100.24,39551.26,15,273.35,0.661,contract,business,east,56817.35,0,0
64,35718.56,651.0,30,1251.1,6,36,0.035,1414.35,21426.13,33,42.86,0.847,self_employed,home,south,61768.6,0,0
27,68595.72,669.0,13,5172.86,7,60,0.075,3515.72,20844.81,28,125.56,0.715,salaried,education,west,54133.21,0,0
62,78065.77,567.0,19,242.17,2,48,0.003,3611.86,7587.08,17,212.46,0.899,salaried,personal,central,54898.97,0,0
46,56547.54,698.0,31,8302.12,6,12,0.147,1609.3,28452.76,25,64.37,0.559,salaried,home,south,61864.02,0,0
45,119448.06,626.0,32,5022.27,5,48,0.042,3866.14,5383.45,30,128.87,0.774,salaried,education,north,68543.64,0,0
30,41158.41,537.0,30,1373.37,3,36,0.033,967.58,19161.21,28,34.56,0.624,self_employed,personal,west,44571.93,0,0
39,115150.25,614.0,6,6799.69,2,12,0.059,5572.92,13058.65,28,199.03,0.837,salaried,business,north,59267.18,0,0
31,30579.17,771.0,4,14526.02,4,36,0.475,707.7,1399.58,25,28.31,0.933,contract,auto,central,39186.82,0,0
33,77618.64,669.0,3,33128.3,2,24,0.427,4019.1,28227.49,28,143.54,0.785,self_employed,auto,west,42223.81,1,0
28,50813.33,650.0,10,6744.76,4,12,0.133,2186.68,2507.39,18,121.48,0.817,salaried,personal,east,43507.2,0,0
60,39392.88,616.0,18,1248.71,5,36,0.032,1540.87,7462.58,36,42.8,0.707,self_employed,auto,central,52462.75,0,0
24,25653.22,623.0,19,14980.09,5,60,0.584,1172.38,3790.9,20,58.62,0.923,salaried,education,south,35091.01,1,0
51,48179.98,669.0,26,10710.29,5,48,0.222,2247.51,909.92,29,77.5,0.452,contract,education,east,48141.99,0,0
48,46830.18,627.0,28,27706.4,4,36,0.592,2116.02,6363.16,32,66.13,0.921,self_employed,personal,north,41884.11,0,0
31,58560.04,689.0,17,6895.58,1,24,0.118,2960.31,1468.43,26,113.86,0.827,salaried,home,east,52642.95,0,0
63,75069.28,677.0,24,3975.95,7,12,0.053,3553.49,1095.01,28,126.91,0.799,salaried,personal,east,59662.93,0,0
21,37653.84,549.0,19,29632.73,5,36,0.787,1542.37,9403.69,26,59.32,0.554,salaried,auto,north,23212.97,1,0
58,119517.78,695.0,5,6958.38,3,24,0.058,6620.97,3540.25,33,200.64,0.836,contract,home,central,60119.6,1,0
44,42517.0,569.0,14,144.3,3,36,0.003,2610.67,18998.35,26,100.41,0.522,salaried,business,central,43952.76,0,0
51,71039.21,565.0,17,5776.43,2,48,0.081,3293.23,15720.36,27,121.97,0.936,contract,home,north,44807.6,0,0
61,56419.79,648.0,24,21.43,0,36,0.0,2849.43,10537.62,29,98.26,0.675,salaried,education,east,55393.02,0,0
46,49542.23,672.0,19,12044.67,4,12,0.243,2081.7,25671.1,24,86.74,0.744,salaried,personal,east,43618.08,0,0
25,55161.79,702.0,21,7511.26,5,60,0.136,2070.59,2505.67,30,69.02,0.575,salaried,home,central,55355.21,0,0
40,35485.19,467.0,11,1046.79,2,12,0.029,2012.02,18473.48,32,62.88,0.883,salaried,auto,east,41402.28,1,0
61,45505.81,717.0,32,15090.36,7,60,0.332,1317.14,23948.84,30,43.9,0.687,salaried,auto,central,51876.77,0,0
31,29646.82,685.0,28,6919.32,4,36,0.233,1470.36,13139.58,24,61.26,0.617,contract,personal,central,52147.36,0,0
53,42312.1,588.0,1,1089.96,6,48,0.026,1123.43,225.89,23,48.84,0.744,salaried,auto,west,38616.21,1,0
58,43914.5,630.0,25,1569.3,3,12,0.036,2317.62,3314.35,32,72.43,0.356,contract,business,north,53889.22,0,0
47,79248.96,667.0,31,15539.0,6,48,0.196,2425.83,4955.53,21,115.52,0.873,salaried,home,south,57204.8,0,0
54,46659.59,353.0,2,3953.34,3,12,0.085,2152.2,7643.1,22,97.83,0.76,salaried,personal,east,29588.89,1,0
35,44283.32,544.0,29,15488.16,6,48,0.35,1179.64,23073.05,21,56.17,0.836,unemployed,home,east,44318.88,1,0
52,59815.38,749.0,18,648.33,6,36,0.011,1247.65,2524.62,29,43.02,0.683,self_employed,auto,west,67442.44,0,0
41,58769.82,599.0,9,2515.75,2,48,0.043,3039.96,3103.97,26,116.92,0.696,contract,auto,south,44854.41,0,0
25,41524.2,643.0,24,13017.56,3,24,0.313,2379.36,366.3,24,99.14,0.788,salaried,business,east,47582.49,0,0
26,64692.64,640.0,18,9237.52,1,48,0.143,3502.92,2299.46,30,116.76,0.421,contract,home,south,50530.37,0,0
58,49991.52,711.0,20,3298.25,6,48,0.066,1318.23,10253.7,32,41.19,0.838,salaried,personal,south,52537.92,0,0
42,41493.89,615.0,5,24743.57,4,36,0.596,1270.2,2347.19,31,40.97,0.598,salaried,home,west,30483.43,1,1
38,43348.81,623.0,13,2133.66,6,48,0.049,2392.18,4269.19,24,99.67,0.579,salaried,education,north,50084.55,0,0
34,83050.81,666.0,7,17060.86,7,36,0.205,1788.4,40417.24,31,57.69,0.861,contract,auto,central,53835.03,1,0
30,43938.99,722.0,1,10708.97,4,24,0.244,1882.83,17312.67,29,64.93,0.711,salaried,education,west,48791.42,0,0
33,60931.55,749.0,17,1161.93,8,60,0.019,3391.29,2430.16,31,109.4,0.628,contract,auto,west,65043.08,0,0
51,30421.96,623.0,21,7289.47,2,24,0.24,881.25,6815.44,33,26.7,0.677,salaried,business,south,46097.74,0,0
50,89490.45,608.0,29,23921.47,6,48,0.267,2401.71,202.47,30,80.06,0.605,self_employed,home,central,47369.39,1,0
23,41674.83,638.0,27,8682.15,2,36,0.208,1183.76,9692.77,33,35.87,0.722,contract,auto,west,48553.54,0,0
50,64869.33,763.0,34,6772.4,3,12,0.104,3393.8,23923.78,25,135.75,0.611,self_employed,home,north,72913.09,0,0
26,48377.7,716.0,1,4105.95,2,36,0.085,2953.48,21656.92,28,105.48,0.911,contract,auto,east,44579.69,0,0
49,64535.8,609.0,17,13994.04,3,36,0.217,1912.14,21990.71,32,59.75,0.884,contract,auto,east,47743.42,1,0
28,66141.26,513.0,8,21982.75,4,24,0.332,1677.32,3895.88,27,62.12,0.328,self_employed,personal,east,41050.06,1,0
64,50761.91,744.0,27,12596.85,6,12,0.248,1630.37,1828.44,25,65.21,0.839,self_employed,personal,east,52396.61,0,0
63,23395.9,754.0,7,11627.02,3,36,0.497,595.48,159.5,21,28.36,0.545,salaried,personal,west,48152.8,0,0
64,88517.61,556.0,7,1924.2,4,24,0.022,1862.89,4566.63,29,64.24,0.725,salaried,auto,north,50210.23,0,0
53,50870.77,612.0,4,16161.17,7,48,0.318,2013.22,20278.16,26,77.43,0.839,unemployed,personal,north,40471.26,1,0
37,63933.75,725.0,12,373.92,4,48,0.006,3333.56,20453.35,28,119.06,0.624,contract,home,south,53696.1,0,0
31,73959.54,683.0,6,12745.64,3,12,0.172,2499.65,34900.76,29,86.19,0.964,salaried,home,north,54371.91,0,0
33,44102.49,480.0,20,2131.42,3,48,0.048,1527.08,18539.24,27,56.56,0.449,salaried,auto,north,41356.88,1,0
31,68371.47,554.0,28,6011.9,4,48,0.088,2073.51,3899.36,27,76.8,0.876,self_employed,auto,east,54463.88,0,0
51,38699.39,699.0,13,10693.9,3,12,0.276,1018.52,1119.29,30,33.95,0.72,contract,home,east,45350.91,0,0
48,64498.31,671.0,3,12809.55,6,36,0.199,1523.16,27877.8,23,66.22,0.544,contract,education,north,54633.75,0,0
64,54658.84,707.0,21,19710.06,4,36,0.361,2437.38,15648.79,32,76.17,0.758,self_employed,home,north,45168.77,0,0
26,44796.14,716.0,10,2989.0,4,36,0.067,2359.4,812.02,25,94.38,0.677,self_employed,auto,east,42498.15,0,0
61,55334.2,671.0,33,2286.14,3,36,0.041,2314.05,11360.4,25,92.56,0.769,salaried,home,south,50853.8,0,0
36,33696.96,686.0,15,50264.9,7,24,1.492,1887.37,1224.45,20,94.37,0.698,self_employed,home,east,30757.0,0,0
24,62259.6,602.0,8,2093.73,2,24,0.034,2494.93,7761.98,21,118.81,0.593,salaried,business,north,44687.81,0,0
55,65236.21,660.0,15,9855.55,8,60,0.151,1552.69,2042.72,26,59.72,0.7,self_employed,business,south,46161.07,1,0
46,63293.51,677.0,15,27469.71,6,36,0.434,2911.6,26720.68,38,76.62,0.728,salaried,home,north,42646.47,1,0
32,106508.16,795.0,30,20418.52,2,24,0.192,5392.42,35269.04,22,245.11,0.462,salaried,auto,north,61383.89,0,0
31,51909.75,580.0,30,5270.97,2,36,0.102,1348.39,17974.42,20,67.42,0.842,contract,personal,south,50639.29,1,0
57,53543.24,712.0,12,9134.61,2,48,0.171,2283.55,7670.76,25,91.34,0.44,salaried,home,south,47813.18,0,0
45,31996.4,640.0,4,6777.91,4,24,0.212,1062.81,12844.62,36,29.52,0.898,contract,auto,south,40158.15,0,0
38,109931.34,713.0,17,3830.86,2,36,0.035,6699.13,40290.19,34,197.03,0.8,salaried,education,north,65149.31,0,0
39,27607.3,640.0,19,1403.8,8,12,0.051,818.87,9093.72,35,23.4,0.825,salaried,auto,north,49802.34,0,0
43,60045.24,750.0,1,14638.99,6,36,0.244,2958.79,25443.06,26,113.8,0.881,salaried,home,south,44769.69,0,1
58,41082.95,587.0,29,853.17,4,36,0.021,1384.17,17524.86,30,46.14,0.816,unemployed,auto,east,48884.06,0,0
38,55717.11,662.0,9,8465.88,3,48,0.152,2127.35,23477.47,29,73.36,0.839,salaried,education,north,38892.68,1,0
46,30072.71,687.0,10,8120.81,3,60,0.27,1662.84,3053.65,24,69.28,0.627,self_employed,auto,central,43168.18,0,0
26,80922.61,592.0,28,3669.34,4,24,0.045,5048.15,29262.87,29,174.07,0.828,contract,personal,west,58927.3,0,0
24,35248.18,676.0,15,1309.48,3,12,0.037,912.08,14990.78,31,29.42,0.556,contract,personal,north,49964.05,0,0
64,91565.87,736.0,27,14468.63,2,60,0.158,3660.74,3414.05,30,122.02,0.932,salaried,education,central,61266.08,0,0
49,35688.2,644.0,16,5577.81,6,36,0.156,1665.85,470.68,27,61.7,0.607,unemployed,personal,north,42863.94,0,0
54,84022.98,714.0,14,11627.79,6,36,0.138,3125.8,284.24,27,115.77,0.605,contract,personal,west,58297.08,0,0
37,37274.54,593.0,30,149.61,0,36,0.004,981.32,13900.77,31,31.66,0.929,self_employed,auto,west,51952.85,0,0
63,41086.12,557.0,6,696.82,3,36,0.017,896.83,6075.31,36,24.91,0.846,salaried,personal,east,38573.81,0,0
63,54131.38,709.0,29,1740.6,6,24,0.032,1198.34,2706.67,29,41.32,0.791,contract,personal,north,57038.46,0,0
36,36991.11,602.0,25,1087.7,2,36,0.029,1537.45,20808.4,20,76.87,0.934,salaried,personal,south,42186.7,0,0
22,36504.14,507.0,10,1915.47,3,12,0.052,1385.81,18483.67,31,44.7,0.779,self_employed,home,east,38668.94,0,0
54,37184.47,585.0,5,10439.26,4,36,0.281,2291.92,4420.87,31,73.93,0.483,salaried,auto,west,33291.36,1,0
28,62535.21,765.0,28,433.24,5,12,0.007,3679.33,30936.76,23,159.97,0.697,self_employed,auto,north,67845.99,0,0
33,54165.41,740.0,27,347.41,3,48,0.006,2507.94,6691.57,38,66.0,0.79,self_employed,auto,west,61066.87,0,0
62,55474.8,555.0,14,289.47,1,60,0.005,2252.86,10702.92,33,68.27,0.662,salaried,auto,west,47742.11,0,0
28,46812.95,526.0,28,10765.5,2,24,0.23,2093.51,23423.85,26,80.52,0.7,salaried,business,south,44504.6,0,0
50,69349.55,615.0,5,6913.46,3,24,0.1,2786.69,7229.76,26,107.18,0.532,self_employed,education,east,44259.34,0,0
52,86901.11,738.0,11,4161.78,8,36,0.048,3065.82,11205.19,33,92.9,0.599,salaried,business,west,59141.97,0,0
56,70194.67,633.0,15,10132.22,5,36,0.144,3247.59,3581.02,33,98.41,0.764,contract,business,east,52130.92,0,0
50,49313.98,634.0,8,7258.94,5,48,0.147,2939.03,2922.11,30,97.97,0.844,self_employed,auto,west,42107.82,0,0
21,31277.26,598.0,21,66.26,6,12,0.002,1493.47,12160.49,29,51.5,0.926,self_employed,auto,south,38828.86,1,0
63,22254.82,627.0,32,16412.02,1,36,0.737,628.17,841.38,32,19.63,0.82,self_employed,personal,south,38448.53,1,0
59,52617.86,722.0,25,3879.6,5,60,0.074,2139.52,17549.77,34,62.93,0.702,salaried,personal,east,54233.94,0,0
37,22094.06,657.0,6,4590.85,8,36,0.208,619.16,3575.85,28,22.11,0.915,salaried,personal,north,41665.07,0,0
40,49528.95,633.0,31,13721.32,4,24,0.277,1278.33,2076.24,20,63.92,0.768,salaried,home,west,42811.23,0,0
44,101842.26,705.0,23,1864.22,2,12,0.018,3520.59,28635.65,28,125.74,0.923,contract,home,west,66588.52,0,0
42,32239.2,656.0,18,91.11,6,36,0.003,939.21,16481.76,24,39.13,0.731,salaried,business,north,49949.23,0,0
49,30371.25,731.0,4,21556.09,2,36,0.71,1816.36,16259.72,40,45.41,0.559,salaried,personal,central,38533.62,0,0
42,72158.5,592.0,29,6337.48,4,12,0.088,1671.27,2260.3,33,50.64,0.754,salaried,home,west,51072.97,0,0
64,15327.69,673.0,24,3870.5,1,36,0.253,935.08,866.03,29,32.24,0.481,self_employed,home,central,52337.98,0,0
29,64332.08,725.0,29,15385.59,3,36,0.239,3594.03,2232.53,21,171.14,0.885,contract,auto,central,53784.37,0,0
57,104906.96,782.0,24,239.82,4,36,0.002,3327.63,48308.67,24,138.65,0.625,salaried,business,west,75436.64,0,0
30,36584.57,557.0,8,2034.1,4,24,0.056,903.29,10108.67,38,23.77,0.53,self_employed,auto,east,36222.43,0,0
56,33863.47,635.0,26,1518.84,5,60,0.045,1505.51,2290.51,35,43.01,0.747,salaried,home,north,53674.19,0,0
57,70651.21,538.0,23,12048.88,5,12,0.171,2196.84,35743.51,32,68.65,0.702,salaried,business,central,47803.1,0,0
48,31989.57,568.0,14,3366.83,4,36,0.105,1000.41,18138.34,36,27.79,0.555,contract,business,east,39461.7,1,0
48,78031.54,652.0,25,13341.55,5,48,0.171,3491.78,3430.7,28,124.71,0.879,salaried,home,central,50627.55,0,0
62,33183.58,478.0,29,381.25,6,24,0.011,1324.11,853.51,27,49.04,0.752,salaried,education,east,38207.15,0,0
63,120064.1,686.0,10,8431.09,6,24,0.07,5037.26,62313.63,31,162.49,0.744,salaried,auto,north,67636.1,0,0
41,72987.07,697.0,28,3447.44,4,36,0.047,2490.96,28171.67,25,99.64,0.734,unemployed,home,central,58271.95,0,0
44,55111.83,644.0,14,1862.33,5,36,0.034,1892.69,1191.17,36,52.57,0.522,salaried,auto,west,48030.59,0,1
62,116989.53,579.0,8,15272.87,4,36,0.131,7309.01,65803.66,23,317.78,0.777,self_employed,home,east,54061.3,0,0
60,86180.11,629.0,28,4783.08,4,24,0.056,3207.39,24863.12,22,145.79,0.918,salaried,home,north,61449.34,0,0
22,63951.33,830.0,14,7629.9,1,48,0.119,1926.46,7746.13,29,66.43,0.488,contract,business,central,61098.8,0,0
28,23424.81,606.0,16,302.79,5,24,0.013,1175.6,295.49,27,43.54,0.694,self_employed,personal,south,35870.69,0,0
47,39510.73,583.0,15,14115.72,3,24,0.357,2113.45,8609.58,30,70.45,0.737,salaried,education,south,34184.93,0,0
42,88294.61,453.0,21,3042.98,6,48,0.034,2704.85,3941.95,23,117.6,0.701,salaried,auto,south,46809.68,0,0
57,30180.26,739.0,10,10640.08,6,36,0.353,766.24,5951.41,18,42.57,0.661,salaried,home,east,42561.28,0,0
47,38385.1,545.0,24,12861.86,6,24,0.335,1269.98,2797.09,35,36.29,0.895,salaried,auto,south,34859.51,0,0
49,34202.57,657.0,29,1121.06,11,60,0.033,1461.1,4689.97,33,44.28,0.674,self_employed,education,east,47226.87,1,0
23,64929.71,829.0,1,3157.52,7,48,0.049,2382.88,1978.18,21,113.47,0.762,salaried,auto,north,62049.09,0,0
64,83585.5,681.0,0,11567.95,2,36,0.138,2279.73,34686.7,23,99.12,0.74,salaried,home,west,54532.71,0,0
33,83622.63,680.0,8,2377.77,2,36,0.028,1827.77,2958.93,27,67.7,0.83,salaried,auto,east,62161.58,0,0
30,36909.76,622.0,4,16965.18,4,36,0.46,1546.67,271.13,21,73.65,0.775,self_employed,personal,south,31072.83,1,0
56,64530.7,677.0,23,3365.35,6,24,0.052,3685.19,30311.75,20,184.26,0.829,self_employed,home,east,56986.91,0,0
29,36136.29,656.0,26,4632.45,4,36,0.128,1649.38,1514.36,31,53.21,0.334,salaried,home,south,51784.28,0,0
47,49278.99,696.0,29,945.68,7,12,0.019,2810.09,5398.59,32,87.82,0.875,unemployed,education,south,54109.06,0,0
54,68464.84,445.0,14,1438.09,2,24,0.021,3612.01,3013.72,25,144.48,0.566,salaried,education,north,44193.29,1,0
21,87344.81,682.0,8,2899.49,4,36,0.033,3068.55,8588.02,34,90.25,0.64,contract,personal,west,64764.24,0,0
52,20594.34,687.0,29,451.31,6,36,0.022,783.6,1808.27,29,27.02,0.895,self_employed,auto,east,49836.53,0,0
45,56635.18,850.0,14,1930.24,3,12,0.034,3214.86,21181.6,36,89.3,0.941,salaried,personal,south,66432.74,0,1
49,102056.51,650.0,19,4732.59,5,48,0.046,5125.78,5073.77,23,222.86,0.728,salaried,personal,south,60256.35,0,0
27,60144.11,669.0,24,4301.77,1,12,0.072,2654.87,12049.94,29,91.55,0.557,contract,home,north,64899.18,0,0
23,56228.33,684.0,8,1993.62,2,48,0.035,3390.97,12832.93,39,86.95,0.79,salaried,personal,east,56478.81,0,0
40,42051.35,686.0,21,754.84,3,60,0.018,957.84,293.13,30,31.93,0.405,contract,personal,east,50821.13,0,0
40,100844.89,545.0,12,3446.48,4,60,0.034,5701.35,22094.92,22,259.15,0.601,salaried,home,south,49423.86,1,0
50,42935.19,720.0,27,12310.67,5,36,0.287,1464.56,1495.91,18,81.36,0.829,self_employed,education,east,50230.12,0,0
55,51788.99,572.0,13,6421.98,7,48,0.124,2479.64,10713.57,26,95.37,0.71,self_employed,business,south,45011.3,0,0
55,43844.48,685.0,29,26403.94,2,24,0.602,2585.05,2454.39,23,112.39,0.915,salaried,personal,south,32213.95,0,0
59,56879.37,577.0,4,1356.22,5,24,0.024,2024.06,10570.96,24,84.34,0.54,salaried,auto,west,51889.93,0,0
47,102903.14,631.0,11,2091.0,6,12,0.02,4266.6,4090.99,30,142.22,0.787,contract,auto,north,63510.48,0,0
46,36035.22,610.0,34,2960.28,10,48,0.082,1235.17,11979.92,28,44.11,0.857,salaried,auto,west,54598.08,0,0
34,56991.02,629.0,0,117.78,5,36,0.002,2859.63,13540.96,37,77.29,0.792,self_employed,home,west,48577.14,0,0
37,64600.6,643.0,0,25842.61,2,24,0.4,1696.92,37594.47,31,54.74,0.754,salaried,education,north,40895.0,0,0
38,37588.39,682.0,19,5304.99,5,36,0.141,1962.41,19477.26,23,85.32,0.862,salaried,personal,north,48508.64,0,0
49,52756.53,642.0,33,5913.93,3,48,0.112,2815.18,7195.32,22,127.96,0.866,contract,home,west,55713.91,0,0
40,124629.8,724.0,33,1546.25,2,36,0.012,2939.32,72787.56,28,104.98,0.789,salaried,home,south,85080.51,0,0
47,24444.97,605.0,23,18550.72,3,24,0.759,916.42,759.54,34,26.95,0.694,salaried,home,east,36217.63,0,0
38,44822.24,687.0,27,10617.39,6,24,0.237,2235.16,1177.94,28,79.83,0.831,salaried,personal,east,49673.68,0,0
24,60642.53,579.0,10,5080.59,4,24,0.084,1501.74,4569.33,23,65.29,0.929,self_employed,home,north,44779.57,0,0
21,45744.45,802.0,7,18931.51,7,12,0.414,2465.28,10351.16,34,72.51,0.838,self_employed,education,central,46642.78,0,0
21,198553.0,687.0,34,21228.37,2,36,0.107,9451.87,45999.5,16,590.74,0.532,salaried,home,east,84005.6,0,0
46,69349.27,591.0,15,456.72,4,36,0.007,2783.07,3631.96,31,89.78,0.665,salaried,home,central,49356.0,1,0
40,33861.5,797.0,15,1143.6,4,60,0.034,839.37,15270.21,31,27.08,0.863,contract,personal,east,66298.89,0,0
43,18929.15,694.0,5,252.15,1,36,0.013,450.63,3901.37,23,19.59,0.822,salaried,education,north,43197.87,0,0
30,63140.91,591.0,19,7844.66,6,24,0.124,1960.56,3598.04,27,72.61,0.909,self_employed,home,north,51924.59,0,0
31,38560.02,639.0,10,2212.46,3,24,0.057,2073.0,23096.56,34,60.97,0.686,contract,home,east,44296.62,0,0
61,96761.49,553.0,7,16774.8,6,24,0.173,5604.16,4066.99,29,193.25,0.792,salaried,auto,north,43835.43,1,0
61,47873.17,553.0,19,5644.78,5,60,0.118,1491.45,4158.52,19,78.5,0.909,self_employed,home,south,43243.18,0,0
25,41950.34,753.0,31,16365.32,4,48,0.39,1406.08,13422.57,33,42.61,0.858,self_employed,home,south,49921.92,0,0
21,41632.6,574.0,32,7299.38,2,36,0.175,1162.53,1978.19,36,32.29,0.561,contract,home,west,43219.03,0,0
37,84451.2,536.0,5,14314.12,8,60,0.169,4172.84,46666.17,30,139.09,0.725,salaried,home,south,44548.35,1,0
42,65317.31,704.0,27,4184.86,2,24,0.064,1436.16,17469.19,20,71.81,0.841,salaried,personal,west,62539.81,0,0
54,119393.56,791.0,7,26168.48,5,36,0.219,7118.2,2403.72,32,222.44,0.629,salaried,personal,north,59724.02,0,0
61,49178.01,748.0,13,9900.81,3,12,0.201,1588.08,1258.79,37,42.92,0.162,self_employed,education,central,46747.23,0,0
49,79859.63,845.0,2,8145.72,2,48,0.102,4227.35,28121.9,28,150.98,0.781,salaried,auto,east,60615.18,0,0
24,80476.4,850.0,1,3909.74,5,24,0.049,4910.98,6790.95,35,140.31,0.634,salaried,auto,west,65580.92,0,0
25,73366.01,573.0,21,24907.91,2,60,0.339,1977.44,28960.5,35,56.5,0.725,contract,home,west,44361.08,0,0
31,43069.22,624.0,32,3708.8,4,36,0.086,1120.42,14917.96,20,56.02,0.888,salaried,auto,east,51563.52,0,0
41,67039.25,516.0,20,16263.29,3,60,0.243,2167.17,1991.87,32,67.72,0.783,self_employed,home,east,38192.0,0,0
55,51856.78,551.0,5,4662.29,4,36,0.09,2354.25,17349.38,21,112.11,0.768,self_employed,education,north,39607.45,0,0
32,51247.27,741.0,6,13117.56,4,36,0.256,1070.53,1911.61,18,59.47,0.596,self_employed,home,east,49214.72,0,0
46,37698.87,674.0,5,21861.29,6,36,0.58,1737.18,17216.04,20,86.86,0.751,salaried,personal,west,39301.77,0,0
39,20865.4,774.0,7,5639.62,6,48,0.27,936.26,8873.75,23,40.71,0.409,self_employed,home,south,47618.08,0,0
27,95013.03,576.0,23,6721.5,3,24,0.071,2161.1,12965.06,26,83.12,0.872,salaried,home,north,53471.73,1,0
27,65788.56,603.0,26,3608.91,3,48,0.055,2804.37,424.04,25,112.17,0.564,salaried,business,central,47331.68,0,0
46,29600.92,700.0,27,506.24,1,48,0.017,1645.83,7333.11,32,51.43,0.781,contract,auto,north,47041.85,0,0
60,74829.67,740.0,4,9512.43,5,24,0.127,2492.62,3437.22,39,63.91,0.534,salaried,personal,west,54229.65,0,0
25,95861.62,511.0,18,1146.85,1,60,0.012,5264.99,23898.64,28,188.04,0.537,salaried,home,north,43842.61,0,0
41,76876.1,630.0,8,3933.42,2,24,0.051,3018.6,3375.82,19,158.87,0.804,salaried,home,north,52105.42,0,0
34,36270.6,684.0,24,3870.04,4,48,0.107,2028.16,17059.1,17,119.3,0.955,salaried,home,east,51916.99,0,0
24,38972.19,717.0,12,1473.31,6,24,0.038,1576.71,1817.18,27,58.4,0.373,salaried,home,south,45738.12,0,0
43,42338.66,733.0,1,9888.69,2,48,0.234,2471.21,1055.61,25,98.85,0.798,salaried,home,south,40845.7,0,0
62,79816.71,644.0,13,1726.98,4,60,0.022,4702.01,47348.31,25,188.08,0.963,unemployed,auto,central,61840.58,1,0
40,67206.95,545.0,30,13559.35,4,12,0.202,1418.26,2369.16,27,52.53,0.664,salaried,home,central,51943.24,0,0
35,190161.93,486.0,5,2580.49,3,24,0.014,7018.45,102510.28,19,369.39,0.649,self_employed,personal,west,78056.25,1,1
49,25889.73,635.0,24,3048.09,1,24,0.118,1496.56,2273.31,22,68.03,0.675,self_employed,auto,central,50358.38,0,0
28,52909.11,625.0,30,3790.62,5,24,0.072,1133.01,19793.34,16,70.81,0.484,contract,education,east,61278.2,0,0
61,22754.32,582.0,15,1491.86,3,24,0.066,570.83,12989.43,25,22.83,0.678,self_employed,home,central,42614.74,0,0
39,70862.14,726.0,26,5126.66,2,36,0.072,2748.67,26732.83,30,91.62,0.527,unemployed,home,east,59206.28,0,0
59,87562.02,552.0,29,753.62,1,48,0.009,5400.93,11407.38,28,192.89,0.64,salaried,education,central,62452.03,0,0
48,103667.9,594.0,3,5013.65,2,48,0.048,6165.54,1454.73,35,176.16,0.807,contract,auto,east,47105.0,0,0
47,58973.0,749.0,15,3738.44,1,36,0.063,2666.22,2210.93,33,80.79,0.377,salaried,education,north,54477.49,0,0
24,22902.72,584.0,6,3716.02,1,24,0.162,718.19,5184.34,35,20.52,0.549,self_employed,auto,west,38600.84,0,0
35,52967.47,677.0,20,9727.15,6,24,0.184,2519.79,19024.07,24,104.99,0.489,contract,auto,central,48784.58,0,0
55,65943.62,649.0,1,13188.93,2,48,0.2,2260.98,3231.14,30,75.37,0.665,self_employed,auto,central,45133.44,0,0
57,34464.47,671.0,7,3960.49,3,12,0.115,1656.32,12337.49,27,61.35,0.626,salaried,personal,south,43847.55,0,0
21,48086.64,725.0,26,2734.48,4,36,0.057,1341.21,26399.38,22,60.96,0.707,salaried,auto,north,57363.4,0,0
23,30495.29,678.0,1,6137.18,7,36,0.201,1399.99,12839.24,29,48.28,0.808,salaried,home,west,44275.36,0,0
44,41121.36,532.0,5,13948.6,2,12,0.339,2041.75,14009.75,27,75.62,0.918,salaried,business,south,34968.43,1,0
47,81683.72,547.0,3,9309.92,3,36,0.114,4133.55,11395.35,29,142.54,0.845,self_employed,home,central,38770.01,0,0
60,73575.94,675.0,20,348.68,4,24,0.005,4528.25,34975.86,26,174.16,0.615,salaried,personal,central,62855.31,0,0
56,28916.03,572.0,0,5884.12,6,24,0.203,634.06,5659.42,26,24.39,0.79,salaried,home,north,35844.05,0,0
54,39448.71,731.0,11,42359.91,3,12,1.074,949.01,8130.81,28,33.89,0.824,salaried,auto,east,36916.11,0,0
49,55586.26,676.0,26,3920.45,4,24,0.071,2559.62,4529.88,30,85.32,0.552,salaried,education,north,62714.56,0,0
44,59990.17,504.0,13,5229.89,5,36,0.087,2455.93,2970.01,22,111.63,0.781,salaried,home,east,40167.32,1,0
44,40203.0,811.0,14,3049.6,5,48,0.076,1891.09,11420.01,29,65.21,0.706,salaried,business,east,60698.27,0,0
62,67131.31,619.0,23,6196.92,5,24,0.092,3338.89,612.08,32,104.34,0.623,salaried,home,south,54008.25,0,0
24,53323.0,632.0,17,1579.06,4,36,0.03,1187.26,11538.26,26,45.66,0.803,contract,education,west,52604.11,0,0
23,16992.32,686.0,16,2553.37,2,24,0.15,695.61,8596.77,29,23.99,0.91,salaried,home,south,44549.94,0,0
54,41887.74,643.0,8,11194.92,3,36,0.267,1740.16,8842.34,33,52.73,0.497,salaried,home,south,38639.03,0,0
43,41352.92,732.0,17,1339.49,3,24,0.032,1931.94,15710.25,23,84.0,0.504,salaried,home,west,48648.83,0,0
43,73513.41,563.0,17,23450.71,7,12,0.319,2629.42,3775.29,37,71.07,0.941,salaried,home,east,45635.58,0,0
25,74104.14,748.0,4,3313.01,3,24,0.045,1753.95,7893.08,29,60.48,0.637,salaried,auto,central,52392.8,0,0
51,25528.58,708.0,8,7701.53,4,24,0.302,875.23,1452.6,35,25.01,0.981,salaried,home,south,43528.33,0,0
61,65993.55,584.0,34,3495.22,5,48,0.053,1973.67,22762.48,28,70.49,0.277,salaried,auto,east,57795.3,0,0
26,52402.85,671.0,0,5851.32,3,48,0.112,2808.64,23406.95,32,87.77,0.54,contract,business,east,48605.82,0,0
57,57347.87,753.0,8,21072.06,3,12,0.367,3296.76,29691.51,35,94.19,0.625,self_employed,auto,east,44848.61,0,0
30,41100.59,694.0,31,639.38,3,24,0.016,1153.84,19393.24,27,42.73,0.628,self_employed,auto,north,63979.55,0,0
60,52689.77,663.0,19,17462.92,1,12,0.331,2435.33,842.37,39,62.44,0.862,contract,home,south,46457.9,0,0
27,90911.98,703.0,12,7339.33,3,48,0.081,2655.2,15057.43,25,106.21,0.972,self_employed,personal,east,59935.34,0,0
59,56981.59,710.0,10,9844.54,8,12,0.173,3162.44,703.62,31,102.01,0.707,self_employed,auto,west,43408.72,0,0
58,53151.84,607.0,25,517.59,3,36,0.01,2816.42,7081.62,41,68.69,0.882,self_employed,auto,west,53106.54,0,0
41,43667.46,663.0,10,12896.67,4,24,0.295,1968.44,21250.28,33,59.65,0.6,salaried,personal,central,40859.95,0,0
40,86987.11,722.0,24,1230.41,6,36,0.014,2962.54,30012.9,31,95.57,0.909,salaried,auto,north,58025.54,0,0
23,30444.04,661.0,24,30125.8,7,24,0.99,1881.3,2881.03,26,72.36,0.965,self_employed,auto,central,34452.75,0,0
42,37764.08,589.0,19,14452.93,1,36,0.383,1803.9,7523.58,23,78.43,0.408,salaried,personal,south,38483.52,0,0
24,29667.42,674.0,10,6110.86,3,12,0.206,1531.27,192.4,22,69.6,0.96,unemployed,auto,west,39724.54,0,0
48,59296.66,617.0,9,23212.99,4,60,0.391,3410.69,29654.83,34,100.31,0.778,salaried,home,south,40954.73,0,0
32,92123.6,699.0,2,1666.92,4,48,0.018,5081.12,34723.37,40,127.03,0.515,self_employed,auto,north,63257.41,0,0
58,46725.35,771.0,26,43084.51,7,24,0.922,2571.63,5390.48,34,75.64,0.893,contract,home,east,43360.9,1,0
56,33482.14,708.0,34,11355.02,4,36,0.339,1052.01,16927.46,24,43.83,0.928,salaried,personal,west,53255.0,0,0
61,113142.22,580.0,30,932.04,5,36,0.008,3846.5,61124.83,31,124.08,0.759,self_employed,personal,north,68085.37,0,0
25,66375.11,676.0,20,6922.32,3,24,0.104,2468.43,28486.55,21,117.54,0.666,salaried,auto,central,59034.93,0,0
33,61382.86,431.0,21,11168.11,0,12,0.182,3623.55,18944.06,29,124.95,0.91,salaried,auto,east,40852.78,1,0
43,49732.51,642.0,18,8544.49,6,36,0.172,1154.69,23273.25,26,44.41,0.584,salaried,auto,east,47656.43,0,1
50,73207.74,730.0,13,4964.04,6,48,0.068,2315.69,17738.64,24,96.49,0.798,salaried,auto,west,58804.74,0,0
57,60951.58,684.0,22,2566.88,5,36,0.042,2394.58,17031.91,25,95.78,0.906,salaried,auto,south,54485.85,0,0
45,43626.9,659.0,25,2448.99,3,36,0.056,2208.82,1174.04,32,69.03,0.888,self_employed,auto,north,46804.67,1,0
47,47041.66,831.0,11,23549.55,4,36,0.501,1297.89,27544.18,30,43.26,0.283,self_employed,home,west,47579.32,0,0
34,34236.61,505.0,0,2407.87,3,36,0.07,1437.21,7244.74,29,49.56,0.877,contract,home,north,39790.39,1,0
56,32368.65,524.0,33,29527.97,7,12,0.912,1126.28,9969.22,32,35.2,0.509,contract,education,west,37112.02,1,0
59,47406.12,691.0,18,2124.07,6,24,0.045,1414.92,25315.89,31,45.64,0.793,salaried,home,east,52701.16,0,0
36,91071.18,726.0,22,4364.72,5,24,0.048,2130.93,6335.29,21,101.47,0.639,salaried,auto,central,66897.41,0,0
42,34017.37,730.0,6,111.6,9,24,0.003,1873.86,639.58,27,69.4,0.479,self_employed,home,south,43264.88,0,0
41,78933.93,601.0,6,21010.76,4,36,0.266,3895.97,35964.13,20,194.8,0.766,contract,home,central,47236.54,0,0
41,37815.69,578.0,0,991.87,9,36,0.026,1230.47,16951.23,33,37.29,0.763,self_employed,home,north,45881.13,0,0
28,24246.53,566.0,17,3979.1,3,36,0.164,898.31,831.71,23,39.06,0.619,salaried,home,central,37340.17,0,0
36,69284.04,677.0,7,16636.01,3,48,0.24,3025.67,29299.37,27,112.06,0.77,salaried,auto,west,48066.67,0,0
51,112751.96,566.0,24,14127.54,4,12,0.125,3858.15,20801.72,26,148.39,0.848,unemployed,home,central,54425.19,0,0
62,36861.36,745.0,28,16578.06,2,36,0.45,1055.67,14593.83,31,34.05,0.825,salaried,home,east,49937.0,0,0
30,26730.44,648.0,22,22091.94,4,24,0.826,791.51,1270.84,28,28.27,0.71,self_employed,home,south,44138.8,0,0
52,66483.67,590.0,28,21779.23,1,60,0.328,3741.56,3933.49,23,162.68,0.68,salaried,education,central,41258.16,0,0
54,35759.51,591.0,0,13246.64,9,36,0.37,1467.13,13995.18,23,63.79,0.886,self_employed,education,west,37454.21,0,0
29,68974.42,520.0,14,7859.59,4,48,0.114,2792.03,8554.29,31,90.07,0.677,salaried,education,west,42759.97,0,0
37,90959.15,582.0,14,7420.57,5,36,0.082,3363.98,39874.08,27,124.59,0.398,salaried,home,central,55819.52,0,0
31,62867.08,603.0,27,117.03,2,12,0.002,3202.81,24568.51,29,110.44,0.716,salaried,education,east,50988.75,0,0
52,77994.67,685.0,31,11539.69,4,48,0.148,4321.05,45180.82,27,160.04,0.864,salaried,personal,east,57494.57,0,0
30,78235.24,642.0,12,2313.52,4,24,0.03,3978.8,14675.72,22,180.85,0.71,salaried,education,west,55960.07,0,0
42,84581.94,577.0,20,15878.91,6,48,0.188,3470.13,445.61,23,150.88,0.758,salaried,business,west,47824.71,0,0
37,55289.86,546.0,8,7262.97,6,36,0.131,1613.79,698.4,27,59.77,0.716,salaried,auto,central,36472.09,1,0
24,76924.86,630.0,19,39258.52,3,48,0.51,3339.28,20222.4,33,101.19,0.436,self_employed,home,north,45111.4,0,0
45,58336.36,475.0,19,2124.62,7,36,0.036,2980.82,9203.28,26,114.65,0.919,salaried,auto,west,48459.72,1,0
41,64608.04,623.0,7,11568.77,8,60,0.179,2458.52,2914.46,29,84.78,0.842,unemployed,auto,central,49271.68,1,0
57,213901.33,745.0,13,7137.38,6,36,0.033,13287.13,10174.11,34,390.8,0.815,salaried,home,south,86145.31,0,0
58,60398.54,633.0,19,24168.7,3,12,0.4,3611.53,5713.85,30,120.38,0.793,unemployed,auto,north,37328.97,0,0
21,27612.06,664.0,34,2783.14,4,36,0.101,1648.3,5495.03,32,51.51,0.756,self_employed,personal,east,51865.28,0,0
45,49571.01,653.0,20,551.5,3,60,0.011,2258.73,17099.75,20,112.94,0.924,salaried,home,central,46771.55,0,0
56,47111.08,532.0,21,7064.71,4,48,0.15,2066.56,8916.1,23,89.85,0.66,contract,auto,central,43292.91,0,0
37,48090.64,799.0,5,6636.02,5,36,0.138,2071.57,16629.16,28,73.98,0.807,unemployed,education,central,54902.15,0,0
61,83203.87,615.0,26,3361.87,5,24,0.04,3360.4,1669.55,31,108.4,0.384,contract,education,west,57210.75,0,0
44,90108.17,650.0,3,38770.82,7,24,0.43,2481.96,41521.79,21,118.19,0.547,salaried,auto,west,43297.07,1,0
22,51661.3,594.0,3,650.34,2,48,0.013,2963.61,23253.46,30,98.79,0.865,salaried,home,north,50892.78,0,0
60,28959.59,747.0,27,7585.69,5,48,0.262,1589.98,1385.11,23,69.13,0.654,salaried,auto,central,51580.56,0,0
35,56646.93,526.0,26,2712.58,3,24,0.048,2933.4,32564.57,35,83.81,0.957,unemployed,auto,south,48491.02,1,0
52,42424.24,761.0,16,17.22,1,60,0.0,2103.37,2116.91,23,91.45,0.71,salaried,education,south,60426.66,0,0
59,59556.58,624.0,28,39693.2,2,36,0.666,2398.36,29825.37,32,74.95,0.835,salaried,auto,east,42615.24,0,0
26,51306.21,605.0,6,5913.3,7,48,0.115,3197.14,12365.51,21,152.24,0.954,salaried,auto,central,42215.74,0,0
21,93653.86,597.0,7,17516.19,6,12,0.187,3671.26,18774.83,27,135.97,0.792,self_employed,business,south,51735.75,0,0
43,61307.88,804.0,32,16497.02,5,36,0.269,1948.18,9113.41,26,74.93,0.921,self_employed,home,east,58186.35,0,0
59,42485.31,514.0,31,15055.16,4,48,0.354,1475.6,11782.34,26,56.75,0.612,salaried,home,north,41074.64,0,0
37,29042.35,605.0,34,5529.31,3,48,0.19,1470.5,6919.75,29,50.71,0.814,unemployed,education,central,47367.68,0,0
54,53018.36,540.0,17,20363.91,2,36,0.384,1769.76,786.61,29,61.03,0.465,contract,auto,central,30855.96,0,0
61,53103.77,496.0,15,4119.44,1,36,0.078,2585.78,111.74,28,92.35,0.974,salaried,education,west,41079.62,0,0
49,48141.15,761.0,17,4724.12,0,48,0.098,2428.61,13684.28,33,73.59,0.898,salaried,personal,north,53540.97,0,0
29,76795.07,648.0,24,2657.86,3,12,0.035,4495.33,45211.8,34,132.22,0.979,salaried,home,central,60738.49,0,0
33,29078.36,551.0,33,5349.25,5,48,0.184,1162.83,1289.27,27,43.07,0.907,salaried,business,north,44922.07,0,0
26,38440.05,720.0,3,38745.73,4,24,1.008,1585.08,21717.23,36,44.03,0.804,self_employed,personal,south,32061.82,1,0
26,55481.94,616.0,4,7663.82,4,48,0.138,1315.28,17209.63,25,52.61,0.548,self_employed,personal,south,49984.21,0,0
40,42117.61,595.0,13,16005.92,1,48,0.38,1185.49,2494.36,28,42.34,0.829,salaried,home,south,35438.36,1,0
23,46142.09,699.0,0,2750.7,8,24,0.06,1446.73,625.33,28,51.67,0.531,salaried,business,east,48270.26,0,0
37,52727.21,614.0,21,28095.88,6,48,0.533,3146.34,1795.59,32,98.32,0.855,salaried,education,east,35331.15,0,0
32,73768.29,568.0,20,119.35,4,24,0.002,3506.76,1261.97,36,97.41,0.48,salaried,home,south,53738.08,0,0
21,51779.1,709.0,12,23964.92,4,48,0.463,3025.22,7904.2,21,144.06,0.574,salaried,auto,west,47305.15,0,0
37,22329.01,638.0,28,20545.39,1,24,0.92,755.68,1256.39,31,24.38,0.367,salaried,home,south,43340.13,0,0
23,41305.1,713.0,8,627.59,2,12,0.015,1428.03,1464.27,30,47.6,0.872,salaried,auto,west,44356.08,0,0
46,67717.7,616.0,32,8356.33,7,36,0.123,2817.86,4634.99,26,108.38,0.765,salaried,home,south,52074.28,0,0
35,76359.15,737.0,21,13844.28,2,24,0.181,3689.5,17804.74,35,105.41,0.755,salaried,personal,south,59306.27,0,0
56,78279.11,651.0,16,4654.73,5,48,0.059,2110.61,39614.47,32,65.96,0.873,self_employed,personal,east,54151.36,0,0
52,88923.34,740.0,22,867.18,2,24,0.01,2493.98,6611.78,16,155.87,0.818,salaried,home,south,66068.56,0,0
52,57142.12,737.0,5,15915.9,6,36,0.279,3101.72,1868.44,30,103.39,0.553,self_employed,home,north,49795.53,0,0
24,60987.5,755.0,28,5654.64,1,36,0.093,3462.43,3113.61,33,104.92,0.861,contract,auto,south,62620.29,0,0
38,34328.84,656.0,26,2749.56,7,12,0.08,725.05,14255.25,27,26.85,0.585,self_employed,auto,south,52823.75,0,0
39,20362.31,683.0,4,661.42,3,48,0.032,1026.29,1235.38,27,38.01,0.597,contract,business,north,40874.23,0,0
63,28626.49,630.0,8,9199.16,4,48,0.321,1023.9,3623.03,20,51.2,0.804,salaried,auto,east,35484.63,0,0
55,39504.63,574.0,23,389.0,4,48,0.01,1388.1,2414.75,34,40.83,0.83,salaried,business,west,51318.84,0,0
60,29381.87,820.0,18,14092.83,5,12,0.48,1294.33,177.15,23,56.28,0.583,salaried,education,south,54912.67,0,0
34,47485.65,586.0,32,13256.56,5,24,0.279,2482.63,25739.66,32,77.58,0.723,self_employed,auto,east,54136.01,0,0
53,44005.08,727.0,29,3509.99,3,36,0.08,2618.31,20114.72,22,119.01,0.791,salaried,auto,south,58467.71,0,0
34,82621.25,712.0,3,5752.83,5,24,0.07,1757.49,26233.01,22,79.89,0.75,self_employed,personal,west,59813.09,0,0
54,35027.49,665.0,31,9956.71,7,48,0.284,1118.43,7181.07,25,44.74,0.733,salaried,education,west,47981.09,1,0
24,57714.39,637.0,0,28774.88,3,36,0.499,2134.48,21619.2,31,68.85,0.525,salaried,personal,south,30269.42,0,0
44,44851.15,638.0,33,6608.55,1,48,0.147,1080.72,8325.76,37,29.21,0.797,unemployed,home,central,44961.15,0,0
49,34442.26,594.0,20,51369.41,5,48,1.491,768.5,3529.51,26,29.56,0.426,contract,home,west,23640.18,1,0
39,39047.33,658.0,30,3538.79,6,36,0.091,2429.93,11805.04,21,115.71,0.58,salaried,auto,east,46263.06,0,0
26,21524.2,550.0,13,6728.28,5,24,0.313,1027.63,10982.95,28,36.7,0.795,contract,home,west,29084.35,1,0
53,75868.44,714.0,25,1105.77,1,24,0.015,2429.15,3165.0,26,93.43,0.556,self_employed,auto,south,57491.26,0,0
60,101825.68,631.0,21,7316.29,6,36,0.072,3715.06,4839.0,37,100.41,0.645,self_employed,auto,east,61527.63,0,0
39,48032.84,568.0,33,6916.92,2,36,0.144,2415.98,5942.06,23,105.04,0.874,salaried,home,south,47705.52,0,0
21,54889.53,542.0,32,17003.19,8,12,0.31,1475.62,31710.13,24,61.48,0.614,contract,personal,south,46000.32,0,0
25,47423.06,639.0,12,51028.56,5,12,1.076,1827.58,3022.81,29,63.02,0.695,self_employed,education,west,30529.97,1,0
47,37457.38,642.0,31,38533.52,2,36,1.029,2127.84,1183.76,30,70.93,0.534,salaried,home,south,31967.1,1,0
36,74399.63,606.0,7,2426.24,4,36,0.033,2390.94,17546.3,26,91.96,0.807,self_employed,home,north,47518.38,0,0
26,62541.2,693.0,21,3718.47,2,48,0.059,1753.12,2273.43,26,67.43,0.746,unemployed,personal,central,53376.35,1,0
60,15000.0,680.0,19,2890.0,4,24,0.193,865.6,848.49,34,25.46,0.953,self_employed,home,east,48380.85,0,0
33,34010.52,655.0,20,2004.69,5,60,0.059,2054.84,2861.62,26,79.03,0.803,salaried,education,central,46424.2,0,0
55,21506.76,571.0,33,1464.11,6,60,0.068,1236.88,2077.66,33,37.48,0.468,self_employed,home,south,40248.9,1,0
39,109090.87,587.0,29,6452.24,3,24,0.059,6465.16,23367.56,32,202.04,0.759,self_employed,personal,east,59803.85,0,0
32,50145.15,531.0,5,18536.66,3,12,0.37,1896.46,19652.77,25,75.86,0.673,salaried,home,west,36556.11,1,0
36,60374.11,634.0,34,8021.48,1,24,0.133,2435.95,6331.99,19,128.21,0.787,salaried,auto,south,59138.66,0,0
63,46213.04,698.0,26,18548.31,3,36,0.401,2157.83,4423.24,32,67.43,0.714,salaried,business,central,39345.39,1,0
30,88984.15,547.0,19,28856.89,3,24,0.324,2071.43,42639.76,37,55.98,0.763,self_employed,home,north,48823.45,0,0
45,79803.08,602.0,13,4348.04,4,36,0.054,3929.59,3838.54,31,126.76,0.885,salaried,education,east,46987.8,1,0
40,49169.77,646.0,9,16252.79,3,36,0.331,2135.85,20391.35,31,68.9,0.934,self_employed,auto,west,41686.27,0,0
51,117371.2,698.0,14,483.79,6,36,0.004,7029.81,3029.27,24,292.91,0.743,salaried,personal,central,67833.42,0,0
24,58888.03,524.0,2,5903.93,2,24,0.1,2561.91,2077.22,28,91.5,0.696,self_employed,auto,north,39995.59,1,0
64,28083.67,839.0,14,4134.02,2,36,0.147,1744.71,10579.45,27,64.62,0.59,salaried,home,central,52636.37,0,0
43,56670.46,714.0,30,2063.04,1,24,0.036,3469.74,23454.75,28,123.92,0.852,contract,home,central,54620.15,0,0
22,68380.86,599.0,10,5192.57,6,24,0.076,2568.62,10633.57,21,122.32,0.648,salaried,auto,south,49273.36,0,0
42,51023.87,559.0,18,5278.07,2,24,0.103,1136.24,16279.76,28,40.58,0.737,contract,auto,north,52725.85,0,0
57,45018.67,674.0,14,14877.67,1,24,0.33,2452.74,26964.5,30,81.76,0.776,salaried,business,central,46376.27,0,0
28,119845.97,690.0,19,18287.43,7,48,0.153,6754.29,14625.87,27,250.16,0.808,salaried,business,south,59050.38,0,0
27,31772.67,566.0,21,9628.92,6,24,0.303,1393.97,2063.89,22,63.36,0.634,contract,education,central,39249.53,0,0
34,15620.33,555.0,6,9031.06,6,48,0.578,802.28,939.14,29,27.66,0.567,self_employed,home,central,35700.01,0,0
23,112260.16,574.0,13,1050.65,1,60,0.009,4570.29,45676.79,25,182.81,0.464,salaried,personal,north,57072.38,0,0
36,31203.29,655.0,3,7706.54,4,24,0.247,1472.86,15368.32,27,54.55,0.884,unemployed,education,central,38390.82,1,0
39,47620.66,657.0,8,2887.36,2,48,0.061,2008.33,7507.07,24,83.68,0.65,contract,home,central,47063.0,0,0
38,45713.8,834.0,24,3142.99,3,36,0.069,1866.36,1821.74,25,74.65,0.657,salaried,auto,south,57476.84,0,0
36,94304.75,466.0,34,896.14,6,24,0.01,5187.59,4097.71,35,148.22,0.576,unemployed,auto,central,45848.23,1,0
28,103330.24,593.0,26,9092.15,1,24,0.088,2925.4,46856.5,28,104.48,0.59,salaried,home,west,48223.49,1,0
53,30285.7,605.0,27,7889.49,5,60,0.26,1166.74,5236.85,28,41.67,0.85,contract,home,east,45189.82,0,0
32,99768.65,691.0,23,2239.3,4,36,0.022,4881.38,2862.2,28,174.34,0.927,salaried,home,west,68006.84,0,0
31,98941.56,695.0,32,2746.96,3,36,0.028,6124.51,47860.58,27,226.83,0.717,salaried,home,south,63065.49,0,0
25,54650.29,633.0,32,13345.29,3,60,0.244,2440.41,1253.6,25,97.62,0.826,self_employed,home,north,48741.33,1,0
47,82425.01,778.0,15,14172.43,2,24,0.172,3606.77,2649.61,28,128.81,0.866,self_employed,home,south,55540.52,0,0
32,86230.0,555.0,22,6114.7,7,24,0.071,3621.74,46735.6,33,109.75,0.937,salaried,home,south,51754.84,0,0
37,48358.99,591.0,10,1452.12,5,24,0.03,1112.04,6734.4,25,44.48,0.901,salaried,auto,north,42819.71,0,0
26,50468.02,538.0,18,514.78,3,24,0.01,2420.1,4823.07,41,59.03,0.563,contract,personal,north,51035.69,0,0
53,70629.11,638.0,33,2850.52,5,60,0.04,4307.96,25255.26,22,195.82,0.934,salaried,education,north,59150.97,0,0
25,26034.13,622.0,22,11823.61,3,36,0.454,1326.12,10578.2,36,36.84,0.488,self_employed,home,south,38559.8,1,0
48,46202.4,717.0,9,8265.01,6,36,0.179,1577.77,11469.3,20,78.89,0.774,self_employed,personal,north,49843.32,0,1
34,31566.09,808.0,0,11396.04,3,48,0.361,1521.66,1215.17,29,52.47,0.748,salaried,home,west,50178.22,0,0
25,102807.15,777.0,1,5743.64,1,36,0.056,4300.41,737.7,25,172.02,0.518,salaried,business,south,62861.77,0,0
53,45958.21,546.0,21,12647.68,2,24,0.275,2233.96,8051.57,27,82.74,0.623,contract,home,north,41296.06,0,0
61,61351.09,655.0,16,5899.3,7,24,0.096,3828.07,9067.08,26,147.23,0.556,salaried,business,west,53991.54,0,0
39,49104.93,716.0,23,789.8,7,36,0.016,2270.54,9951.8,27,84.09,0.757,salaried,personal,north,62864.55,0,0
42,47687.86,707.0,20,749.05,7,48,0.016,1031.75,15854.16,37,27.89,0.903,salaried,business,central,61188.27,0,0
25,59571.64,847.0,28,16027.52,2,24,0.269,1870.51,312.15,35,53.44,0.771,contract,auto,east,62345.22,0,0
22,38995.84,631.0,13,8939.14,1,48,0.229,1500.39,5901.63,29,51.74,0.796,salaried,personal,east,44728.64,0,0
50,49547.29,657.0,7,2945.63,4,24,0.059,1176.26,23982.95,22,53.47,0.868,salaried,home,north,40520.77,0,0
59,49383.45,840.0,29,12738.74,2,36,0.258,1980.98,581.03,15,132.07,0.841,salaried,home,central,61231.49,0,0
24,44781.62,686.0,21,1312.89,7,12,0.029,1776.19,866.84,28,63.44,0.851,salaried,education,west,57287.04,0,0
53,64600.38,599.0,22,9326.91,5,36,0.144,3706.83,18416.87,29,127.82,0.929,salaried,education,south,48546.51,1,1
33,44304.96,567.0,12,40995.39,0,24,0.925,1455.82,5056.73,14,103.99,0.836,salaried,home,central,25770.62,1,0
40,111859.82,668.0,27,1462.88,7,48,0.013,4231.25,51468.45,29,145.91,0.852,salaried,education,north,68273.98,0,0
27,71900.17,741.0,29,1377.78,5,60,0.019,2205.2,2606.76,37,59.6,0.814,salaried,home,east,69107.88,0,0
35,29519.62,740.0,4,5677.21,6,12,0.192,1598.59,7926.75,23,69.5,0.811,unemployed,home,east,45165.22,0,0
43,69417.56,576.0,9,9261.64,5,36,0.133,3734.63,23401.93,34,109.84,0.652,contract,home,central,42683.0,0,0
34,39724.93,659.0,8,242.15,4,48,0.006,2391.39,3658.89,28,85.41,0.947,salaried,business,south,48638.69,0,0
43,57587.49,612.0,13,6232.4,4,12,0.108,3195.51,24122.24,38,84.09,0.616,salaried,education,east,52405.76,0,0
39,38986.16,637.0,9,781.5,2,36,0.02,2122.43,2979.51,23,92.28,0.374,salaried,business,central,41554.83,0,0
49,20181.43,727.0,32,2485.62,3,60,0.123,618.97,6914.14,25,24.76,0.933,salaried,personal,north,55868.04,0,1
40,53649.1,646.0,10,11215.59,11,36,0.209,2645.63,28985.82,31,85.34,0.588,self_employed,personal,west,42284.39,1,0
49,28410.47,705.0,5,12084.46,4,36,0.425,641.47,3287.21,34,18.87,0.401,salaried,auto,north,40737.94,0,0
44,65438.88,708.0,16,11775.09,10,24,0.18,1423.73,2297.94,21,67.8,0.621,self_employed,auto,west,52021.24,0,0
38,58609.56,598.0,5,606.29,8,36,0.01,1963.25,29195.22,24,81.8,0.763,salaried,business,central,46463.51,0,0
30,41284.89,754.0,9,13908.16,5,48,0.337,2355.34,598.04,28,84.12,0.545,salaried,education,east,47487.2,0,0
61,123191.05,557.0,4,5093.99,0,24,0.041,3980.28,3811.69,28,142.15,0.723,salaried,personal,north,51496.6,1,0
28,31017.93,543.0,18,5804.52,6,48,0.187,1846.85,1005.15,26,71.03,0.581,salaried,personal,west,41259.28,0,0
46,40906.66,609.0,6,4897.74,2,36,0.12,1228.07,6630.72,23,53.39,0.803,unemployed,home,central,43369.08,0,0
49,32718.27,567.0,23,17505.6,4,24,0.535,746.25,14242.47,25,29.85,0.914,salaried,business,north,44842.03,1,0
30,135752.98,701.0,18,10254.08,4,24,0.076,6187.69,29420.75,24,257.82,0.699,contract,education,north,73452.41,0,0
37,99559.41,850.0,10,6238.79,1,24,0.063,5464.9,29670.94,30,182.16,0.895,self_employed,home,north,76855.54,0,0
22,28568.08,746.0,2,16177.48,7,36,0.566,1273.74,1528.86,15,84.92,0.835,salaried,auto,central,37360.32,0,0
26,37364.96,581.0,29,14729.59,2,12,0.394,1565.09,19850.48,34,46.03,0.837,salaried,home,west,39640.4,0,0
25,37939.71,565.0,5,45.51,3,24,0.001,1484.3,9779.51,38,39.06,0.438,salaried,auto,central,38124.22,1,0
48,42284.37,733.0,34,5865.97,7,24,0.139,2142.36,20173.34,18,119.02,0.793,salaried,auto,west,52698.97,0,0
61,33885.71,549.0,21,388.48,5,36,0.011,2069.37,1002.51,23,89.97,0.789,contract,home,west,41898.76,0,0
25,41250.23,566.0,10,3302.95,5,36,0.08,1399.35,17567.49,25,55.97,0.676,salaried,auto,central,40281.52,1,0
38,85151.94,681.0,7,14659.3,7,60,0.172,2990.17,26467.18,29,103.11,0.837,salaried,personal,north,49745.47,0,0
46,130106.75,604.0,26,25950.05,3,36,0.199,3073.2,22224.48,30,102.44,0.931,salaried,education,central,57170.4,0,0
40,27038.6,660.0,28,2494.44,5,48,0.092,749.45,11766.52,31,24.18,0.652,contract,education,south,45826.51,0,0
61,33911.24,622.0,7,194.92,8,36,0.006,1449.8,10324.65,28,51.78,0.892,self_employed,business,central,44576.63,1,0
47,59641.19,648.0,22,4632.54,4,36,0.078,2026.36,21991.1,28,72.37,0.929,salaried,personal,north,55232.57,0,0
32,26605.21,724.0,28,3673.32,6,36,0.138,1462.98,1187.36,33,44.33,0.745,contract,business,east,48921.2,0,0
27,60339.63,703.0,15,10169.98,3,36,0.169,2821.28,4337.03,22,128.24,0.884,self_employed,education,north,51521.21,0,0
23,69081.78,728.0,34,6149.8,7,24,0.089,3544.21,29004.81,26,136.32,0.573,unemployed,education,central,65870.62,0,0
30,74257.47,704.0,7,4580.16,2,60,0.062,2913.64,19892.09,19,153.35,0.54,salaried,education,east,60326.17,0,0
54,68218.09,710.0,7,2347.09,4,36,0.034,1704.33,38177.2,45,37.87,0.242,self_employed,home,north,54064.09,0,0
45,42579.92,650.0,32,15867.52,9,24,0.373,1884.79,22548.99,41,45.97,0.821,salaried,personal,east,44924.8,0,0
55,49923.58,526.0,4,2569.83,5,48,0.051,1579.21,22791.38,23,68.66,0.905,salaried,home,central,51070.38,0,0
36,31863.38,641.0,16,506.61,4,24,0.016,1357.28,1418.6,23,59.01,0.829,salaried,business,north,47934.19,0,0
22,66766.21,677.0,21,7483.63,8,60,0.112,1701.35,35599.66,30,56.71,0.987,salaried,auto,south,56377.63,0,0
44,111470.15,656.0,13,3435.94,6,48,0.031,5941.39,53679.98,34,174.75,0.831,salaried,home,south,71008.29,0,0
30,66702.01,686.0,31,11216.76,4,12,0.168,2499.62,38567.52,24,104.15,0.779,salaried,home,west,54261.7,0,0
58,39626.35,825.0,13,758.97,6,48,0.019,1923.8,20632.77,29,66.34,0.739,contract,personal,west,52044.28,0,0
42,84766.55,607.0,19,30514.34,2,24,0.36,3505.1,17894.26,28,125.18,0.896,unemployed,home,central,48762.53,1,0
46,157084.79,616.0,21,1861.65,3,36,0.012,6327.68,66727.94,24,263.65,0.817,self_employed,auto,east,76894.45,0,0
63,60440.66,753.0,29,3975.29,3,24,0.066,2220.9,3156.39,28,79.32,0.541,self_employed,auto,west,59826.09,0,0
59,69529.94,661.0,32,5901.88,2,48,0.085,2847.24,34062.45,21,135.58,0.629,contract,home,north,62799.02,0,0
47,73494.47,689.0,4,19875.09,2,48,0.27,3407.4,28012.37,34,100.22,0.603,salaried,auto,north,53499.45,1,0
49,26317.63,600.0,17,11538.74,5,48,0.438,794.04,8213.78,27,29.41,0.673,contract,business,south,41495.01,0,0
58,45025.98,588.0,6,1408.08,7,36,0.031,2278.42,307.89,31,73.5,0.755,salaried,home,east,43054.16,0,0
40,42991.6,547.0,28,5196.11,3,36,0.121,1765.56,8850.38,31,56.95,0.851,contract,auto,north,43425.55,1,0
47,78880.55,665.0,8,7045.91,2,24,0.089,3670.51,29265.86,22,166.84,0.573,contract,auto,north,54142.17,0,0
61,74851.86,567.0,6,10899.75,6,36,0.146,3033.37,26589.47,26,116.67,0.528,self_employed,auto,south,49502.41,0,0
40,51311.41,556.0,6,7633.79,2,36,0.149,1418.97,2333.44,24,59.12,0.89,salaried,personal,east,37299.37,1,0
64,41846.14,706.0,5,5501.37,3,48,0.131,1443.29,22100.65,32,45.1,0.939,contract,home,north,41408.49,0,0
39,25362.62,596.0,26,13054.53,6,48,0.515,888.33,877.17,20,44.42,0.881,contract,home,south,39916.76,1,0
40,53801.92,548.0,3,4274.17,4,36,0.079,2029.19,21133.38,30,67.64,0.758,self_employed,education,west,47834.71,1,0
55,35257.88,539.0,0,39205.62,5,12,1.112,1203.24,941.35,28,42.97,0.642,salaried,personal,south,20978.0,1,0
22,33345.38,727.0,5,26571.04,4,36,0.797,1632.16,1801.54,34,48.0,0.921,self_employed,auto,south,33859.45,0,0
50,82192.63,641.0,30,11059.94,4,60,0.135,5117.22,17235.37,26,196.82,0.744,salaried,personal,west,54945.74,0,0
54,78422.32,616.0,0,19280.43,4,48,0.246,3941.46,2610.83,26,151.59,0.8,unemployed,business,north,41056.29,0,0
42,43483.32,665.0,4,4495.64,9,48,0.103,2643.25,13302.83,18,146.85,0.749,salaried,auto,east,46056.81,0,0
23,26740.38,656.0,18,7839.07,3,36,0.293,1379.68,926.96,23,59.99,0.886,salaried,home,east,50823.92,0,0
26,37361.08,605.0,4,2865.19,6,48,0.077,1691.59,14299.43,38,44.52,0.5,unemployed,home,west,37794.93,0,1
35,84707.91,622.0,4,19515.58,4,48,0.23,4255.38,508.59,34,125.16,0.771,salaried,auto,south,48311.12,0,0
47,66867.84,712.0,30,5731.33,6,36,0.086,3668.63,181.55,21,174.7,0.835,salaried,personal,east,55272.34,0,0
30,43813.09,720.0,6,6913.62,8,36,0.158,2434.66,6668.31,20,121.73,0.554,contract,personal,west,51054.91,0,0
29,55627.83,579.0,14,17993.53,2,12,0.323,1456.13,1847.37,22,66.19,0.782,self_employed,personal,west,46860.1,0,0
53,21297.18,759.0,12,14363.3,5,48,0.674,998.74,4628.37,23,43.42,0.94,salaried,home,west,46814.47,0,0
52,20583.89,821.0,11,3494.06,3,12,0.17,566.02,7355.35,22,25.73,0.927,salaried,personal,west,47538.9,0,0
26,131887.81,625.0,18,823.39,2,24,0.006,6759.4,51442.58,30,225.31,0.746,salaried,personal,south,72528.73,0,1
61,68045.83,623.0,12,1591.64,4,48,0.023,1433.3,8258.93,25,57.33,0.528,salaried,home,south,48659.33,1,0
56,54216.9,574.0,26,3727.32,3,24,0.069,2578.19,19545.65,33,78.13,0.922,salaried,personal,central,57644.37,0,0
22,45313.93,593.0,32,3278.36,3,36,0.072,1036.46,2707.97,28,37.02,0.569,salaried,business,west,48537.18,0,0
49,24518.29,677.0,5,351.57,2,24,0.014,1431.35,1417.69,36,39.76,0.714,contract,home,north,40938.4,0,0
24,84706.39,847.0,12,5091.74,3,24,0.06,4391.04,19049.25,29,151.42,0.543,self_employed,home,west,58702.76,0,0
21,32480.66,712.0,12,1006.94,5,48,0.031,1922.87,448.57,36,53.41,0.31,salaried,education,south,43578.03,0,0
39,74375.52,622.0,12,2246.42,7,36,0.03,3052.66,40579.8,23,132.72,0.571,contract,personal,east,57900.88,0,0
46,57491.96,614.0,19,13938.61,7,36,0.242,1204.47,26216.97,22,54.75,0.736,self_employed,auto,north,46168.61,0,0
45,52921.1,594.0,8,6146.63,5,24,0.116,3162.88,832.57,36,87.86,0.895,contract,auto,east,45327.57,0,0
30,30149.85,740.0,16,4200.6,4,60,0.139,965.45,640.05,27,35.76,0.631,salaried,auto,central,50436.9,0,0
35,30331.06,629.0,34,1845.91,2,48,0.061,1054.69,8187.5,26,40.57,0.925,contract,auto,east,52652.5,0,0
42,64567.76,689.0,17,18108.07,3,12,0.28,2833.93,15926.74,17,166.7,0.779,salaried,business,east,49353.52,0,0
41,56142.45,630.0,24,21061.63,4,60,0.375,1677.34,2114.56,21,79.87,0.895,self_employed,home,south,45818.69,0,0
42,55338.56,830.0,14,6580.97,2,48,0.119,3366.08,24329.21,34,99.0,0.558,salaried,auto,west,65917.38,0,0
56,61618.58,605.0,22,22876.12,1,24,0.371,1616.61,33382.0,29,55.75,0.87,salaried,auto,east,41010.0,1,0
54,22662.47,590.0,0,5625.85,5,12,0.248,787.55,2769.56,18,43.75,0.664,self_employed,business,south,35275.14,0,0
50,85546.45,609.0,17,1020.96,3,48,0.012,5210.74,19853.47,34,153.26,0.562,self_employed,education,south,62861.2,0,0
45,46158.9,686.0,0,154.68,7,48,0.003,2868.33,20996.32,35,81.95,0.902,salaried,home,north,50824.45,0,0
48,91705.74,772.0,9,1236.59,2,24,0.013,4361.98,3886.05,30,145.4,0.816,salaried,auto,north,67989.49,1,0
21,21944.11,686.0,30,8771.39,4,60,0.4,1174.59,11875.25,29,40.5,0.483,self_employed,auto,north,48576.09,0,0
24,69986.78,710.0,6,3482.95,5,60,0.05,3140.35,30193.25,32,98.14,0.783,salaried,auto,east,64349.57,0,0
27,69689.9,698.0,7,9405.02,2,24,0.135,2799.93,6056.49,31,90.32,0.844,salaried,home,central,50589.63,1,0
29,27756.92,508.0,33,6383.05,4,24,0.23,977.92,1214.35,32,30.56,0.657,self_employed,business,south,40211.01,1,1
56,40632.96,649.0,8,3644.86,2,12,0.09,1244.88,1514.75,31,40.16,0.786,salaried,auto,west,49652.79,0,0
39,33631.62,623.0,24,2220.93,3,24,0.066,1073.48,11631.93,36,29.82,0.973,salaried,auto,north,50660.12,0,0
21,79893.17,638.0,26,760.65,5,36,0.01,3286.21,32636.97,29,113.32,0.82,salaried,auto,central,61488.87,0,0
30,62255.35,580.0,6,13725.5,6,12,0.22,3743.83,31040.35,33,113.45,0.799,salaried,education,central,38230.71,0,0
56,111244.08,724.0,31,15383.53,4,24,0.138,6350.29,40977.44,20,317.51,0.567,self_employed,home,west,68748.44,0,0
29,59357.23,654.0,8,7017.19,1,24,0.118,2046.23,2305.36,34,60.18,0.778,self_employed,education,west,47754.25,1,0
62,75320.67,654.0,16,1538.11,5,60,0.02,4557.18,8150.96,32,142.41,0.633,self_employed,home,north,58557.65,0,0
52,91803.42,637.0,34,2752.97,5,48,0.03,2515.29,515.78,28,89.83,0.761,salaried,education,north,60815.51,0,0
52,69528.5,597.0,15,27938.93,4,48,0.402,3022.02,550.09,23,131.39,0.863,contract,auto,central,41217.74,1,0
26,45575.13,499.0,1,2304.96,4,48,0.051,2258.78,6988.86,19,118.88,0.911,salaried,education,south,36307.1,1,0
58,41913.68,673.0,30,526.34,6,12,0.013,2517.99,1170.42,35,71.94,0.704,salaried,auto,central,56518.62,0,0
37,52266.97,660.0,15,7187.56,5,36,0.138,1601.44,12954.66,29,55.22,0.598,contract,home,east,49937.99,0,0
30,77533.29,695.0,32,2733.25,7,36,0.035,2610.26,15107.39,21,124.3,0.451,contract,auto,west,62279.1,0,0
47,38378.54,656.0,20,28410.49,5,60,0.74,986.61,20540.58,23,42.9,0.825,salaried,personal,west,43138.96,0,0
55,72654.39,558.0,16,7696.08,3,36,0.106,2531.47,5160.5,22,115.07,0.324,salaried,personal,east,47612.42,0,0
41,62641.58,582.0,34,30383.65,0,36,0.485,3491.38,6490.27,19,183.76,0.837,contract,education,west,43964.26,0,0
45,30822.87,764.0,6,13858.23,4,24,0.45,1176.35,839.29,18,65.35,0.866,self_employed,auto,central,46789.51,0,1
48,71082.1,677.0,28,11556.4,1,36,0.163,4409.35,676.43,19,232.07,0.713,self_employed,personal,east,53715.34,0,0
35,57749.18,718.0,10,15966.93,3,24,0.276,2157.53,6365.9,23,93.81,0.765,salaried,auto,south,45224.73,1,0
24,42288.23,728.0,29,8357.22,5,60,0.198,2145.65,24565.65,41,52.33,0.671,contract,home,south,56155.01,0,0
49,57373.79,566.0,17,100.65,2,24,0.002,2150.83,17594.06,32,67.21,0.513,salaried,home,west,49266.98,0,0
29,43034.48,621.0,15,4485.11,10,24,0.104,1323.94,3481.38,23,57.56,0.929,unemployed,personal,east,44877.36,1,0
47,60563.79,708.0,5,2224.83,4,60,0.037,1711.47,303.71,35,48.9,0.781,contract,business,east,55627.48,0,0
46,50232.52,581.0,1,5127.42,5,60,0.102,1410.13,22418.06,24,58.76,0.722,self_employed,home,south,43618.38,0,0
39,27215.29,615.0,9,5723.24,4,36,0.21,1299.5,6614.94,28,46.41,0.797,salaried,education,east,39084.2,0,0
48,50913.53,606.0,3,1230.95,1,48,0.024,1216.75,941.96,38,32.02,0.801,self_employed,education,central,48572.8,0,0
37,44391.01,587.0,9,213.39,3,12,0.005,2105.62,1859.76,33,63.81,0.701,contract,home,south,44630.76,0,0
63,72114.75,639.0,8,1338.59,4,48,0.019,2750.72,30666.41,27,101.88,0.833,salaried,home,north,51617.83,0,0
61,80490.61,609.0,23,17531.12,4,36,0.218,3900.59,18437.55,25,156.02,0.624,self_employed,personal,west,50882.34,1,0
62,43085.82,616.0,4,12689.91,4,48,0.295,937.44,24619.38,34,27.57,0.947,unemployed,personal,north,50074.56,1,0
40,37978.37,673.0,34,14435.26,5,36,0.38,1009.07,9568.81,30,33.64,0.439,salaried,home,west,48157.45,0,0
60,25436.25,735.0,3,2910.49,1,48,0.114,1454.64,6109.18,28,51.95,0.558,salaried,home,central,43414.38,0,0
59,37559.56,715.0,34,2423.86,4,24,0.065,2347.33,1769.53,30,78.24,0.781,salaried,home,north,54170.93,0,0
43,46841.7,665.0,12,342.8,4,48,0.007,2619.46,23103.58,35,74.84,0.717,contract,home,south,48627.61,0,0
52,29653.38,789.0,31,5752.51,9,24,0.194,773.1,5533.19,25,30.92,0.634,unemployed,business,central,53800.67,0,0
53,80976.27,706.0,0,4337.36,4,60,0.054,2365.93,33982.9,29,81.58,0.641,salaried,education,south,51025.36,0,0
25,60959.98,718.0,10,16264.75,7,36,0.267,1717.81,23820.87,25,68.71,0.656,self_employed,home,east,46930.01,0,0
63,51318.8,636.0,25,10307.59,3,36,0.201,2924.68,2028.38,23,127.16,0.524,salaried,personal,south,51538.62,0,0
54,53771.45,617.0,2,1402.37,9,36,0.026,2973.27,7169.86,35,84.95,0.944,salaried,education,west,49489.68,0,0
60,62175.74,682.0,12,39193.3,5,36,0.63,2361.32,486.96,32,73.79,0.929,contract,education,north,39560.24,0,0
31,72033.94,727.0,31,13252.19,5,48,0.184,1872.84,38427.24,27,69.36,0.742,self_employed,education,north,56190.01,0,0
23,77967.97,665.0,22,11464.33,2,36,0.147,4511.0,4477.78,33,136.7,0.615,salaried,home,central,53409.12,1,0
53,47140.65,596.0,22,2197.19,5,36,0.047,2125.37,2349.91,36,59.04,0.807,contract,education,north,46868.9,0,0
31,50824.27,541.0,29,21199.75,8,36,0.417,3128.02,10187.1,39,80.21,0.755,unemployed,home,central,42455.62,0,0
36,58561.72,516.0,5,5780.73,7,48,0.099,1908.6,3038.63,24,79.52,0.454,salaried,auto,west,38807.12,1,0
38,49899.06,654.0,6,3179.99,5,36,0.064,1117.32,2681.55,28,39.9,0.58,unemployed,auto,east,46069.11,0,0
50,80221.18,719.0,29,9573.56,4,24,0.119,4954.71,33489.23,29,170.85,0.799,self_employed,education,central,65126.88,0,0
30,94117.11,454.0,31,2141.48,4,36,0.023,3345.17,8656.83,21,159.29,0.859,salaried,auto,east,55337.83,0,0
38,63248.9,598.0,5,21431.31,4,24,0.339,2498.87,1726.05,29,86.17,0.656,self_employed,auto,west,37693.36,1,0
58,36001.42,584.0,34,17338.55,8,12,0.482,880.71,4383.12,35,25.16,0.476,salaried,auto,west,42771.52,0,0
39,68103.27,682.0,31,5627.91,4,48,0.083,3101.62,3941.67,20,155.08,0.649,contract,auto,north,63532.57,0,0
56,64386.84,593.0,11,1903.8,6,48,0.03,2039.16,2945.35,24,84.96,0.599,self_employed,education,west,46161.11,1,0
33,34668.3,545.0,3,6175.62,3,24,0.178,1706.41,11110.15,34,50.19,0.599,salaried,business,north,30048.96,1,0
23,64355.0,598.0,31,1453.55,3,24,0.023,3378.78,36259.79,19,177.83,0.817,salaried,auto,west,59580.51,0,0
30,42408.93,585.0,34,2830.53,5,24,0.067,1391.92,11084.41,29,48.0,0.696,salaried,education,east,54022.45,0,0
58,75791.56,651.0,15,5932.75,4,36,0.078,2973.2,3286.62,19,156.48,0.754,salaried,auto,east,54559.79,1,0
21,67854.55,632.0,14,192.3,3,36,0.003,2389.09,24757.81,34,70.27,0.807,self_employed,auto,south,53419.03,0,0
47,59894.74,688.0,1,13061.24,1,48,0.218,3691.16,29974.3,25,147.65,0.899,salaried,home,central,46042.89,0,0
28,55124.31,649.0,5,1973.65,0,36,0.036,3096.56,10247.98,25,123.86,0.822,self_employed,personal,south,47427.3,0,0
62,20743.38,736.0,13,18130.39,7,24,0.874,796.33,423.24,31,25.69,0.712,salaried,personal,central,39566.5,0,0
37,31369.02,612.0,28,202.6,2,48,0.006,1324.94,12845.68,18,73.61,0.781,self_employed,home,south,57965.74,0,0
29,51079.55,703.0,25,6836.12,2,48,0.134,3158.47,24855.59,35,90.24,0.914,salaried,personal,north,53951.79,0,0
26,107336.35,677.0,17,13491.18,2,36,0.126,3452.98,29169.6,29,119.07,0.881,salaried,business,east,58618.64,0,0
63,69850.08,625.0,3,2445.67,4,48,0.035,4031.62,500.08,25,161.26,0.626,contract,home,east,49188.38,0,0
45,122555.69,708.0,24,11065.25,6,24,0.09,7361.4,55520.29,17,433.02,0.479,contract,home,south,63912.67,0,0
59,56237.79,582.0,28,11484.63,4,48,0.204,2249.46,15037.14,30,74.98,0.83,salaried,business,west,53590.91,0,1
48,53429.44,755.0,33,9141.11,5,12,0.171,1664.34,2927.38,22,75.65,0.595,self_employed,home,south,59973.46,0,0
53,102878.74,584.0,15,4076.59,3,48,0.04,2809.02,1716.29,35,80.26,0.753,salaried,education,central,58316.62,1,0
57,50430.61,536.0,29,13836.77,1,24,0.274,1203.59,14559.59,26,46.29,0.941,salaried,home,east,43721.31,0,0
29,34755.34,529.0,22,8910.25,5,12,0.256,987.14,1496.96,28,35.26,0.723,self_employed,auto,east,40868.0,0,0
38,62476.1,658.0,27,8032.91,4,24,0.129,2178.07,1013.39,26,83.77,0.766,contract,business,east,53069.97,0,0
41,89781.24,602.0,0,15391.35,1,60,0.171,4763.97,13609.15,32,148.87,0.763,salaried,home,south,49787.1,1,0
22,37358.79,665.0,7,2525.02,9,24,0.068,1382.84,1653.51,31,44.61,0.589,self_employed,auto,west,46332.77,0,0
63,70620.07,556.0,14,2381.41,3,48,0.034,2540.33,8782.57,33,76.98,0.254,salaried,home,north,47846.77,0,0
58,51950.34,691.0,33,4396.4,1,36,0.085,2910.21,4629.26,22,132.28,0.935,salaried,personal,north,53318.3,0,0
60,66377.1,666.0,18,683.51,4,36,0.01,3027.14,1129.68,32,94.6,0.805,self_employed,education,central,57293.37,0,0
56,62385.63,611.0,29,3704.17,2,36,0.059,2495.8,3093.02,31,80.51,0.379,self_employed,auto,north,56255.82,0,0
63,44961.55,703.0,9,4692.01,6,36,0.104,2116.07,2342.59,27,78.37,0.829,salaried,auto,west,46159.1,0,0
57,51648.45,699.0,26,6149.81,3,60,0.119,2281.71,4160.01,32,71.3,0.433,self_employed,education,west,55217.41,0,0
35,46214.44,658.0,19,2637.43,1,36,0.057,1818.57,3864.25,19,95.71,0.586,self_employed,auto,east,50458.8,0,0
48,57150.12,725.0,24,21361.17,5,36,0.374,2142.24,28892.1,23,93.14,0.596,self_employed,home,west,53400.9,0,0
38,37021.58,744.0,8,3020.24,3,24,0.082,2136.43,21051.89,28,76.3,0.813,self_employed,auto,central,55788.71,0,0
54,41225.48,583.0,33,17167.61,3,24,0.416,1175.59,12306.53,33,35.62,0.675,self_employed,home,north,41180.78,0,0
42,44968.51,746.0,20,5298.31,1,36,0.118,1232.46,2304.47,27,45.65,0.756,salaried,auto,south,58054.15,0,0
31,64619.16,574.0,23,11397.64,8,36,0.176,3502.22,34624.46,35,100.06,0.738,self_employed,auto,north,53714.69,0,0
33,28652.89,716.0,6,1057.93,5,24,0.037,740.9,6568.08,24,30.87,0.846,self_employed,business,north,43287.97,0,0
24,51626.57,731.0,3,7079.95,3,36,0.137,3161.71,16142.12,27,117.1,0.931,salaried,education,central,49564.06,0,0
42,39391.52,635.0,7,29157.65,4,48,0.74,1278.55,1383.68,28,45.66,0.536,self_employed,education,west,32877.03,1,0
27,45020.11,645.0,12,9876.3,3,36,0.219,2538.53,21132.85,23,110.37,0.849,contract,auto,central,45169.71,0,0
63,40252.36,625.0,20,15447.66,2,36,0.384,1923.99,11526.27,27,71.26,0.901,self_employed,auto,south,44478.68,0,0
44,59133.77,580.0,34,2722.97,4,60,0.046,3225.57,18584.91,24,134.4,0.737,salaried,personal,south,58201.44,1,0
24,50478.31,596.0,4,14492.55,6,36,0.287,1892.37,3190.79,28,67.58,0.763,salaried,education,south,44253.27,1,0
48,74624.53,692.0,7,3894.42,6,24,0.052,2186.36,383.72,25,87.45,0.759,salaried,personal,east,53244.72,0,0
35,64911.44,723.0,1,5973.66,7,36,0.092,3916.64,2914.58,26,150.64,0.885,contract,education,north,57367.67,0,0
21,27128.21,649.0,23,1873.83,3,48,0.069,1454.56,8130.6,26,55.94,0.644,self_employed,education,north,48374.22,0,0
23,35171.82,564.0,15,5984.51,6,24,0.17,952.64,2531.91,29,32.85,0.91,salaried,auto,central,39880.99,0,0
34,50116.31,553.0,3,6525.49,8,48,0.13,1968.43,8003.54,33,59.65,0.449,salaried,education,east,36381.68,1,0
58,53139.68,641.0,29,8763.54,0,12,0.165,1838.66,21938.95,29,63.4,0.871,salaried,education,west,51823.53,0,0
21,36596.16,605.0,29,18267.9,6,60,0.499,998.24,11446.03,26,38.39,0.482,contract,auto,north,42983.45,0,0
58,97420.16,751.0,34,3272.66,4,24,0.034,4434.36,46830.23,27,164.24,0.637,self_employed,auto,north,69690.16,0,0
58,79946.22,590.0,12,37293.77,7,36,0.466,4130.02,19842.3,31,133.23,0.626,self_employed,personal,east,38154.7,1,0
41,25844.85,701.0,10,16936.53,4,60,0.655,789.97,2242.02,29,27.24,0.539,self_employed,personal,south,37818.39,1,0
49,63287.42,597.0,18,4641.38,3,24,0.073,2768.45,11087.43,19,145.71,0.878,self_employed,education,south,51376.21,0,0
25,53071.3,626.0,17,2313.37,5,36,0.044,1549.76,444.6,23,67.38,0.588,salaried,business,north,47947.22,0,0
30,94820.77,665.0,16,667.61,2,48,0.007,4586.93,28320.6,34,134.91,0.659,unemployed,auto,north,65128.17,0,0
48,26730.28,694.0,10,2403.44,1,12,0.09,1335.34,7886.16,24,55.64,0.845,salaried,business,east,44104.66,1,0
41,136890.23,686.0,14,19428.15,1,36,0.142,5717.88,8614.19,26,219.92,0.679,salaried,business,south,68100.88,0,0
27,37074.12,602.0,7,3108.2,7,48,0.084,1799.07,4859.23,28,64.25,0.558,salaried,personal,east,38342.51,0,0
23,64237.16,659.0,28,1336.29,2,60,0.021,3208.69,37419.68,20,160.43,0.615,salaried,home,south,60052.44,0,0
40,41238.99,618.0,16,206.42,5,12,0.005,2426.75,24348.54,24,101.11,0.47,self_employed,education,south,48651.24,0,0
39,45740.0,528.0,25,3180.3,9,48,0.07,2544.18,1000.48,30,84.81,0.918,unemployed,personal,north,48415.37,1,0
55,25330.43,669.0,4,2191.87,4,36,0.087,1395.41,2631.86,23,60.67,0.654,salaried,personal,south,41818.41,0,0
24,92836.86,757.0,3,970.3,3,48,0.01,2018.16,12000.37,34,59.36,0.913,unemployed,home,north,63752.69,0,0
25,47985.72,781.0,23,27159.19,4,48,0.566,1525.18,3226.08,24,63.55,0.164,salaried,home,east,50612.97,0,0
21,49476.54,677.0,10,2803.13,7,48,0.057,1428.91,3442.86,32,44.65,0.897,salaried,education,east,51706.84,0,0
24,153371.27,671.0,29,55.76,4,60,0.0,9546.35,20234.6,24,397.76,0.443,self_employed,auto,east,78177.51,0,0
32,83428.83,427.0,34,25986.03,3,12,0.311,3698.4,2443.27,27,136.98,0.666,contract,home,central,44198.42,1,0
47,40104.24,850.0,32,7775.7,2,24,0.194,1126.43,17383.75,28,40.23,0.531,unemployed,personal,west,59957.82,0,0
62,41166.7,772.0,20,777.99,4,60,0.019,1836.12,4596.7,25,73.44,0.597,salaried,education,west,54980.12,0,0
43,60895.26,715.0,4,287.34,5,36,0.005,3030.05,1594.4,16,189.38,0.833,unemployed,education,east,53819.99,0,0
45,76636.48,656.0,4,1027.08,4,36,0.013,4225.56,5334.58,20,211.28,0.813,salaried,auto,east,55459.12,0,0
41,119204.87,460.0,20,8057.17,2,36,0.068,3868.87,45363.02,26,148.8,0.708,self_employed,business,central,51457.29,1,0
44,26274.53,665.0,24,574.82,4,24,0.022,1158.02,7089.18,38,30.47,0.714,self_employed,personal,north,51414.07,0,0
45,75143.78,653.0,9,7556.9,7,36,0.101,2510.48,36342.41,31,80.98,0.888,salaried,business,south,54280.26,0,0
52,80777.29,530.0,18,9513.98,3,48,0.118,3197.97,42927.56,18,177.66,0.872,self_employed,auto,north,52338.84,0,0
52,37976.47,688.0,31,1437.05,5,24,0.038,1435.31,6119.99,25,57.41,0.844,salaried,personal,central,57468.24,0,0
25,46068.42,755.0,17,6032.49,5,24,0.131,1370.48,1163.39,27,50.76,0.695,self_employed,auto,east,49348.46,0,0
56,26012.98,679.0,33,29888.16,2,24,1.149,859.81,8023.7,26,33.07,0.927,salaried,education,east,39984.13,0,0
62,43243.31,679.0,14,16297.84,5,36,0.377,1364.03,25853.15,35,38.97,0.913,salaried,education,south,43608.91,0,0
62,60140.71,684.0,23,11565.49,4,12,0.192,3286.37,3314.41,30,109.55,0.72,salaried,auto,south,57865.3,0,0
59,111007.48,623.0,4,6563.36,6,12,0.059,2985.57,64666.71,33,90.47,0.725,self_employed,home,east,58680.22,0,0
36,115712.56,714.0,31,4511.96,7,60,0.039,7097.16,33458.68,21,337.96,0.94,salaried,auto,east,69316.09,0,0
53,34091.9,780.0,8,5404.04,1,36,0.159,1280.99,2044.68,27,47.44,0.744,salaried,home,west,51835.34,0,0
41,104405.4,654.0,4,13018.6,5,24,0.125,3156.86,404.12,22,143.49,0.657,contract,education,north,61099.32,0,0
29,22534.32,586.0,4,7272.94,1,36,0.323,1185.58,13099.34,23,51.55,0.891,contract,home,west,38399.23,1,1
26,41638.54,532.0,33,13020.29,4,36,0.313,1027.19,547.91,18,57.07,0.889,salaried,personal,north,44323.99,1,0
55,47296.21,693.0,6,31520.99,8,48,0.666,2592.0,27796.22,33,78.55,0.767,salaried,home,central,39200.37,0,0
59,60676.1,702.0,25,9207.72,5,36,0.152,2049.84,17221.09,24,85.41,0.607,salaried,home,east,51516.45,0,0
42,56836.25,681.0,0,8316.72,6,12,0.146,1590.91,20238.94,26,61.19,0.607,self_employed,home,central,49688.28,0,0
61,63867.4,630.0,33,4690.34,5,36,0.073,3578.69,34890.22,28,127.81,0.777,salaried,home,central,51800.16,0,0
25,49894.65,674.0,25,1971.85,1,36,0.04,2277.11,29482.14,22,103.51,0.303,salaried,auto,east,54139.1,0,0
62,83434.31,604.0,31,4218.53,6,60,0.051,3610.24,9973.86,37,97.57,0.891,salaried,auto,north,55140.18,0,0
43,73963.43,590.0,11,6607.55,1,48,0.089,2461.75,27604.52,32,76.93,0.606,salaried,personal,south,47050.75,0,0
37,47557.59,565.0,5,319.3,1,12,0.007,1982.77,20062.67,21,94.42,0.467,salaried,home,south,43744.97,0,0
32,79148.19,566.0,19,5813.02,4,24,0.073,4224.71,34092.19,25,168.99,0.57,salaried,auto,east,61089.6,0,0
43,137419.82,695.0,18,17834.26,6,36,0.13,5594.51,1950.6,35,159.84,0.888,self_employed,auto,central,70068.12,0,0
36,40015.96,627.0,15,33804.55,7,12,0.845,1885.62,2425.4,26,72.52,0.33,contract,home,central,30368.1,1,0
23,115139.7,592.0,3,17413.31,4,36,0.151,2585.09,2742.85,15,172.34,0.344,salaried,auto,north,51119.64,0,0
50,41665.81,534.0,31,1698.48,6,36,0.041,1897.43,2044.75,25,75.9,0.725,salaried,home,east,51598.04,0,0
42,102195.88,707.0,17,1515.91,3,36,0.015,3112.17,59577.11,27,115.27,0.272,contract,education,west,68786.26,0,0
29,42375.63,741.0,4,4497.67,2,24,0.106,2181.03,11775.41,25,87.24,0.844,salaried,home,west,46944.81,0,0
49,76461.92,563.0,5,2299.03,2,24,0.03,2591.96,42072.72,20,129.6,0.855,self_employed,personal,west,52860.78,0,0
57,58737.57,639.0,13,10142.95,2,60,0.173,1943.85,25782.22,37,52.54,0.725,salaried,home,south,47003.7,0,0
43,24261.2,571.0,17,795.14,6,24,0.033,924.53,214.56,23,40.2,0.875,salaried,personal,west,39142.15,0,0
33,128283.58,638.0,9,5278.34,2,60,0.041,3301.65,28267.76,25,132.07,0.566,salaried,personal,east,66695.03,1,0
52,36208.41,702.0,22,2960.99,2,24,0.082,1891.24,16356.97,39,48.49,0.678,self_employed,personal,central,54663.37,0,0
43,30597.71,788.0,17,8143.77,7,48,0.266,1438.19,8548.83,24,59.92,0.69,salaried,education,south,55890.69,0,0
37,40629.62,612.0,3,14353.83,1,24,0.353,1321.54,16271.86,31,42.63,0.824,salaried,home,central,38932.36,1,0
60,169237.99,709.0,31,23141.61,1,48,0.137,8972.8,77947.23,29,309.41,0.881,self_employed,business,north,77798.44,0,0
41,30817.22,712.0,5,29881.39,1,24,0.97,1876.66,18150.59,27,69.51,0.594,salaried,personal,north,36601.72,0,0
22,58700.86,637.0,25,3893.6,5,24,0.066,3319.21,32435.0,29,114.46,0.445,self_employed,personal,central,52624.16,0,0
57,32681.91,749.0,5,17431.97,5,36,0.533,1244.98,7178.96,27,46.11,0.683,self_employed,auto,east,49129.8,0,0
26,35303.28,622.0,34,8067.58,8,12,0.229,1168.59,17142.96,37,31.58,0.748,self_employed,personal,north,49862.16,0,0
64,26377.32,687.0,4,10606.37,3,24,0.402,558.45,6226.35,27,20.68,0.359,salaried,personal,south,39902.12,1,0
38,62431.53,601.0,13,17142.17,7,48,0.275,1973.84,24650.43,26,75.92,0.692,salaried,home,east,40991.03,1,0
50,50385.11,695.0,1,1254.53,3,24,0.025,1292.88,2808.39,29,44.58,0.762,self_employed,home,north,45958.35,0,0
42,32561.48,687.0,12,26506.6,4,60,0.814,1801.9,15458.98,31,58.13,0.639,salaried,auto,south,36250.34,0,0
53,80253.17,751.0,4,7134.66,0,12,0.089,4271.54,47741.36,34,125.63,0.602,self_employed,business,north,55875.32,0,0
50,84155.73,806.0,18,3685.3,2,48,0.044,3403.87,27988.36,25,136.15,0.816,self_employed,personal,north,68579.67,0,0
37,65071.92,728.0,19,3722.35,4,24,0.057,1673.01,36497.2,26,64.35,0.551,contract,auto,north,53459.03,0,0
63,91748.05,707.0,21,12512.73,5,48,0.136,3897.59,4827.59,30,129.92,0.582,salaried,education,west,55806.95,0,0
52,46302.23,617.0,30,10217.3,6,24,0.221,1988.15,1235.76,30,66.27,0.828,salaried,personal,north,47286.19,0,0
62,62634.32,457.0,3,11766.69,5,48,0.188,2952.08,4507.41,23,128.35,0.803,salaried,home,south,38271.62,1,0
34,46382.74,760.0,2,2625.16,4,36,0.057,1982.32,12665.66,35,56.64,0.746,salaried,home,east,54908.56,0,0
30,27493.37,808.0,24,1679.09,5,48,0.061,686.82,4767.75,26,26.42,0.573,contract,personal,north,54445.33,0,0
56,59794.02,677.0,3,11516.67,2,36,0.193,2837.77,15150.28,27,105.1,0.554,salaried,home,central,43295.34,0,0
54,58186.29,564.0,6,3190.56,7,48,0.055,3613.72,1839.56,28,129.06,0.949,salaried,business,east,46689.7,0,0
29,53445.22,767.0,6,2264.31,4,48,0.042,2524.11,15872.88,25,100.96,0.646,salaried,personal,south,52624.45,0,0
62,64102.84,744.0,24,2174.16,4,36,0.034,2304.8,7317.3,23,100.21,0.553,salaried,auto,east,66074.02,0,0
48,102268.41,477.0,14,1445.75,5,36,0.014,4780.36,10848.86,32,149.39,0.787,salaried,auto,south,53671.71,1,0
31,49415.08,662.0,6,5008.93,5,12,0.101,2180.02,1284.25,25,87.2,0.876,self_employed,personal,west,51379.05,1,0
34,35216.64,671.0,3,2721.49,1,36,0.077,873.09,1481.67,27,32.34,0.859,self_employed,auto,north,38425.97,0,0
59,48460.87,514.0,33,20187.43,1,24,0.417,2290.04,17588.49,29,78.97,0.88,self_employed,auto,east,41119.0,0,0
39,50940.93,558.0,18,10515.7,1,12,0.206,2447.12,3560.26,37,66.14,0.698,salaried,home,south,37132.13,1,0
35,84340.28,743.0,26,12258.35,5,60,0.145,2986.74,15518.61,18,165.93,0.919,contract,auto,east,61224.02,0,0
48,56840.16,656.0,4,4651.75,1,60,0.082,1896.66,14806.93,19,99.82,0.703,salaried,auto,central,47247.44,0,0
44,32315.9,569.0,12,8251.33,6,24,0.255,1342.82,6876.73,24,55.95,0.953,salaried,personal,east,38506.86,0,0
28,77843.53,593.0,13,6252.7,5,48,0.08,2091.65,2173.81,26,80.45,0.857,unemployed,home,central,56687.46,0,0
63,72425.05,548.0,29,1649.37,6,48,0.023,1786.31,1988.56,26,68.7,0.889,unemployed,education,north,55966.43,0,0
29,56851.4,656.0,9,441.33,7,60,0.008,2972.38,2860.18,26,114.32,0.633,salaried,auto,south,54045.65,0,0
53,83009.55,714.0,31,10354.41,6,24,0.125,2361.98,41828.68,20,118.1,0.492,salaried,personal,central,60300.04,0,0
53,89502.62,750.0,0,1162.5,6,60,0.013,2791.1,5058.48,24,116.3,0.523,contract,home,north,57778.71,0,0
39,45713.63,593.0,23,531.53,8,48,0.012,1678.36,14798.39,24,69.93,0.642,salaried,personal,north,46769.31,0,0
23,36131.76,620.0,28,5248.43,7,48,0.145,1835.07,6515.45,23,79.79,0.722,salaried,home,east,41737.33,0,0
30,53887.6,693.0,6,12055.6,8,24,0.224,2394.67,22705.77,20,119.73,0.84,salaried,education,south,49335.46,0,0
60,68973.34,731.0,30,13182.91,2,36,0.191,2751.99,31949.83,31,88.77,0.705,salaried,auto,south,64797.46,0,0
62,51667.81,682.0,16,18605.45,4,48,0.36,3195.23,1148.64,35,91.29,0.747,self_employed,business,south,45403.42,0,0
21,34724.8,758.0,29,1999.45,4,48,0.058,1404.8,17301.04,26,54.03,0.656,salaried,education,north,61529.13,0,0
49,58290.97,804.0,24,38180.0,2,24,0.655,2640.31,24631.75,12,220.03,0.66,self_employed,auto,south,48094.71,0,0
54,21696.9,511.0,27,12965.2,3,24,0.598,526.77,12643.72,31,16.99,0.314,self_employed,home,north,29807.84,0,0
33,46816.57,779.0,6,1539.37,4,24,0.033,1505.56,10312.51,24,62.73,0.576,salaried,personal,south,50372.23,0,0
21,79461.24,760.0,34,16533.9,3,24,0.208,2625.06,4410.65,33,79.55,0.685,salaried,personal,north,57583.44,0,0
54,81425.78,550.0,19,6219.61,2,24,0.076,2454.55,18046.12,30,81.82,0.704,salaried,auto,south,49224.27,0,0
49,15000.0,689.0,13,619.78,3,60,0.041,497.69,783.85,24,20.74,0.659,salaried,home,south,47643.59,0,0
33,49678.98,704.0,29,1274.51,0,24,0.026,2036.1,10440.7,24,84.84,0.718,salaried,personal,west,53994.27,0,0
49,70945.99,557.0,0,5120.75,4,36,0.072,4009.28,38805.55,27,148.49,0.513,self_employed,home,south,42007.85,1,0
59,31912.82,645.0,24,6804.91,3,12,0.213,1522.21,951.01,26,58.55,0.618,self_employed,personal,west,42935.72,0,0
44,45826.62,663.0,33,26521.18,5,48,0.579,2478.57,11683.79,17,145.8,0.843,self_employed,personal,east,42321.65,0,0
46,93290.4,558.0,7,2186.82,4,24,0.023,3839.79,4578.69,33,116.36,0.7,salaried,auto,east,49216.18,1,0
37,43570.1,621.0,19,5783.87,2,48,0.133,1938.76,11168.41,25,77.55,0.746,salaried,personal,central,51459.87,0,0
27,111233.71,769.0,29,2304.37,3,24,0.021,2638.38,29429.83,31,85.11,0.706,salaried,home,south,78288.3,0,0
33,38811.29,793.0,3,7356.17,2,24,0.19,1037.28,21212.03,24,43.22,0.747,unemployed,personal,south,48855.61,0,0
25,102175.39,556.0,20,21603.57,6,36,0.211,5667.19,49439.68,31,182.81,0.628,self_employed,home,east,60189.98,0,0
46,55000.83,423.0,26,7548.77,4,36,0.137,3421.02,9602.93,22,155.5,0.795,unemployed,auto,south,42487.65,1,0
23,36488.51,755.0,9,6421.44,7,24,0.176,1950.38,1840.68,38,51.33,0.824,salaried,home,north,55117.0,0,0
27,102328.79,805.0,22,12481.31,8,36,0.122,2970.77,1281.74,34,87.38,0.742,salaried,auto,south,72247.43,0,0
59,31479.33,725.0,32,1437.44,4,12,0.046,687.98,13273.01,28,24.57,0.723,salaried,auto,east,62085.08,0,0
21,37866.14,626.0,10,21243.36,5,12,0.561,851.19,6849.28,26,32.74,0.38,salaried,auto,east,31126.12,0,0
37,67539.22,558.0,18,7756.95,2,24,0.115,2162.25,39227.48,39,55.44,0.637,self_employed,personal,east,50424.97,0,0
63,56182.91,702.0,10,10434.13,8,60,0.186,3232.75,3154.79,23,140.55,0.943,salaried,auto,north,53086.25,0,0
45,61284.59,740.0,3,15381.37,3,48,0.251,1821.29,1195.32,24,75.89,0.763,self_employed,education,north,45372.0,0,0
23,45901.67,594.0,22,9071.65,4,36,0.198,2185.48,1700.7,20,109.27,0.336,salaried,personal,central,43863.2,0,0
35,31579.8,673.0,4,9225.04,8,36,0.292,839.92,1248.8,23,36.52,0.817,salaried,business,central,41701.16,0,0
49,40395.95,613.0,4,11771.39,6,24,0.291,2030.81,4620.14,34,59.73,0.818,salaried,education,east,38505.56,0,0
63,98142.88,714.0,17,482.85,2,36,0.005,2646.08,8653.7,26,101.77,0.93,salaried,home,north,66386.12,0,0
52,29683.86,475.0,16,4334.47,2,24,0.146,1093.92,16212.6,31,35.29,0.935,salaried,business,north,36094.38,0,0
46,113551.34,684.0,2,29656.16,6,12,0.261,3340.6,39396.29,20,167.03,0.745,salaried,auto,east,49574.92,0,0
36,62450.94,619.0,7,2684.88,5,60,0.043,2020.96,35079.75,30,67.37,0.786,salaried,auto,west,48065.39,0,0
45,41416.63,806.0,22,7033.0,7,24,0.17,2087.89,718.33,22,94.9,0.874,salaried,home,central,58944.97,0,0
48,22006.13,677.0,22,1736.01,2,36,0.079,973.45,4679.41,27,36.05,0.695,salaried,home,west,46570.37,0,0
29,23346.25,710.0,1,3514.4,2,12,0.151,584.44,13151.77,31,18.85,0.882,salaried,auto,north,41379.5,0,0
21,46159.23,570.0,20,11363.32,3,36,0.246,2566.58,12851.82,21,122.22,0.723,self_employed,education,central,43465.78,0,0
49,43709.91,631.0,23,9272.55,5,60,0.212,2009.79,6805.08,32,62.81,0.833,salaried,business,central,47622.02,0,0
42,57124.41,684.0,19,4814.78,5,48,0.084,1862.12,1489.81,23,80.96,0.486,salaried,auto,east,54885.79,0,0
36,117432.03,619.0,26,25036.65,3,36,0.213,4399.01,26257.26,23,191.26,0.907,salaried,home,south,58650.96,0,0
61,69003.83,629.0,6,13426.77,1,48,0.195,3973.5,3290.57,28,141.91,0.886,salaried,home,north,45410.81,1,1
64,51128.13,672.0,32,2806.84,5,24,0.055,1758.83,13212.17,29,60.65,0.728,salaried,education,north,49473.82,0,0
61,93674.38,504.0,28,5636.91,1,24,0.06,3042.29,6057.89,30,101.41,0.819,salaried,home,west,55077.04,0,0
27,57976.57,605.0,9,18936.15,3,36,0.327,1716.51,21523.39,32,53.64,0.879,contract,business,south,47748.74,1,0
34,111287.15,717.0,9,204.48,1,48,0.002,5972.24,59588.99,31,192.65,0.743,self_employed,personal,west,70064.08,0,0
49,40037.07,617.0,11,7838.98,2,48,0.196,1259.98,21998.36,34,37.06,0.707,salaried,business,north,43199.23,0,0
39,32321.7,849.0,2,2375.23,2,24,0.073,1311.98,9686.54,15,87.47,0.541,self_employed,auto,east,55352.3,0,0
39,22023.17,658.0,2,593.53,5,24,0.027,467.99,607.96,26,18.0,0.741,salaried,home,north,43404.78,0,0
22,51666.5,493.0,12,21962.27,3,60,0.425,3141.11,19031.74,32,98.16,0.679,salaried,home,west,32268.89,1,0
61,31082.84,688.0,30,15249.23,4,24,0.491,1726.65,905.49,28,61.67,0.653,salaried,home,central,45434.62,0,0
35,30885.39,560.0,26,1844.35,8,24,0.06,1483.47,1748.38,31,47.85,0.645,salaried,home,central,49385.82,0,0
23,86287.82,679.0,5,16323.09,2,24,0.189,2901.28,46063.72,34,85.33,0.701,salaried,business,west,48453.64,0,0
31,24960.61,602.0,26,1424.92,6,48,0.057,715.11,13524.23,16,44.69,0.587,contract,home,north,39620.64,0,0
50,56760.8,608.0,34,5819.14,3,48,0.103,2218.48,26904.57,29,76.5,0.579,salaried,home,central,54077.41,0,0
60,52184.73,738.0,8,11644.2,5,24,0.223,1573.48,8604.0,29,54.26,0.84,salaried,auto,north,48297.85,0,0
38,56469.67,515.0,5,6868.37,8,36,0.122,3381.12,20008.86,38,88.98,0.419,salaried,home,west,40696.1,0,0
22,100997.0,609.0,5,17121.05,3,48,0.17,5190.94,51583.76,28,185.39,0.858,self_employed,personal,south,50484.79,0,0
52,37363.1,599.0,25,8634.61,7,24,0.231,1851.88,17789.22,24,77.16,0.769,salaried,home,west,40331.61,0,0
28,101035.46,764.0,18,5089.94,5,36,0.05,4962.23,50295.24,17,291.9,0.861,contract,auto,north,74167.67,0,0
42,24536.27,620.0,15,23331.88,5,36,0.951,1293.44,7287.12,18,71.86,0.406,salaried,auto,east,37548.73,0,0
26,72608.22,570.0,22,332.73,7,36,0.005,1644.8,12643.7,20,82.24,0.95,salaried,home,east,54440.47,1,0
32,105278.87,670.0,10,6031.89,5,24,0.057,3326.43,5956.76,28,118.8,0.738,salaried,auto,central,60723.39,0,0
60,15000.0,574.0,15,9730.0,6,36,0.649,672.26,272.29,26,25.86,0.831,salaried,auto,central,41378.02,1,0
56,53320.34,586.0,28,16274.2,3,48,0.305,1596.06,1670.1,25,63.84,0.358,self_employed,home,central,46743.44,0,0
35,51404.0,709.0,19,7011.42,3,12,0.136,2355.79,1076.2,27,87.25,0.5,self_employed,personal,central,47297.41,0,0
48,55956.61,406.0,20,19506.02,3,60,0.349,3400.72,32032.51,33,103.05,0.744,self_employed,personal,north,33227.42,1,0
38,117031.81,568.0,27,5000.47,2,60,0.043,4058.06,2050.39,26,156.08,0.434,self_employed,personal,north,58369.4,0,0
22,38421.26,592.0,32,3433.04,10,24,0.089,2012.92,21500.06,31,64.93,0.9,self_employed,auto,south,46850.59,0,0
33,31792.04,781.0,25,32782.1,4,24,1.031,1236.56,18573.62,31,39.89,0.476,salaried,personal,west,44941.84,0,0
35,56140.08,688.0,9,9901.41,3,24,0.176,2846.27,4471.56,28,101.65,0.684,salaried,home,west,45610.16,0,0
40,89853.97,647.0,33,4992.66,3,12,0.056,2109.19,44100.0,21,100.44,0.965,contract,personal,west,66152.33,0,0
49,69660.29,641.0,8,18947.62,4,36,0.272,2509.66,39728.48,31,80.96,0.612,contract,personal,east,46605.45,0,0
62,55019.61,660.0,10,10341.96,6,24,0.188,2809.76,781.1,26,108.07,0.796,salaried,education,south,46895.17,0,1
49,48866.44,671.0,9,9143.38,3,12,0.187,2740.56,11890.74,28,97.88,0.826,salaried,education,north,53630.34,0,0
23,21957.88,661.0,6,11735.4,3,24,0.534,838.74,11111.31,27,31.06,0.758,salaried,home,south,36222.93,1,0
39,70519.05,815.0,15,12064.77,3,48,0.171,3088.59,7162.6,33,93.59,0.894,salaried,personal,east,61296.2,0,0
23,74414.29,613.0,25,6112.9,4,12,0.082,4545.4,25659.16,30,151.51,0.591,contract,auto,west,52421.9,0,1
34,39673.94,665.0,31,4891.81,2,36,0.123,1578.63,6348.59,22,71.76,0.696,salaried,home,central,45237.57,0,0
60,43953.0,653.0,30,21600.06,2,24,0.491,1347.48,20383.05,27,49.91,0.817,salaried,business,north,50639.31,0,0
24,33802.73,730.0,31,6188.92,6,12,0.183,733.3,12806.72,29,25.29,0.82,self_employed,auto,central,56927.03,0,0
31,80069.92,591.0,11,2188.07,4,60,0.027,4743.73,30286.48,28,169.42,0.903,salaried,business,east,58441.76,1,0
51,45952.35,619.0,26,6635.83,1,36,0.144,1061.4,25338.4,34,31.22,0.871,salaried,home,north,45521.72,0,0
63,50656.0,522.0,21,315.26,7,24,0.006,1559.03,20769.1,31,50.29,0.834,salaried,home,south,46837.36,0,0
52,71909.87,734.0,14,11563.99,3,36,0.161,4064.64,758.34,22,184.76,0.524,contract,home,central,58293.97,0,0
47,62764.09,521.0,7,1222.21,2,24,0.019,3764.07,7587.87,28,134.43,0.79,salaried,business,east,37225.68,1,0
50,69806.09,696.0,3,1066.26,4,24,0.015,3390.04,12514.83,25,135.6,0.739,salaried,home,south,50729.99,0,0
63,58610.95,793.0,7,26328.49,4,60,0.449,1852.83,2462.04,30,61.76,0.65,salaried,personal,north,41020.52,0,0
22,59201.56,814.0,22,13327.69,5,48,0.225,1894.88,13718.16,25,75.8,0.733,self_employed,business,north,61048.24,0,0
29,58949.54,624.0,15,4813.43,4,24,0.082,2469.56,14270.76,25,98.78,0.645,salaried,auto,south,54033.66,0,0
48,66423.89,621.0,33,2464.91,3,48,0.037,3969.18,2866.14,23,172.57,0.663,salaried,auto,west,59842.69,0,0
51,67892.32,644.0,21,16691.75,7,24,0.246,4092.82,14281.21,31,132.03,0.61,contract,business,central,50616.91,1,0
54,31222.1,727.0,22,31143.9,2,12,0.997,1210.63,16135.21,24,50.44,0.752,salaried,home,north,44383.28,0,0
35,41409.38,639.0,4,6389.97,8,36,0.154,1416.81,10055.63,22,64.4,0.731,contract,auto,north,42468.49,1,0
45,49438.7,627.0,6,7809.14,5,24,0.158,1827.25,29645.36,23,79.45,0.738,contract,auto,central,47430.41,0,0
56,66391.1,741.0,25,2506.16,8,12,0.038,2029.34,19621.5,30,67.64,0.865,unemployed,auto,east,60190.26,0,0
28,111172.74,654.0,27,8007.94,6,36,0.072,3113.1,59443.56,25,124.52,0.669,contract,education,west,67897.87,0,0
29,37573.32,637.0,3,4606.4,9,48,0.123,1853.45,556.46,23,80.58,0.671,salaried,home,central,41085.98,1,1
57,80450.17,576.0,31,16812.62,4,36,0.209,2547.07,1771.94,33,77.18,0.788,self_employed,home,central,52284.87,0,0
59,41939.11,737.0,8,4260.51,7,12,0.102,2324.34,1331.98,20,116.22,0.764,salaried,home,central,50637.2,0,0
52,100381.44,671.0,25,9417.06,4,24,0.094,3125.62,31986.31,27,115.76,0.687,self_employed,auto,central,65306.18,0,0
37,128098.5,649.0,10,2047.37,1,24,0.016,5605.08,73514.75,26,215.58,0.943,salaried,personal,central,67697.86,0,0
55,24671.25,492.0,19,855.45,3,12,0.035,1244.03,328.79,29,42.9,0.754,salaried,home,north,39816.07,0,0
57,46777.14,731.0,14,370.73,4,36,0.008,2246.6,6284.31,30,74.89,0.681,salaried,auto,central,53363.99,0,0
39,18814.63,554.0,34,4835.23,6,12,0.257,480.85,4953.53,33,14.57,0.684,salaried,home,north,38725.53,0,0
64,25325.67,688.0,8,1607.07,1,12,0.063,817.66,8109.85,22,37.17,0.878,salaried,auto,south,45125.63,0,0
49,26045.85,584.0,32,45296.19,8,48,1.739,560.57,10216.42,25,22.42,0.939,contract,home,central,32210.31,1,0
27,71741.86,559.0,10,14412.49,3,36,0.201,3259.25,13700.36,34,95.86,0.557,salaried,auto,west,40330.24,0,0
48,65949.37,729.0,21,10639.11,3,48,0.161,3067.14,1145.3,34,90.21,0.764,salaried,home,central,51118.43,0,0
29,77696.07,659.0,5,14635.52,3,24,0.188,3158.63,39429.44,24,131.61,0.355,salaried,education,central,46913.52,0,0
48,71222.38,653.0,20,2743.42,3,24,0.039,3365.51,2187.89,26,129.44,0.968,salaried,home,west,54616.78,0,0
26,67391.84,816.0,11,19027.34,5,36,0.282,3794.4,37759.12,31,122.4,0.937,contract,personal,south,57461.3,0,0
49,56973.17,814.0,6,48910.11,2,24,0.858,1791.07,23722.41,20,89.55,0.854,unemployed,home,central,36315.61,1,0
37,51077.73,629.0,1,3080.57,5,36,0.06,2209.65,2871.56,31,71.28,0.963,salaried,personal,north,44376.22,0,0
36,85718.07,539.0,23,37588.99,2,12,0.439,2268.68,7046.18,32,70.9,0.856,contract,auto,west,37066.06,0,0
43,54476.52,770.0,25,3476.21,4,36,0.064,1667.75,28564.88,30,55.59,0.828,salaried,home,west,65323.01,0,0
51,68619.4,536.0,24,106.13,5,48,0.002,2301.19,975.61,30,76.71,0.987,salaried,home,central,47153.31,1,0
23,18984.38,690.0,19,4118.61,3,60,0.217,958.62,2229.32,27,35.5,0.779,salaried,home,west,46177.74,0,0
41,31927.37,627.0,1,53977.35,3,36,1.691,860.68,17075.74,32,26.9,0.826,salaried,home,central,15399.0,1,0
46,84212.69,656.0,34,9074.45,4,48,0.108,4197.7,48304.07,38,110.47,0.772,contract,home,north,62609.09,0,0
56,40102.91,754.0,32,10700.95,5,36,0.267,991.96,15975.25,20,49.6,0.934,salaried,auto,east,53208.55,0,0
62,28914.23,583.0,16,2450.38,6,60,0.085,1421.24,2281.76,26,54.66,0.532,contract,home,south,43357.37,0,0
57,72300.15,598.0,21,1419.57,4,48,0.02,3864.92,237.2,31,124.67,0.917,salaried,auto,south,58964.56,0,1
42,54208.9,714.0,0,19505.44,3,36,0.36,3166.64,19912.05,37,85.58,0.861,salaried,education,north,40864.28,0,0
62,45110.82,802.0,29,4800.59,3,24,0.106,2499.91,2444.61,36,69.44,0.644,contract,education,west,59602.2,0,0
32,106841.31,850.0,5,37.04,5,24,0.0,5072.67,3611.09,28,181.17,0.241,self_employed,business,north,75801.77,0,0
62,98898.1,527.0,13,3136.4,7,48,0.032,5306.07,25027.2,32,165.81,0.292,self_employed,business,north,53899.9,0,0
33,49785.21,614.0,32,1960.41,6,60,0.039,2528.32,1938.79,36,70.23,0.606,salaried,auto,east,61386.67,0,0
31,74986.91,562.0,5,8331.9,3,60,0.111,3041.01,4299.26,28,108.61,0.949,contract,personal,west,45919.93,0,0
36,19783.1,722.0,25,12699.83,7,24,0.642,1060.77,49.82,26,40.8,0.534,salaried,home,west,51033.32,0,0
28,88611.03,655.0,23,6193.41,2,36,0.07,1865.77,19974.55,28,66.63,0.546,salaried,education,north,57602.13,0,0
60,33224.28,725.0,32,1851.04,5,48,0.056,1805.59,16189.17,32,56.42,0.746,self_employed,home,east,59787.44,0,0
60,28184.74,616.0,7,537.41,7,36,0.019,1672.4,16493.69,38,44.01,0.435,salaried,education,central,44128.8,0,0
22,24261.13,709.0,33,3385.79,2,12,0.14,1429.06,112.08,33,43.3,0.717,salaried,business,south,54111.47,0,0
50,23431.85,635.0,33,14757.37,4,24,0.63,1463.08,13390.15,30,48.77,0.519,self_employed,home,east,49743.86,0,0
50,88092.84,662.0,23,4895.0,4,36,0.056,2858.64,18953.17,23,124.29,0.961,salaried,home,central,65083.68,0,0
32,71970.75,601.0,1,2616.19,4,12,0.036,1909.65,8054.58,33,57.87,0.556,contract,education,south,47453.9,0,0
30,38382.74,766.0,7,188.48,8,24,0.005,1587.37,19103.46,27,58.79,0.58,self_employed,home,west,46759.12,0,0
64,79594.84,543.0,24,6167.72,2,24,0.077,2794.14,31257.81,27,103.49,0.309,unemployed,education,east,46682.37,0,0
31,41450.63,640.0,29,10391.56,4,24,0.251,1653.31,321.52,29,57.01,0.67,self_employed,business,east,51883.12,0,0
35,62670.26,801.0,31,1900.15,4,36,0.03,2253.15,23729.39,29,77.69,0.771,self_employed,home,south,69085.65,0,0
36,43606.48,758.0,29,6933.93,8,36,0.159,2462.04,21525.35,26,94.69,0.744,contract,home,west,58778.75,0,0
37,51329.28,578.0,6,4914.01,6,24,0.096,2229.98,17370.28,35,63.71,0.689,self_employed,auto,west,38643.4,0,0
46,36001.34,583.0,23,10954.97,5,24,0.304,1939.42,787.46,36,53.87,0.577,self_employed,auto,central,43809.55,0,0
22,38487.24,694.0,8,17733.99,3,36,0.461,1279.86,554.26,34,37.64,0.67,self_employed,home,south,40557.32,0,0
32,69206.03,705.0,15,3301.16,4,36,0.048,2579.93,31509.31,34,75.88,0.718,salaried,personal,central,56603.4,0,0
46,74395.49,751.0,1,21163.24,4,36,0.284,2437.63,18712.16,19,128.3,0.755,salaried,personal,east,44330.66,0,0
43,44965.2,530.0,34,11046.76,5,24,0.246,2756.85,22596.01,26,106.03,0.687,unemployed,auto,west,39201.64,1,0
38,27269.03,762.0,33,340.87,5,48,0.012,1074.19,12631.75,31,34.65,0.913,salaried,home,west,54366.06,0,0
52,164729.69,573.0,21,14099.26,6,48,0.086,6244.18,7518.23,29,215.32,0.611,contract,auto,west,69093.71,0,0
58,55078.43,763.0,18,6142.13,6,48,0.112,3074.87,26464.37,26,118.26,0.721,self_employed,personal,north,51216.59,0,0
23,62346.53,513.0,20,26179.54,3,24,0.42,3265.62,21338.78,26,125.6,0.696,salaried,business,south,37406.35,1,0
58,30711.78,555.0,11,3519.16,1,24,0.115,1817.56,14501.14,37,49.12,0.571,salaried,home,central,44351.05,0,0
23,93606.5,796.0,10,8051.06,1,48,0.086,4892.27,49583.18,31,157.82,0.66,salaried,business,central,60673.82,0,0
50,100263.09,801.0,18,28142.04,10,60,0.281,3538.67,1950.71,32,110.58,0.839,salaried,home,west,59651.16,0,0
21,25119.11,659.0,5,2846.71,7,24,0.113,839.2,4170.7,17,49.36,0.833,unemployed,personal,west,48988.2,0,0
50,51736.9,622.0,13,5747.14,3,36,0.111,2553.58,14801.29,41,62.28,0.815,contract,personal,north,46325.68,1,0
52,49951.28,649.0,32,12566.94,1,24,0.252,1310.48,17014.42,38,34.49,0.757,salaried,business,east,53727.89,0,0
48,158704.79,685.0,12,10572.6,5,36,0.067,3893.69,5764.28,29,134.27,0.847,self_employed,home,west,71379.03,0,0
41,103738.25,693.0,25,16420.59,4,36,0.158,5595.17,13012.09,29,192.94,0.718,salaried,auto,east,62700.59,0,0
33,28202.04,625.0,13,6601.91,3,36,0.234,1334.78,927.74,30,44.49,0.635,self_employed,personal,central,40071.03,0,0
47,39041.35,485.0,23,3456.7,2,48,0.089,1169.4,13500.07,26,44.98,0.699,self_employed,home,west,45070.27,0,0
56,36248.48,604.0,0,6893.1,3,60,0.19,1766.36,16937.04,26,67.94,0.894,self_employed,personal,west,36414.18,0,0
27,64039.44,518.0,29,3876.49,5,12,0.061,2159.92,31978.34,33,65.45,0.942,salaried,education,north,49397.93,0,0
42,109918.45,715.0,9,1746.97,7,36,0.016,3591.34,37800.79,28,128.26,0.792,salaried,auto,east,63383.4,0,0
30,56904.42,681.0,9,7286.52,3,36,0.128,1833.8,2496.14,25,73.35,0.728,salaried,home,central,52286.98,0,0
59,67881.91,641.0,27,446.31,5,24,0.007,2847.56,2461.53,23,123.81,0.846,unemployed,business,west,60679.4,0,0
35,40177.45,629.0,3,335.35,2,36,0.008,2412.91,10109.83,29,83.2,0.461,self_employed,personal,south,42151.03,0,0
35,67718.42,817.0,13,600.77,4,48,0.009,4086.88,34693.42,24,170.29,0.374,contract,home,south,63147.51,0,0
24,43810.86,747.0,11,10049.46,3,36,0.229,1910.13,11207.01,33,57.88,0.826,salaried,personal,west,46642.6,0,0
52,25891.19,667.0,9,4702.85,6,48,0.182,1476.37,11303.06,30,49.21,0.889,salaried,personal,west,46744.06,0,0
43,65768.21,604.0,26,6133.02,5,24,0.093,2754.67,874.39,29,94.99,0.944,self_employed,business,central,50842.65,1,0
26,53936.7,760.0,11,3786.11,3,36,0.07,2229.53,29964.26,27,82.58,0.874,salaried,personal,south,55665.46,0,0
44,33066.01,659.0,21,2632.88,5,24,0.08,741.47,632.41,25,29.66,0.896,salaried,personal,west,45798.08,0,0
40,113598.25,595.0,3,3992.78,3,36,0.035,5893.38,265.41,34,173.33,0.714,self_employed,personal,south,57958.59,0,0
57,38372.48,600.0,28,1934.1,4,48,0.05,1818.27,258.28,24,75.76,0.726,contract,personal,central,46571.97,0,0
40,71260.37,706.0,13,10220.04,5,36,0.143,2574.72,10905.05,31,83.06,0.784,salaried,auto,south,52557.63,0,0
32,46021.01,731.0,11,965.62,3,60,0.021,1240.6,5337.58,26,47.72,0.789,self_employed,personal,south,47717.81,0,0
53,108511.32,704.0,19,6547.8,1,48,0.06,6738.48,14156.89,28,240.66,0.903,contract,personal,east,62611.72,0,0
48,48683.01,706.0,22,5830.59,5,36,0.12,2670.91,17329.22,21,127.19,0.812,contract,home,central,53322.56,0,0
28,25499.58,624.0,21,3234.84,6,36,0.127,1197.7,7510.89,22,54.44,0.768,contract,personal,west,41308.81,0,0
21,78002.87,604.0,33,971.17,5,36,0.012,1679.1,33774.84,31,54.16,0.873,contract,personal,west,61105.21,0,0
57,108314.55,663.0,20,10937.05,4,48,0.101,6181.93,51816.95,29,213.17,0.498,salaried,personal,central,63826.27,0,0
42,44693.12,643.0,8,7586.12,4,12,0.17,2066.69,14287.4,35,59.05,0.983,self_employed,home,east,47140.64,1,0
26,73533.63,565.0,9,14921.81,3,48,0.203,2016.07,26756.93,26,77.54,0.749,salaried,personal,north,48468.05,0,0
41,57425.53,647.0,9,2417.08,5,12,0.042,3144.33,26985.28,22,142.92,0.934,salaried,personal,central,51191.03,0,0
52,45605.24,709.0,29,14113.11,6,48,0.309,2097.04,328.99,27,77.67,0.518,salaried,education,west,50697.65,0,0
55,79090.04,617.0,32,3107.11,2,36,0.039,3396.98,2148.92,42,80.88,0.795,salaried,home,east,60466.62,0,0
35,37796.95,785.0,1,1075.04,3,24,0.028,1007.85,12339.98,33,30.54,0.328,contract,home,north,47605.46,0,0
25,54974.4,544.0,31,1304.36,5,48,0.024,1728.77,20163.22,26,66.49,0.721,salaried,home,north,54129.02,0,0
26,60828.31,580.0,16,2248.37,3,48,0.037,3017.27,2035.59,27,111.75,0.826,salaried,home,central,42666.84,1,0
45,59843.63,601.0,27,10323.48,4,48,0.173,2119.81,13372.35,28,75.71,0.646,self_employed,auto,north,41794.65,0,0
60,38218.19,720.0,16,2516.97,6,24,0.066,1348.06,7137.31,30,44.94,0.67,salaried,home,central,50103.9,0,0
49,136874.86,668.0,13,8334.14,3,36,0.061,3879.64,3772.98,31,125.15,0.576,unemployed,home,north,63686.02,0,0
27,95607.87,575.0,9,2667.75,7,36,0.028,2811.75,5604.62,23,122.25,0.674,salaried,personal,north,50847.72,0,0
60,84599.67,491.0,33,4090.34,7,12,0.048,4139.32,24811.07,20,206.97,0.75,salaried,auto,central,50010.19,0,0
33,103253.85,549.0,13,19842.7,2,24,0.192,6117.11,59898.99,21,291.29,0.739,salaried,education,north,43716.17,0,0
58,55878.93,501.0,16,6244.84,4,12,0.112,1290.59,286.43,23,56.11,0.707,self_employed,auto,south,44546.24,0,0
38,45840.32,724.0,21,8252.28,0,36,0.18,1895.46,4983.18,34,55.75,0.339,contract,auto,central,52550.5,0,0
22,33187.68,560.0,17,1888.46,4,48,0.057,2013.61,12797.27,40,50.34,0.914,self_employed,auto,south,36904.03,0,0
28,39476.3,708.0,34,1268.95,1,48,0.032,1702.82,16986.04,27,63.07,0.552,contract,business,east,55774.94,0,0
31,34327.07,696.0,17,4797.34,1,48,0.14,1320.64,10149.06,35,37.73,0.902,unemployed,education,central,50686.64,0,0
53,42717.01,751.0,29,17403.15,5,24,0.407,1406.77,23569.32,30,46.89,0.809,salaried,home,central,50320.75,0,0
58,61353.9,589.0,5,2480.88,4,12,0.04,3206.96,18368.82,32,100.22,0.877,contract,auto,central,41793.33,0,0
47,81741.02,684.0,14,8748.43,5,48,0.107,4752.0,6819.34,25,190.08,0.246,self_employed,auto,east,50928.83,0,0
40,80729.48,660.0,34,18508.29,4,48,0.229,5011.44,2404.22,30,167.05,0.59,self_employed,auto,north,55885.89,0,0
32,31978.58,661.0,25,24519.05,3,48,0.767,1077.71,10186.39,38,28.36,0.844,unemployed,auto,east,39729.47,1,0
63,73873.41,648.0,26,45734.74,4,24,0.619,1930.63,19848.14,32,60.33,0.755,salaried,home,west,37709.27,0,0
51,90647.7,722.0,29,12955.63,6,36,0.143,4621.66,49897.56,25,184.87,0.65,salaried,home,east,59168.24,0,0
47,48319.68,712.0,10,701.75,7,48,0.015,2679.41,14397.01,24,111.64,0.795,salaried,home,north,55266.34,0,0
52,92872.93,650.0,23,18463.78,7,48,0.199,5312.66,39156.69,29,183.2,0.89,unemployed,home,west,54324.42,1,0
30,80347.01,611.0,13,19515.39,9,24,0.243,3696.59,25310.43,21,176.03,0.385,salaried,home,east,48499.48,0,0
23,30666.74,601.0,22,7333.42,5,60,0.239,1865.99,13535.75,29,64.34,0.953,salaried,education,central,41270.03,0,0
47,145260.11,653.0,8,628.32,5,24,0.004,3704.68,12081.47,21,176.41,0.708,salaried,business,south,76944.9,0,0
55,39259.89,669.0,17,5827.81,6,36,0.148,1321.7,2230.15,34,38.87,0.895,salaried,education,west,54379.49,0,0
51,83352.92,642.0,18,2129.48,1,48,0.026,2777.38,31242.09,25,111.1,0.622,self_employed,auto,north,57804.58,0,0
35,82006.18,540.0,4,5252.29,3,24,0.064,3071.14,1627.79,34,90.33,0.596,salaried,home,central,43267.54,0,1
36,31231.88,624.0,17,11590.31,4,24,0.371,1627.81,4850.97,34,47.88,0.923,self_employed,home,central,42708.99,0,0
33,58720.3,605.0,32,9911.41,4,60,0.169,1272.84,26299.5,27,47.14,0.838,contract,business,east,53821.46,0,0
55,81553.32,651.0,12,13626.82,5,12,0.167,1758.02,14275.14,35,50.23,0.499,salaried,home,east,44563.61,1,0
31,31083.24,850.0,8,5825.36,3,12,0.187,825.33,871.41,24,34.39,0.838,salaried,home,west,56178.3,0,0
41,56660.2,687.0,25,6434.71,1,60,0.114,1618.96,21399.99,25,64.76,0.927,salaried,education,south,53997.67,0,0
31,84685.77,757.0,0,24696.25,1,48,0.292,5254.61,43824.74,37,142.02,0.664,salaried,auto,south,55108.23,0,0
50,87182.44,592.0,11,8977.11,3,48,0.103,2753.29,43675.42,29,94.94,0.752,contract,home,central,55889.02,0,0
55,45311.55,652.0,23,12388.54,3,24,0.273,1807.7,18437.92,31,58.31,0.655,contract,auto,east,50165.02,0,0
42,108550.0,754.0,0,9829.66,2,24,0.091,2392.61,1885.42,22,108.76,0.793,salaried,home,east,58459.34,0,0
58,97488.03,516.0,3,9207.0,1,48,0.094,5810.63,11105.28,15,387.38,0.453,self_employed,auto,south,47561.43,0,0
51,60388.42,630.0,6,22032.88,9,60,0.365,1376.61,20311.98,40,34.42,0.559,salaried,home,central,42561.57,0,1
34,40274.42,703.0,27,3967.3,3,12,0.099,2353.24,21397.02,30,78.44,0.676,self_employed,personal,central,62062.89,0,0
44,32060.07,644.0,4,5022.68,3,36,0.157,935.48,8233.95,35,26.73,0.624,contract,home,north,41605.89,1,0
52,64208.8,602.0,31,4298.7,5,36,0.067,3769.36,28730.83,24,157.06,0.745,self_employed,auto,central,58096.82,0,0
56,104718.46,607.0,30,13041.07,3,48,0.125,3624.42,52629.58,26,139.4,0.752,salaried,personal,central,62474.56,1,0
52,50705.08,677.0,14,18253.24,7,36,0.36,2063.68,873.5,36,57.32,0.667,self_employed,home,central,51833.0,0,0
35,36805.89,517.0,2,3981.53,7,12,0.108,1857.1,21322.39,33,56.28,0.723,salaried,education,central,31367.29,0,0
63,78528.41,661.0,14,1382.0,7,24,0.018,4067.66,1318.59,24,169.49,0.715,salaried,home,west,52561.27,0,0
55,58602.38,712.0,17,6132.86,3,24,0.105,1303.98,21204.6,34,38.35,0.695,unemployed,auto,central,54432.4,1,0
23,68333.63,619.0,20,37403.23,4,48,0.547,1479.01,27841.94,39,37.92,0.722,salaried,business,central,40757.81,0,0
36,42771.39,517.0,9,2049.81,7,48,0.048,1464.33,14574.07,29,50.49,0.617,salaried,education,east,38707.19,0,0
25,45870.02,606.0,20,5413.34,2,48,0.118,1933.39,17453.65,31,62.37,0.736,salaried,home,north,48106.91,0,0
41,42680.69,639.0,25,2849.51,3,48,0.067,2442.37,6080.9,30,81.41,0.594,unemployed,home,east,51263.89,0,0
30,67820.93,558.0,2,23038.09,5,36,0.34,1924.29,7033.93,30,64.14,0.819,contract,auto,north,40181.75,0,0
39,46502.99,653.0,0,7204.93,2,36,0.155,1690.92,1346.43,31,54.55,0.804,salaried,auto,north,44643.84,0,0
45,70727.59,665.0,20,7780.64,5,12,0.11,2756.6,26388.6,32,86.14,0.339,contract,education,south,52660.1,0,0
24,40961.29,752.0,10,74.66,9,24,0.002,1685.74,2277.03,30,56.19,0.727,self_employed,home,east,53785.8,0,0
49,67770.05,636.0,15,9520.16,2,24,0.14,3402.19,2810.91,31,109.75,0.607,contract,auto,south,52745.99,0,0
39,74362.09,659.0,34,3292.12,5,36,0.044,4368.47,2956.56,34,128.48,0.761,self_employed,personal,east,56448.51,0,0
63,62893.26,603.0,20,6483.12,3,24,0.103,1648.54,20685.18,38,43.38,0.595,salaried,auto,west,47278.16,1,0
22,81852.13,609.0,10,6815.67,11,48,0.083,3308.88,30982.89,28,118.17,0.916,salaried,home,east,53056.51,0,0
30,43623.21,710.0,30,8073.35,4,36,0.185,2698.87,19169.85,24,112.45,0.713,self_employed,home,south,54563.77,0,0
63,73990.28,630.0,0,15611.92,4,36,0.211,3388.59,796.76,15,225.91,0.621,self_employed,home,east,42653.03,0,0
45,60174.59,720.0,31,3196.39,3,12,0.053,3381.29,2669.4,31,109.07,0.43,salaried,education,west,57709.58,0,0
40,37632.37,646.0,2,2663.38,3,36,0.071,2179.12,4141.0,36,60.53,0.865,contract,education,central,42655.07,0,0
39,22967.5,553.0,31,14298.29,2,60,0.623,546.47,4380.74,30,18.22,0.633,salaried,home,central,37318.25,1,0
43,25287.82,591.0,4,11415.6,2,24,0.451,1033.57,5482.55,37,27.93,0.952,self_employed,auto,north,36219.7,0,0
44,20055.07,850.0,11,2301.17,5,24,0.115,1221.57,372.34,24,50.9,0.899,salaried,education,central,48116.56,0,0
31,65628.03,641.0,13,7.53,1,60,0.0,1775.4,21280.77,28,63.41,0.481,salaried,education,south,55632.02,0,0
54,46810.08,513.0,8,9867.81,5,48,0.211,1342.74,1600.83,18,74.6,0.828,salaried,education,west,40668.52,0,0
48,56344.82,553.0,6,1539.0,5,36,0.027,2361.92,2791.06,34,69.47,0.664,self_employed,auto,central,44552.44,0,0
25,49952.07,589.0,15,28318.22,3,48,0.567,1317.84,17720.7,34,38.76,0.748,salaried,home,east,35918.04,1,0
25,70386.13,574.0,27,8346.33,4,12,0.119,3988.26,42086.91,37,107.79,0.847,salaried,business,south,49730.83,0,0
41,71318.47,557.0,6,17053.21,4,48,0.239,3752.49,30167.59,24,156.35,0.519,salaried,education,west,43811.99,0,0
32,55232.42,774.0,13,14741.53,6,48,0.267,3105.84,2447.69,25,124.23,0.686,salaried,education,central,51374.81,0,0
24,56757.28,706.0,31,7343.89,3,12,0.129,2140.75,33982.28,31,69.06,0.895,self_employed,personal,north,60335.26,0,0
62,57786.71,633.0,7,5191.9,7,48,0.09,2761.56,900.38,39,70.81,0.656,salaried,business,west,40471.8,0,0
40,101346.67,600.0,26,6180.88,8,36,0.061,3492.52,40040.47,27,129.35,0.639,salaried,auto,west,62831.96,0,0
58,21980.93,636.0,2,14620.45,3,36,0.665,515.79,11760.25,29,17.79,0.948,salaried,home,west,35149.3,0,0
45,40065.29,801.0,26,9206.14,6,36,0.23,2128.19,23294.19,34,62.59,0.677,salaried,business,central,57955.45,0,0
34,79966.86,576.0,29,2072.84,2,36,0.026,4903.56,22308.64,33,148.59,0.761,salaried,auto,north,56309.2,0,0
31,89192.85,516.0,33,8459.61,5,24,0.095,2920.89,24074.31,25,116.84,0.88,salaried,auto,north,57271.29,0,0
52,65659.66,707.0,25,4667.7,8,12,0.071,2154.82,4921.07,18,119.71,0.969,salaried,business,north,61586.69,0,0
31,49868.4,736.0,21,569.31,4,60,0.011,1468.09,2715.16,40,36.7,0.771,contract,personal,west,55510.65,0,0
38,125204.27,773.0,31,4320.76,6,36,0.035,4833.86,70530.28,32,151.06,0.914,unemployed,auto,south,78953.07,0,0
47,58689.45,620.0,1,2324.29,5,12,0.04,2141.47,31282.54,17,125.97,0.772,salaried,auto,central,50660.23,0,0
38,54932.13,621.0,7,16413.96,3,24,0.299,3169.76,8279.05,25,126.79,0.586,contract,home,north,36975.12,0,0
43,98647.03,821.0,6,998.38,3,24,0.01,5303.41,19235.15,22,241.06,0.97,self_employed,auto,central,71152.3,0,0
31,67103.94,701.0,18,4025.36,4,48,0.06,3860.05,38254.66,35,110.29,0.616,salaried,personal,west,63094.97,0,0
41,82695.76,643.0,32,10701.52,2,24,0.129,4891.03,31113.78,28,174.68,0.936,salaried,business,east,61619.43,0,0
64,87171.92,693.0,1,20491.55,6,48,0.235,4283.2,3371.48,29,147.7,0.759,salaried,education,east,48539.7,0,0
25,45815.96,613.0,2,3676.0,5,36,0.08,2182.63,11997.51,28,77.95,0.739,self_employed,home,north,41923.11,0,0
43,120027.88,676.0,27,8392.66,5,24,0.07,4831.83,45229.22,30,161.06,0.85,self_employed,education,north,71833.4,0,0
61,17890.87,674.0,13,4210.61,3,24,0.235,434.54,2023.52,29,14.98,0.829,salaried,personal,central,42617.74,0,0
45,22229.03,721.0,14,2040.76,5,48,0.092,876.45,12684.58,24,36.52,0.512,self_employed,business,east,49403.07,0,0
61,39890.9,566.0,20,3546.96,5,24,0.089,1433.71,22674.37,27,53.1,0.845,salaried,education,north,42716.59,0,0
30,44778.7,680.0,13,9092.99,1,36,0.203,1638.95,2315.64,24,68.29,0.859,self_employed,home,south,50429.22,0,0
42,63779.12,551.0,17,11339.79,4,48,0.178,2661.26,10745.18,32,83.16,0.729,self_employed,personal,west,46539.34,0,0
39,39725.55,809.0,19,4166.97,6,24,0.105,1700.42,2097.85,26,65.4,0.943,salaried,auto,west,57343.68,0,0
21,53886.58,614.0,0,1489.52,6,48,0.028,1607.62,22959.28,31,51.86,0.775,salaried,business,central,50308.02,0,0
27,49399.02,509.0,8,1352.78,6,24,0.027,1594.8,804.25,26,61.34,0.723,salaried,education,west,40926.2,0,0
24,133520.36,850.0,8,15071.27,6,24,0.113,3912.11,67359.97,32,122.25,0.663,self_employed,home,north,72218.01,0,0
21,37713.03,606.0,28,9532.97,1,12,0.253,1942.84,274.36,33,58.87,0.809,salaried,education,east,40829.41,1,0
35,25403.19,658.0,14,11718.6,7,36,0.461,1550.0,1107.36,21,73.81,0.88,contract,auto,south,44337.42,1,0
60,89639.39,506.0,19,6029.35,6,36,0.067,2781.59,5364.94,30,92.72,0.72,unemployed,education,east,51508.38,1,0
32,39289.77,645.0,29,5501.12,1,36,0.14,2232.42,10610.06,41,54.45,0.684,contract,home,west,50960.36,0,0
42,51987.13,792.0,25,2134.61,3,36,0.041,2664.86,19783.51,21,126.9,0.177,salaried,business,north,61620.17,0,0
42,40506.63,710.0,5,1658.98,4,24,0.041,1360.69,5895.55,31,43.89,0.828,salaried,education,east,49800.81,0,0
37,75488.02,505.0,16,1504.2,3,12,0.02,3223.73,21935.15,31,103.99,0.585,self_employed,auto,south,50565.31,1,0
49,29189.85,585.0,5,43220.14,1,36,1.481,1350.0,2416.25,26,51.92,0.976,salaried,education,north,19489.61,1,0
34,15372.93,728.0,27,15477.88,5,36,1.007,814.4,6507.67,27,30.16,0.619,salaried,auto,central,46597.28,0,0
40,97058.81,704.0,8,8854.61,2,60,0.091,4223.51,45443.16,33,127.99,0.239,salaried,business,west,61605.99,0,0
53,60558.3,609.0,26,2171.81,5,36,0.036,2916.23,21876.31,27,108.01,0.653,salaried,home,north,50298.54,0,0
63,87788.87,684.0,34,3707.77,2,60,0.042,3001.35,39490.62,25,120.05,0.743,salaried,auto,south,67690.69,0,0
35,95606.43,548.0,5,3887.93,5,36,0.041,2482.99,4016.42,34,73.03,0.775,self_employed,home,east,49958.4,1,0
32,35867.62,539.0,3,5845.16,1,24,0.163,837.05,19917.45,37,22.62,0.349,salaried,home,east,42643.61,0,0
60,55675.71,438.0,15,4933.58,5,12,0.089,1836.9,16566.91,31,59.25,0.715,salaried,education,central,41199.1,1,0
40,68011.01,729.0,22,24483.82,4,60,0.36,3309.24,22599.25,34,97.33,0.68,salaried,auto,south,53856.54,0,0
50,51599.57,641.0,22,11482.75,4,24,0.223,1266.57,12169.84,27,46.91,0.741,salaried,education,east,50933.27,0,0
58,47076.63,650.0,28,764.19,6,24,0.016,2430.08,10575.59,32,75.94,0.822,salaried,auto,north,52679.68,0,0
23,49210.24,389.0,3,4015.98,5,12,0.082,1860.24,2432.43,31,60.01,0.705,salaried,personal,west,33984.62,1,0
48,88220.47,646.0,23,1284.06,7,24,0.015,3558.65,49292.68,34,104.67,0.528,self_employed,personal,east,65587.25,0,0
46,48215.92,697.0,5,2948.47,8,60,0.061,1432.46,9626.76,42,34.11,0.847,salaried,home,central,51106.87,0,0
50,70976.44,472.0,5,28724.19,5,12,0.405,3540.8,18682.99,34,104.14,0.676,salaried,business,central,26118.15,1,0
33,63329.2,654.0,13,10995.06,1,48,0.174,3880.19,14207.47,22,176.37,0.83,self_employed,business,north,55041.82,0,0
33,35105.66,644.0,13,70.95,2,12,0.002,1318.05,1810.39,23,57.31,0.918,contract,home,south,48487.44,1,0
22,62061.82,610.0,34,3589.02,5,36,0.058,1591.78,35358.25,29,54.89,0.817,salaried,education,north,56394.3,0,0
57,27108.38,761.0,5,5197.53,1,36,0.192,584.12,1472.41,42,13.91,0.865,contract,auto,south,45384.22,0,0
58,64902.73,741.0,22,8303.08,4,48,0.128,3694.52,1795.83,32,115.45,0.945,salaried,business,east,52544.52,0,0
22,80902.72,850.0,19,6233.41,2,48,0.077,4063.05,9723.53,26,156.27,0.498,self_employed,personal,north,67282.21,0,0
56,89736.81,547.0,16,650.94,3,36,0.007,5034.2,48385.72,28,179.79,0.939,salaried,auto,east,65130.1,0,0
46,35287.69,686.0,19,6522.62,0,24,0.185,1312.51,11455.53,18,72.92,0.725,salaried,personal,south,41786.17,0,0
31,42562.58,777.0,5,1256.04,3,36,0.03,2009.84,10169.9,27,74.44,0.803,salaried,personal,east,54416.36,0,0
28,61563.8,591.0,27,6590.73,4,36,0.107,2277.48,15761.34,41,55.55,0.759,salaried,home,east,45496.44,0,0
64,43731.93,794.0,12,2542.09,2,48,0.058,1509.93,21777.75,33,45.76,0.795,self_employed,auto,central,56946.49,0,0
60,22742.83,681.0,28,1401.39,6,12,0.062,1033.21,11168.8,17,60.78,0.681,self_employed,education,west,45442.55,0,0
63,42456.55,502.0,19,3056.12,7,36,0.072,1270.98,2124.25,31,41.0,0.72,salaried,home,west,41621.04,1,0
42,61456.86,541.0,16,944.47,4,24,0.015,3147.06,3145.07,24,131.13,0.599,salaried,auto,south,44329.03,0,0
40,87586.99,601.0,34,3006.47,3,36,0.034,4137.42,5279.84,21,197.02,0.902,salaried,auto,west,59675.51,0,1
28,115860.69,643.0,22,18152.1,3,36,0.157,4376.04,53147.21,27,162.08,0.902,salaried,education,south,66795.25,0,0
49,57309.78,755.0,17,3302.74,7,24,0.058,1875.17,21451.94,44,42.62,0.773,salaried,home,west,53650.02,0,0
60,69907.1,642.0,19,5717.68,1,12,0.082,2504.28,11685.91,27,92.75,0.833,salaried,personal,east,53346.64,0,0
46,83479.2,752.0,6,6602.13,3,36,0.079,2822.42,3035.96,28,100.8,0.574,unemployed,home,north,56482.36,0,0
50,21530.98,659.0,0,1767.32,3,48,0.082,772.71,8970.62,19,40.67,0.902,salaried,auto,east,39314.84,0,0
37,34246.95,651.0,34,5247.09,4,24,0.153,736.2,12029.22,23,32.01,0.562,salaried,auto,east,53977.22,0,0
40,56735.36,625.0,2,17254.75,3,36,0.304,1986.56,12736.94,27,73.58,0.883,salaried,auto,south,39802.84,1,0
36,109116.91,733.0,34,755.59,4,48,0.007,4732.11,17656.93,27,175.26,0.894,self_employed,auto,north,71455.06,0,0
63,71925.95,661.0,28,23054.49,6,48,0.321,2944.19,5039.01,24,122.67,0.631,contract,home,south,52261.73,0,0
27,62841.11,588.0,8,18439.41,5,48,0.293,1678.88,3330.34,43,39.04,0.935,self_employed,personal,south,38190.35,0,0
36,48891.05,678.0,24,17430.83,4,36,0.357,2947.63,10971.81,26,113.37,0.8,contract,education,east,49073.15,1,0
47,65647.67,611.0,11,1991.91,5,12,0.03,1872.13,10319.12,23,81.4,0.634,salaried,education,west,47813.31,0,0
43,41423.42,606.0,6,5960.31,5,60,0.144,1860.48,12713.79,40,46.51,0.813,salaried,auto,west,39371.57,0,0
44,38142.21,751.0,6,8617.66,6,24,0.226,1384.79,13232.08,24,57.7,0.519,self_employed,auto,north,42258.6,0,0
29,39663.17,636.0,3,947.74,8,12,0.024,1939.07,9526.49,24,80.79,0.8,salaried,personal,central,41192.56,0,0
55,99033.82,831.0,30,7324.53,2,48,0.074,3861.24,2381.67,34,113.57,0.635,salaried,home,central,74484.22,0,0
40,37119.09,712.0,9,16495.66,0,48,0.444,836.74,16854.69,23,36.38,0.858,salaried,auto,east,38413.42,0,0
57,45276.81,585.0,22,24818.09,2,48,0.548,2138.96,1061.17,30,71.3,0.76,salaried,personal,east,36712.32,0,0
62,66966.99,579.0,25,2935.67,5,36,0.044,3978.05,40095.16,27,147.34,0.904,salaried,auto,north,55171.26,0,0
37,36458.02,545.0,22,3066.45,6,24,0.084,2080.43,10053.09,35,59.44,0.714,salaried,personal,central,38029.12,0,0
51,59980.44,702.0,28,2841.41,3,48,0.047,2070.06,21628.92,22,94.09,0.817,salaried,auto,north,58871.4,0,0
28,59970.73,577.0,7,1499.27,4,60,0.025,2061.83,9676.65,30,68.73,0.751,salaried,home,south,39501.38,0,0
35,40904.51,457.0,18,5070.35,7,12,0.124,1853.7,5793.31,27,68.66,0.628,unemployed,home,south,36684.44,1,0
51,48220.95,510.0,28,13811.85,6,60,0.286,1399.76,19781.34,25,55.99,0.862,salaried,home,south,42594.23,0,0
50,35432.71,556.0,5,11205.92,0,24,0.316,1664.88,20698.76,40,41.62,0.828,salaried,auto,west,34176.35,0,0
40,100936.28,679.0,28,20752.05,3,48,0.206,5472.32,55197.97,21,260.59,0.836,contract,education,north,58689.71,0,0
59,60834.8,643.0,23,3956.9,3,48,0.065,1783.28,3409.51,32,55.73,0.809,salaried,home,north,53725.48,0,0
32,33796.44,730.0,9,7642.3,8,36,0.226,2053.03,10636.09,33,62.21,0.585,salaried,auto,south,51556.7,0,0
37,57345.13,573.0,13,13092.53,5,36,0.228,2397.1,13085.36,23,104.22,0.766,salaried,home,north,46107.48,1,0
62,58525.47,622.0,5,20560.35,6,24,0.351,1750.14,27168.87,31,56.46,0.874,contract,home,central,48026.73,1,0
50,19742.76,799.0,3,18484.27,3,24,0.936,466.35,6603.44,27,17.27,0.735,contract,auto,east,37521.06,0,0
49,99032.15,621.0,14,5638.11,5,36,0.057,3245.39,48684.91,26,124.82,0.47,salaried,home,east,61844.67,0,0
39,34706.29,669.0,27,21362.65,8,12,0.616,1407.7,14763.95,32,43.99,0.752,salaried,education,north,46613.01,0,0
31,138773.25,594.0,1,5283.79,3,36,0.038,5658.23,32053.18,33,171.46,0.615,salaried,education,west,61312.21,0,0
54,77488.19,631.0,12,20981.84,5,12,0.271,2274.43,462.25,35,64.98,0.792,contract,education,central,43163.13,1,0
27,32628.02,690.0,1,13504.07,2,12,0.414,1030.83,6231.63,23,44.82,0.904,salaried,personal,central,37384.32,0,0
64,47032.17,706.0,31,2255.19,3,36,0.048,2309.09,23599.75,26,88.81,0.652,salaried,personal,west,56426.25,0,0
54,82057.72,660.0,4,23890.71,2,24,0.291,4358.71,23601.31,29,150.3,0.487,salaried,home,north,47410.34,0,0
40,48679.4,628.0,2,2499.16,2,36,0.051,1232.75,24166.97,26,47.41,0.647,self_employed,personal,north,45122.77,0,0
58,92061.01,661.0,1,21514.88,4,36,0.234,4472.32,39098.94,26,172.01,0.687,salaried,home,east,50223.92,0,0
44,45741.86,587.0,13,8593.16,2,24,0.188,2699.39,9110.87,30,89.98,0.862,salaried,personal,central,42652.99,0,0
30,52292.1,632.0,28,9906.69,4,48,0.189,1166.14,14426.59,27,43.19,0.452,self_employed,home,east,45782.3,0,0
52,83080.68,678.0,5,1042.07,4,36,0.013,3853.15,33309.51,25,154.13,0.501,self_employed,education,central,58808.96,0,0
35,71077.49,734.0,33,612.01,1,48,0.009,3206.37,37581.75,31,103.43,0.582,salaried,home,central,66916.81,0,0
57,35726.49,573.0,7,31074.6,4,48,0.87,1095.27,1531.74,35,31.29,0.76,salaried,home,south,29252.27,1,0
40,65862.42,635.0,1,3697.84,5,48,0.056,3635.5,39215.85,26,139.83,0.788,contract,personal,north,52966.62,0,0
23,58416.38,565.0,25,16742.53,6,12,0.287,1232.95,1497.48,37,33.32,0.635,salaried,personal,west,38707.03,1,0
57,35944.09,612.0,16,10971.03,5,12,0.305,2140.38,3429.0,22,97.29,0.89,self_employed,education,west,39736.51,0,0
60,28977.8,735.0,23,8340.22,3,36,0.288,1325.86,6146.9,29,45.72,0.666,salaried,business,central,45859.58,0,0
28,22717.19,604.0,30,10402.64,4,36,0.458,938.02,10939.16,26,36.08,0.807,self_employed,education,west,49709.16,0,0
60,47453.67,642.0,15,842.74,2,48,0.018,2452.04,16755.15,26,94.31,0.403,salaried,home,east,45936.97,0,0
64,52875.59,545.0,20,4785.31,1,60,0.09,3177.38,4456.69,25,127.1,0.583,self_employed,personal,central,46700.58,1,0
43,67986.21,602.0,25,8407.26,3,12,0.124,3744.51,16670.46,25,149.78,0.624,salaried,auto,south,58817.4,0,0
60,78371.48,518.0,16,18194.83,7,36,0.232,3486.8,408.85,36,96.86,0.733,contract,home,west,44151.64,0,0
31,44970.57,674.0,3,11287.53,6,36,0.251,1173.08,2639.3,26,45.12,0.805,self_employed,education,north,43891.73,0,0
28,52188.52,681.0,3,2622.89,2,48,0.05,1915.04,772.83,20,95.75,0.7,self_employed,home,central,52878.11,0,0
49,38506.22,679.0,18,37753.23,1,24,0.98,2203.0,861.44,30,73.43,0.739,salaried,education,west,43687.96,1,0
50,56345.48,684.0,24,9271.1,4,36,0.165,3172.28,23781.26,20,158.61,0.729,salaried,personal,central,55382.72,0,0
30,83769.89,679.0,7,6262.06,5,60,0.075,3210.22,2504.43,24,133.76,0.777,salaried,home,north,55054.87,0,0
59,56699.14,520.0,17,13683.73,1,60,0.241,2298.96,11501.86,23,99.95,0.946,contract,business,west,45216.73,1,1
48,91445.32,583.0,17,8307.58,0,36,0.091,4512.42,20790.62,22,205.11,0.634,self_employed,business,south,48096.95,0,0
56,83141.71,459.0,6,11140.51,2,24,0.134,3254.02,16592.6,31,104.97,0.779,salaried,home,south,39584.37,1,0
33,104397.82,611.0,16,8640.61,5,48,0.083,2564.22,10704.04,28,91.58,0.833,self_employed,personal,west,51416.46,0,0
52,57420.38,576.0,2,1773.31,3,24,0.031,2941.69,29818.12,38,77.41,0.618,salaried,auto,north,48601.76,0,0
56,42633.96,647.0,21,7054.66,7,60,0.165,2042.85,8795.16,29,70.44,0.425,salaried,home,west,51684.62,0,0
57,71650.48,850.0,14,2995.38,6,48,0.042,2085.83,36526.9,40,52.15,0.681,contract,education,south,69765.93,0,0
46,45807.07,716.0,30,7601.77,3,60,0.166,2486.54,5963.53,31,80.21,0.751,salaried,home,west,53753.21,0,0
42,70645.75,780.0,25,1206.96,3,24,0.017,3875.37,31025.94,23,168.49,0.694,salaried,home,central,76912.56,0,0
24,40204.67,720.0,13,2375.29,5,36,0.059,1251.46,5480.68,29,43.15,0.472,contract,home,east,46149.37,0,0
51,37317.49,641.0,16,14886.27,4,24,0.399,997.3,815.47,19,52.49,0.88,salaried,personal,north,41644.44,0,0
38,93657.58,649.0,8,4676.84,3,60,0.05,2717.11,38672.63,28,97.04,0.784,salaried,personal,central,64044.51,0,0
58,34349.46,723.0,6,10081.78,5,48,0.293,1421.5,1160.47,24,59.23,0.65,self_employed,home,north,38532.97,0,0
44,85820.36,671.0,26,6199.68,6,12,0.072,2929.79,1499.3,24,122.07,0.877,salaried,auto,west,65348.01,0,0
43,70524.39,626.0,27,3749.15,2,24,0.053,3448.01,3745.87,29,118.9,0.884,salaried,personal,north,60190.59,0,0
42,56524.75,771.0,11,6151.9,7,48,0.109,2405.25,16620.79,27,89.08,0.827,salaried,auto,east,53314.8,0,0
22,23116.68,688.0,16,15123.58,3,36,0.654,1128.07,11033.46,22,51.28,0.694,contract,personal,south,37207.48,0,0
51,105719.71,529.0,8,2976.57,6,12,0.028,3175.15,54977.85,36,88.2,0.787,self_employed,education,central,60834.37,0,0
31,35572.29,635.0,7,4924.97,5,24,0.138,1617.31,9994.67,27,59.9,0.827,self_employed,home,east,43954.01,1,0
48,83193.05,654.0,26,2037.4,3,48,0.024,4794.66,1773.49,22,217.94,0.76,salaried,auto,east,60859.59,0,0
52,39698.82,616.0,11,3893.52,4,24,0.098,1792.52,1353.75,19,94.34,0.704,salaried,business,north,44713.43,1,0
25,38291.24,617.0,19,19474.0,7,24,0.509,1896.74,2596.99,32,59.27,0.673,self_employed,personal,west,40919.16,0,0
58,73194.62,615.0,0,13864.35,3,48,0.189,4422.93,30492.68,31,142.68,0.929,salaried,education,south,50994.43,0,0
30,69030.88,498.0,8,4210.11,1,36,0.061,3987.88,31582.48,25,159.52,0.622,salaried,auto,north,42167.03,1,0
60,32360.9,483.0,23,1278.16,2,12,0.039,977.51,2639.84,24,40.73,0.701,salaried,auto,north,43832.25,1,0
44,103418.75,594.0,33,4902.08,1,60,0.047,5672.01,1983.9,26,218.15,0.432,salaried,personal,central,62646.66,0,0
55,49378.95,616.0,3,13294.74,4,36,0.269,3045.09,22955.36,26,117.12,0.948,self_employed,business,west,41124.34,0,0
64,55883.13,536.0,28,403.1,3,48,0.007,3000.82,11374.59,31,96.8,0.415,salaried,auto,north,56265.29,0,0
43,47397.04,563.0,22,12310.46,7,24,0.26,1241.58,1783.08,26,47.75,0.905,unemployed,home,east,38662.3,1,0
37,32983.29,628.0,34,10252.38,2,24,0.311,1539.52,12158.78,24,64.15,0.717,salaried,personal,east,46033.63,0,0
21,75421.75,738.0,15,601.5,4,12,0.008,3622.69,1285.21,29,124.92,0.505,salaried,personal,south,64200.84,0,0
51,61715.96,732.0,7,9086.52,4,48,0.147,1664.83,2864.4,29,57.41,0.782,self_employed,personal,south,52286.6,0,0
51,37711.18,735.0,26,3192.81,6,12,0.085,1657.82,1155.98,44,37.68,0.559,salaried,personal,south,59174.52,0,0
62,82856.05,564.0,11,1756.31,8,24,0.021,4913.25,7431.86,32,153.54,0.701,salaried,auto,north,46745.9,1,0
62,55529.89,631.0,3,4373.47,4,12,0.079,1840.4,4387.51,35,52.58,0.741,self_employed,home,central,47089.29,1,0
54,56070.76,755.0,24,2069.11,2,48,0.037,3054.53,30954.91,28,109.09,0.555,salaried,business,south,65960.6,0,0
29,120503.42,500.0,5,15663.91,6,48,0.13,5741.4,29118.42,26,220.82,0.666,salaried,auto,north,50560.88,1,0
42,26275.71,611.0,2,12193.18,3,24,0.464,1285.91,896.82,37,34.75,0.777,salaried,education,central,34362.51,0,1
33,26120.04,669.0,23,35553.58,3,48,1.361,870.15,10231.24,27,32.23,0.842,self_employed,education,east,35698.11,0,0
45,28905.81,505.0,20,6873.57,2,24,0.238,1513.98,1271.69,31,48.84,0.609,self_employed,personal,west,44076.26,1,0
38,63808.07,686.0,5,840.95,3,24,0.013,3022.09,16569.6,27,111.93,0.714,contract,home,central,56634.37,0,0
32,46093.65,781.0,32,4126.5,6,48,0.09,1966.84,1397.16,36,54.63,0.826,salaried,auto,north,60618.17,0,0
60,47772.44,754.0,7,16416.89,11,48,0.344,1971.68,21200.76,27,73.03,0.851,salaried,business,north,50964.23,0,0
37,35451.21,635.0,32,4550.5,3,48,0.128,1191.91,14237.84,24,49.66,0.626,contract,home,central,55084.16,0,0
35,114618.34,719.0,2,5473.88,3,12,0.048,3353.25,4335.07,24,139.72,0.69,salaried,personal,south,56046.17,0,0
62,133313.41,504.0,1,4778.81,2,12,0.036,7038.37,32659.8,31,227.04,0.622,salaried,home,north,58009.72,1,0
35,81186.73,674.0,23,2415.37,4,24,0.03,2366.22,47097.35,25,94.65,0.557,contract,personal,south,56619.58,0,0
35,27493.96,624.0,20,684.11,2,12,0.025,764.54,3492.54,26,29.41,0.799,self_employed,auto,north,40528.63,0,0
59,43516.54,637.0,17,1792.21,5,36,0.041,2449.95,3813.64,29,84.48,0.84,contract,auto,south,48551.49,0,0
33,78618.12,659.0,34,4072.2,3,36,0.052,1899.79,14609.58,23,82.6,0.737,salaried,home,west,64900.42,0,0
37,53070.52,683.0,10,2534.56,5,24,0.048,1444.76,8805.84,35,41.28,0.646,contract,education,south,44055.16,0,0
52,81307.96,527.0,10,7653.16,4,36,0.094,2002.42,46938.61,21,95.35,0.931,self_employed,home,north,45797.88,0,1
29,94989.05,567.0,2,8565.06,3,12,0.09,5771.32,2360.97,20,288.57,0.728,salaried,personal,west,53190.19,0,0
60,127802.08,628.0,22,7597.11,5,36,0.059,3220.8,67793.11,23,140.03,0.836,salaried,home,south,63537.26,0,0
40,40348.55,499.0,0,798.68,2,24,0.02,850.66,1031.69,24,35.44,0.841,salaried,auto,west,32654.23,0,0
46,56194.73,662.0,22,9892.74,6,48,0.176,2604.66,19618.95,30,86.82,0.711,salaried,business,central,47042.07,0,0
47,44429.39,721.0,21,4369.05,3,48,0.098,2246.45,18760.62,33,68.07,0.823,salaried,personal,central,58880.69,0,0
41,22018.71,768.0,29,18945.33,5,36,0.86,621.73,1014.25,31,20.06,0.775,self_employed,auto,east,44456.43,0,0
38,74288.73,658.0,1,6711.61,6,36,0.09,2627.36,23783.82,29,90.6,0.936,salaried,business,east,44279.4,0,0
33,69811.14,810.0,16,794.71,2,24,0.011,2355.54,300.03,27,87.24,0.768,salaried,auto,west,63543.96,0,0
36,42358.66,647.0,19,83.35,3,60,0.002,2160.05,3262.22,30,72.0,0.607,salaried,education,central,55367.52,0,0
29,26393.55,543.0,8,10911.44,6,48,0.413,983.28,10132.16,23,42.75,0.739,salaried,education,north,28090.9,0,0
32,45576.36,645.0,10,4605.09,2,48,0.101,1953.3,8177.68,39,50.08,0.592,salaried,business,east,45810.35,0,0
64,75282.8,633.0,16,3057.04,2,60,0.041,4003.85,7715.06,28,142.99,0.444,salaried,business,central,54698.36,1,0
58,98893.6,694.0,13,5334.49,5,48,0.054,4092.8,481.86,23,177.95,0.752,contract,auto,north,67348.59,0,0
39,39314.14,673.0,17,676.32,2,36,0.017,2007.65,19121.15,25,80.31,0.481,salaried,personal,north,51053.05,1,0
27,89184.57,667.0,17,4477.99,8,24,0.05,3963.52,34537.31,32,123.86,0.449,salaried,home,west,61146.18,0,0
55,71690.38,732.0,7,3401.08,8,24,0.047,3622.48,2769.11,29,124.91,0.646,salaried,home,south,54662.22,0,0
38,65248.3,613.0,28,14493.46,6,36,0.222,1605.94,25284.52,24,66.91,0.703,salaried,personal,south,52195.4,0,0
36,30269.67,696.0,7,1729.75,4,48,0.057,1864.38,2416.34,28,66.59,0.842,contract,auto,north,46420.16,0,0
59,30867.44,674.0,25,12706.98,4,36,0.412,754.92,6479.71,31,24.35,0.392,contract,auto,north,43434.66,0,0
24,37277.54,660.0,27,6245.57,2,36,0.168,1764.64,15013.6,34,51.9,0.717,salaried,business,west,51238.4,0,0
45,46776.0,644.0,7,768.92,5,12,0.016,1019.59,8660.94,33,30.9,0.504,salaried,home,east,54675.18,0,0
52,121824.37,542.0,19,31463.1,4,48,0.258,5162.91,5601.47,33,156.45,0.967,self_employed,business,south,41742.22,0,0
60,40214.95,628.0,7,11925.43,5,24,0.297,998.71,12900.68,26,38.41,0.654,contract,home,central,42155.38,0,0
33,76654.47,634.0,13,2711.09,6,48,0.035,1884.4,12615.9,24,78.52,0.6,contract,home,south,56260.11,0,0
37,43952.14,589.0,12,7845.15,5,24,0.178,1437.45,15066.28,23,62.5,0.645,unemployed,home,south,39331.44,1,0
57,67018.12,535.0,16,20717.47,4,48,0.309,2070.95,266.75,30,69.03,0.811,salaried,auto,central,37847.68,1,0
26,52662.48,603.0,25,24037.7,2,48,0.456,1397.35,14460.18,30,46.58,0.814,salaried,home,west,42352.71,0,0
39,58668.63,610.0,5,11822.68,3,48,0.202,2638.14,12249.9,37,71.3,0.876,salaried,auto,east,41770.98,0,0
33,63980.05,536.0,16,11706.67,8,36,0.183,3693.26,16810.62,34,108.63,0.87,contract,education,central,40217.09,1,0
46,48423.68,536.0,3,2923.61,4,36,0.06,2859.88,1813.7,25,114.4,0.727,salaried,home,north,36086.14,0,0
34,64119.82,472.0,24,41234.8,2,12,0.643,2111.68,17042.88,30,70.39,0.836,salaried,personal,central,27463.22,1,0
51,94396.77,675.0,6,2511.25,4,48,0.027,5367.14,32241.86,31,173.13,0.913,self_employed,home,central,60602.88,0,0
24,38586.13,733.0,16,842.93,3,36,0.022,2359.4,326.53,37,63.77,0.817,salaried,auto,west,55653.63,0,0
59,92377.58,651.0,21,34100.36,7,60,0.369,3126.08,18448.64,34,91.94,0.917,contract,business,north,52608.18,0,0
28,48081.78,616.0,27,1492.85,4,24,0.031,2879.28,12748.7,21,137.11,0.449,salaried,auto,west,54495.5,0,0
45,45846.47,532.0,5,6636.03,6,36,0.145,1768.97,234.42,22,80.41,0.837,salaried,auto,east,42751.61,1,0
33,74220.95,463.0,29,5684.12,1,36,0.077,2981.35,4231.44,32,93.17,0.594,self_employed,home,west,39416.37,1,0
52,46466.1,647.0,9,16967.08,5,36,0.365,1898.13,2534.55,28,67.79,0.881,salaried,auto,west,46409.81,0,0
58,62544.04,702.0,13,4547.46,2,24,0.073,3208.34,1333.98,29,110.63,0.887,salaried,home,north,51059.29,0,0
58,59969.21,579.0,21,6277.68,5,24,0.105,1900.6,2301.9,24,79.19,0.946,self_employed,business,west,42731.99,1,0
48,21214.3,740.0,25,402.51,4,36,0.019,654.42,6251.92,29,22.57,0.663,self_employed,personal,east,55089.38,0,0
50,65376.18,591.0,9,2096.9,4,48,0.032,3076.83,22641.12,22,139.86,0.965,salaried,personal,south,56724.73,1,0
23,28325.12,742.0,1,16107.62,3,48,0.569,1248.19,2564.83,27,46.23,0.752,salaried,auto,central,36077.56,0,0
48,29313.5,584.0,2,5857.02,5,24,0.2,697.47,9811.45,27,25.83,0.384,salaried,auto,south,41310.56,0,0
23,63889.4,424.0,10,2363.18,7,36,0.037,3733.58,10676.55,30,124.45,0.843,salaried,home,central,45710.67,0,0
54,68972.65,703.0,9,4142.72,4,36,0.06,2272.26,25823.3,23,98.79,0.635,self_employed,auto,north,57524.06,0,0
36,93178.5,572.0,11,3020.46,3,36,0.032,4856.8,43344.68,22,220.76,0.669,salaried,auto,south,60870.57,0,0
42,33182.72,519.0,13,7311.85,3,24,0.22,1491.04,18023.59,28,53.25,0.745,self_employed,auto,east,39956.86,1,0
52,38809.66,691.0,29,475.35,2,48,0.012,1733.87,1532.37,26,66.69,0.883,salaried,personal,central,54836.15,0,0
58,66767.03,574.0,12,2293.68,2,24,0.034,3779.93,21614.73,29,130.34,0.785,unemployed,education,west,49165.6,0,0
28,93988.23,530.0,29,3946.06,1,24,0.042,5406.09,24128.79,32,168.94,0.62,salaried,personal,east,56814.76,0,0
28,59070.01,761.0,10,23706.61,3,24,0.401,2609.34,888.42,30,86.98,0.761,contract,business,east,56854.28,1,0
26,36493.9,633.0,0,8786.23,3,24,0.241,1411.73,631.75,35,40.34,0.596,salaried,home,south,33034.06,0,0
34,106711.87,528.0,26,6315.22,3,48,0.059,4980.19,53099.62,24,207.51,0.853,salaried,home,central,52960.06,0,0
52,48143.19,611.0,8,1905.64,4,24,0.04,1243.02,21556.93,32,38.84,0.87,salaried,business,south,40098.56,0,0
55,48823.14,831.0,25,7345.02,6,48,0.15,1871.61,26553.33,31,60.37,0.95,contract,business,north,59217.76,0,0
30,28392.17,660.0,24,23806.89,5,48,0.838,1374.61,13493.14,29,47.4,0.94,salaried,personal,central,35123.62,0,0
23,75044.72,595.0,16,7518.81,2,36,0.1,3949.29,3974.89,25,157.97,0.705,salaried,education,west,53882.05,0,0
32,79512.74,693.0,5,1620.48,6,48,0.02,4046.2,6736.46,26,155.62,0.843,contract,personal,west,59859.15,0,0
51,39433.7,611.0,14,52646.55,5,12,1.335,1108.44,16323.25,33,33.59,0.878,salaried,education,west,20147.6,1,0
49,119138.64,607.0,2,6217.78,1,24,0.052,5517.83,4789.26,37,149.13,0.554,self_employed,business,north,57418.5,0,0
25,41597.37,594.0,30,3465.08,4,48,0.083,1023.17,22359.32,23,44.49,0.812,salaried,home,west,49419.08,0,0
45,71780.24,723.0,27,6299.3,2,60,0.088,3277.95,23369.47,32,102.44,0.927,salaried,education,north,65581.72,0,0
61,59912.6,667.0,8,2754.95,7,36,0.046,3110.3,21211.8,31,100.33,0.589,contract,auto,north,47429.31,1,0
51,21774.61,771.0,17,277.6,6,36,0.013,1026.48,703.35,26,39.48,0.453,contract,home,north,54472.01,0,0
41,69200.03,676.0,31,19826.39,2,24,0.287,3243.5,28649.79,27,120.13,0.943,self_employed,home,north,56455.86,0,0
40,66460.04,780.0,18,5041.32,10,36,0.076,3193.23,16562.78,24,133.05,0.975,contract,auto,west,60667.74,0,0
59,24468.16,705.0,4,12581.39,4,36,0.514,935.96,9198.01,31,30.19,0.643,salaried,home,central,34133.5,0,1
42,107624.11,628.0,5,31943.74,3,12,0.297,3968.6,3278.8,28,141.74,0.813,self_employed,auto,east,44011.13,0,0
24,66581.68,638.0,11,9011.43,6,48,0.135,2621.52,3786.13,33,79.44,0.944,salaried,auto,north,47452.6,0,0
33,94630.06,805.0,16,10587.7,4,12,0.112,2804.67,24907.78,17,164.98,0.712,unemployed,home,north,64372.35,0,1
62,25028.03,761.0,6,25820.46,2,60,1.032,994.69,2358.49,27,36.84,0.42,salaried,business,south,36965.36,0,0
40,45039.96,781.0,10,6541.35,4,60,0.145,2635.93,22386.57,29,90.89,0.619,salaried,home,east,51440.46,0,0
33,92159.05,564.0,33,3469.64,3,48,0.038,3036.38,28789.05,24,126.52,0.612,self_employed,auto,east,55720.79,0,0
37,26749.44,491.0,1,22888.65,3,36,0.856,1037.74,302.74,19,54.62,0.782,self_employed,auto,south,24245.37,1,0
56,45638.2,578.0,13,643.41,1,24,0.014,2179.22,25469.55,40,54.48,0.701,unemployed,business,north,43154.23,1,0
53,65050.93,664.0,17,2174.15,0,24,0.033,3434.69,5904.59,40,85.87,0.382,salaried,personal,north,52431.32,0,0
21,23096.56,595.0,8,3756.9,5,12,0.163,489.92,1377.51,35,14.0,0.643,self_employed,education,south,41295.46,0,0
35,29892.85,652.0,3,13713.95,9,48,0.459,1449.9,523.65,30,48.33,0.578,salaried,business,south,38327.19,0,0
33,100905.32,612.0,13,21081.43,5,60,0.209,2705.1,40345.23,32,84.53,0.471,salaried,auto,east,50278.97,0,0
37,55653.91,500.0,10,5409.82,3,24,0.097,2884.52,4726.21,24,120.19,0.666,self_employed,home,north,38523.3,0,0
44,91997.35,686.0,29,3033.46,4,60,0.033,2437.71,53468.02,23,105.99,0.734,self_employed,education,south,65871.76,0,0
28,58802.7,653.0,26,3921.61,7,36,0.067,3062.88,19424.71,18,170.16,0.919,self_employed,auto,east,55279.76,0,0
47,163595.7,763.0,28,9618.35,4,12,0.059,9854.91,5770.89,26,379.04,0.617,salaried,home,south,80770.7,0,0
43,66001.29,664.0,31,1547.85,1,48,0.023,1989.78,37701.28,28,71.06,0.806,salaried,auto,east,67108.5,0,0
28,95932.54,717.0,29,7135.33,6,48,0.074,2033.49,27941.92,22,92.43,0.843,salaried,personal,south,65651.38,0,0
28,48497.19,580.0,25,7990.28,10,24,0.165,1234.49,20550.1,35,35.27,0.534,contract,home,west,51656.19,1,0
46,59565.29,679.0,29,11074.57,5,60,0.186,3522.59,243.7,34,103.61,0.563,salaried,auto,west,51717.89,0,0
33,72318.98,719.0,9,8334.75,2,36,0.115,2924.02,2993.8,30,97.47,0.72,contract,home,east,57037.76,0,0
59,77925.84,697.0,11,917.85,2,12,0.012,3369.2,35139.93,31,108.68,0.543,salaried,auto,west,57872.23,0,0
57,53234.08,631.0,32,10505.84,5,24,0.197,1448.6,30009.16,23,62.98,0.604,self_employed,personal,west,56050.1,0,0
48,54243.31,680.0,33,197.89,2,48,0.004,3361.02,2383.91,27,124.48,0.569,self_employed,home,west,62105.5,0,0
45,67904.93,703.0,17,4453.22,3,24,0.066,1931.02,7444.17,35,55.17,0.718,self_employed,home,central,49759.4,0,0
36,67884.87,752.0,15,4857.08,2,12,0.072,3117.76,33939.81,35,89.08,0.65,salaried,auto,south,59289.41,0,0
22,34157.03,602.0,3,1116.11,8,36,0.033,1522.01,12407.43,26,58.54,0.886,contract,education,central,44191.54,0,0
38,59947.98,555.0,9,89.15,6,24,0.001,1412.29,3472.89,23,61.4,0.957,salaried,home,west,45363.75,0,1
37,62589.22,579.0,27,664.39,3,36,0.011,3902.54,15282.55,24,162.61,0.808,salaried,auto,central,54459.58,0,1
50,34914.48,662.0,17,5320.19,5,24,0.152,1527.59,16381.49,27,56.58,0.748,salaried,education,west,49029.41,0,0
59,81443.68,650.0,8,2474.13,2,48,0.03,2224.67,11376.03,26,85.56,0.623,salaried,home,west,61122.33,0,0
33,65233.93,703.0,21,643.27,5,36,0.01,3410.66,3245.29,19,179.51,0.737,self_employed,auto,east,56614.15,0,0
52,154630.27,721.0,9,2666.33,7,60,0.017,5749.88,54622.39,25,230.0,0.484,salaried,business,east,80030.62,0,0
49,53545.87,490.0,22,6772.68,1,24,0.126,2610.59,15066.6,23,113.5,0.965,contract,personal,south,37326.37,1,0
50,90332.27,609.0,12,12198.01,3,12,0.135,2722.89,192.93,29,93.89,0.754,unemployed,auto,west,50479.3,0,0
38,69051.41,668.0,23,4779.28,5,36,0.069,4092.06,11776.89,28,146.15,0.765,salaried,personal,south,54433.63,0,0
33,128623.88,745.0,12,8547.44,7,48,0.066,2899.07,63658.88,25,115.96,0.428,self_employed,home,south,71596.75,0,0
63,35014.19,645.0,24,8174.11,3,24,0.233,758.99,2869.87,35,21.69,0.535,self_employed,home,central,50304.76,0,0
41,43352.03,766.0,28,20397.54,3,48,0.47,2465.34,13663.23,25,98.61,0.678,salaried,personal,west,50915.4,0,0
50,35558.4,697.0,15,1779.41,4,24,0.05,1547.08,1351.05,28,55.25,0.842,salaried,education,west,48965.72,0,0
41,52309.7,682.0,5,5823.77,4,12,0.111,1834.11,891.98,25,73.36,0.902,contract,education,central,55711.37,0,0
37,32658.94,641.0,7,8992.89,3,12,0.275,872.46,3782.0,28,31.16,0.534,salaried,home,central,40499.24,0,0
60,27262.36,648.0,33,6600.52,3,36,0.242,635.91,7137.76,23,27.65,0.54,contract,auto,north,51123.73,0,0
39,20742.9,678.0,17,5386.12,4,60,0.26,687.54,757.9,33,20.83,0.903,self_employed,auto,north,43832.53,0,0
35,20153.61,633.0,31,32661.58,1,36,1.621,1100.94,5532.11,30,36.7,0.623,salaried,home,south,31795.42,1,0
29,72793.09,745.0,9,25627.96,3,36,0.352,2100.37,36110.64,26,80.78,0.724,contract,home,north,48978.95,0,0
30,44136.96,725.0,33,8508.13,3,48,0.193,2720.82,523.11,30,90.69,0.793,salaried,home,north,63396.33,0,0
64,31095.29,752.0,22,5211.55,7,60,0.168,1673.45,11793.48,32,52.3,0.838,self_employed,personal,west,49480.85,0,0
51,40272.1,562.0,18,12672.52,2,24,0.315,858.81,20870.35,37,23.21,0.864,unemployed,auto,central,42151.09,1,0
43,42720.91,559.0,19,6474.21,3,12,0.152,1868.46,15731.44,37,50.5,0.883,salaried,personal,north,39145.72,0,0
50,35099.07,691.0,33,48773.43,4,36,1.39,1310.16,9859.46,33,39.7,0.713,salaried,auto,west,31927.04,1,0
53,111580.07,643.0,16,10423.46,1,36,0.093,4388.92,4990.7,22,199.5,0.579,contract,personal,south,58333.1,1,0
29,102495.38,672.0,4,635.35,6,24,0.006,4029.57,7523.74,24,167.9,0.775,salaried,personal,north,61878.45,0,0
21,110726.72,555.0,1,4626.14,4,48,0.042,6233.68,64219.44,32,194.8,0.631,salaried,education,west,55786.32,0,0
64,58726.03,526.0,33,11792.83,4,36,0.201,2901.14,12701.99,30,96.7,0.938,unemployed,home,west,50389.89,0,0
55,61464.13,670.0,19,16627.5,6,24,0.271,2024.97,8375.62,33,61.36,0.848,salaried,auto,west,48905.29,0,0
31,40389.44,585.0,1,15107.62,1,24,0.374,1709.19,23274.18,25,68.37,0.816,unemployed,personal,east,39411.62,1,0
54,37005.36,711.0,27,34043.86,2,48,0.92,1521.82,84.94,30,50.73,0.823,salaried,education,west,36233.14,0,0
36,54708.62,598.0,17,6044.59,4,12,0.11,1794.22,2609.05,26,69.01,0.922,self_employed,education,north,45683.84,0,0
29,72661.01,575.0,34,1358.11,3,48,0.019,3392.33,19126.05,29,116.98,0.841,salaried,home,central,54102.07,0,0
52,92790.14,457.0,14,9506.27,12,60,0.102,4375.3,45496.4,32,136.73,0.664,salaried,personal,central,46847.16,1,0
35,42374.62,756.0,2,660.39,4,24,0.016,1072.31,2196.23,29,36.98,0.752,contract,home,south,55661.43,0,0
32,30830.81,709.0,18,32683.41,3,24,1.06,756.85,6249.67,35,21.62,0.694,contract,home,north,37421.96,0,0
53,75379.7,523.0,22,12789.2,2,24,0.17,1663.58,40387.94,27,61.61,0.835,salaried,home,east,42883.87,1,0
34,23904.82,480.0,18,36230.93,1,12,1.516,1087.98,14203.52,33,32.97,0.627,salaried,education,west,18491.9,1,0
28,53228.82,599.0,17,4262.53,5,36,0.08,3317.69,30362.06,23,144.25,0.662,salaried,education,central,45232.97,0,0
28,56397.89,731.0,29,143.31,6,24,0.003,3310.26,18413.14,25,132.41,0.787,salaried,home,north,63602.62,0,0
47,45685.92,605.0,18,6629.94,7,48,0.145,1829.3,6216.46,28,65.33,0.829,salaried,home,south,47810.22,0,0
32,27028.3,632.0,4,1162.61,3,36,0.043,922.21,13200.93,42,21.96,0.707,salaried,home,east,44784.51,0,0
21,45957.62,734.0,12,10244.44,2,60,0.223,2361.57,26018.04,25,94.46,0.595,self_employed,auto,north,53769.55,0,0
63,113453.02,566.0,33,6194.36,4,60,0.055,3948.6,65541.65,23,171.68,0.866,salaried,auto,west,68737.02,0,0
60,70705.22,592.0,23,12601.6,0,48,0.178,1575.34,37186.44,26,60.59,0.779,contract,home,east,51982.89,0,0
62,91379.05,669.0,17,3095.97,3,36,0.034,3873.52,13211.09,23,168.41,0.78,contract,home,north,58299.72,0,0
31,31327.74,626.0,3,15903.54,8,36,0.508,1071.29,12357.48,27,39.68,0.606,contract,education,east,36746.21,0,0
59,60783.19,575.0,7,9469.52,6,60,0.156,1378.36,33742.06,27,51.05,0.802,salaried,personal,east,37793.47,0,0
63,56373.43,710.0,0,39590.52,6,48,0.702,2958.93,1705.78,24,123.29,0.664,self_employed,home,central,36709.62,1,0
51,56866.83,694.0,12,1770.23,3,36,0.031,2542.75,28067.91,35,72.65,0.875,salaried,home,central,54332.87,0,0
37,69572.92,721.0,21,472.76,5,48,0.007,2461.1,561.13,35,70.32,0.661,salaried,home,south,54569.31,0,0
53,57889.72,637.0,28,17137.3,5,24,0.296,2211.37,27069.86,24,92.14,0.899,salaried,home,east,47656.72,0,0
52,31721.29,500.0,8,3718.54,4,60,0.117,764.27,182.65,21,36.39,0.734,salaried,personal,south,36546.13,1,0
49,71393.66,651.0,26,5078.77,5,24,0.071,1855.0,24276.62,27,68.7,0.726,salaried,education,east,60100.3,0,0
41,79094.45,550.0,3,23392.96,2,48,0.296,3028.9,21229.78,32,94.65,0.638,salaried,home,east,34516.69,1,0
41,98102.25,478.0,16,5229.57,0,36,0.053,2662.19,12397.3,31,85.88,0.825,self_employed,home,west,59147.57,1,0
60,100071.86,627.0,2,3184.64,3,36,0.032,2876.94,27368.93,24,119.87,0.93,contract,education,central,54506.83,0,1
43,67130.57,659.0,3,552.05,2,36,0.008,2429.9,29365.99,28,86.78,0.908,contract,home,north,51581.01,0,0
26,32393.83,786.0,15,5265.67,2,36,0.163,1382.13,14954.9,24,57.59,0.806,contract,personal,north,49307.26,0,0
42,27221.91,548.0,10,9576.63,0,36,0.352,1199.5,15098.11,32,37.48,0.711,salaried,home,north,31541.08,0,0
58,48913.46,708.0,26,2822.23,4,36,0.058,2016.72,20763.82,25,80.67,0.731,unemployed,personal,central,55633.88,0,0
57,81941.59,514.0,25,11385.6,6,24,0.139,1956.19,4899.04,36,54.34,0.909,salaried,education,central,42757.59,1,0
28,79599.71,758.0,30,5855.34,5,24,0.074,1923.13,1480.65,26,73.97,0.564,salaried,auto,central,68738.23,0,0
61,61285.57,590.0,33,17574.16,3,36,0.287,1802.0,6722.68,30,60.07,0.877,salaried,home,east,40914.65,1,0
55,53292.36,622.0,7,1587.82,4,24,0.03,3055.46,4075.47,34,89.87,0.625,self_employed,home,south,45118.7,0,0
31,127603.22,623.0,0,12735.2,0,60,0.1,3251.49,45817.48,21,154.83,0.965,salaried,home,north,59615.96,1,0
44,70144.62,715.0,1,24267.66,2,48,0.346,3571.95,15494.9,25,142.88,0.557,self_employed,personal,south,45703.9,0,0
41,52089.94,527.0,26,12172.18,5,36,0.234,2863.61,718.32,26,110.14,0.96,contract,auto,west,45654.9,0,0
22,40520.02,635.0,2,4686.93,6,36,0.116,1021.38,5814.33,29,35.22,0.612,salaried,auto,central,40888.75,0,0
60,34410.86,595.0,33,2357.61,4,24,0.069,1572.43,7612.79,37,42.5,0.798,salaried,business,south,48043.31,0,0
39,32919.52,837.0,15,931.93,3,24,0.028,1740.74,1375.99,31,56.15,0.733,salaried,personal,east,52678.48,0,0
59,34412.6,558.0,0,9254.3,5,36,0.269,1868.59,12693.22,29,64.43,0.684,unemployed,auto,south,34601.64,1,0
48,61477.62,431.0,6,1387.33,3,60,0.023,1355.07,29490.81,41,33.05,0.873,contract,home,south,33498.91,1,0
37,53737.62,794.0,34,16398.34,4,24,0.305,2317.88,10987.0,32,72.43,0.889,unemployed,home,north,59410.12,0,0
26,46785.96,692.0,21,29137.33,3,36,0.623,1338.02,2031.69,29,46.14,0.954,self_employed,personal,central,33183.43,0,0
39,75464.31,583.0,31,1313.45,4,60,0.017,4368.46,3958.5,37,118.07,0.696,salaried,business,west,55419.05,1,0
58,122287.33,647.0,25,4245.21,2,60,0.035,4916.16,61909.42,24,204.84,0.759,contract,home,north,67713.61,0,0
48,37402.54,582.0,5,24920.54,3,36,0.666,1427.11,15044.63,36,39.64,0.808,contract,home,east,30726.41,0,0
22,39997.46,484.0,10,5725.88,3,12,0.143,1177.93,2050.67,19,62.0,0.728,salaried,personal,south,31211.43,1,0
58,19976.79,636.0,30,6899.52,9,24,0.345,579.51,142.24,28,20.7,0.61,salaried,education,south,47529.58,0,0
57,53538.22,635.0,20,12387.67,3,48,0.231,3326.61,15888.24,36,92.41,0.753,self_employed,auto,west,45808.15,0,0
24,51152.71,679.0,21,2127.58,6,12,0.042,1209.83,9350.43,24,50.41,0.912,salaried,auto,west,56300.35,0,0
42,80963.65,567.0,0,34833.21,6,36,0.43,1828.65,24587.5,30,60.96,0.859,salaried,business,central,33159.55,0,0
46,52100.73,584.0,20,13663.37,6,36,0.262,1662.69,4868.23,27,61.58,0.764,self_employed,home,west,42579.51,0,0
63,41579.01,618.0,19,1583.91,2,24,0.038,1501.22,3499.66,27,55.6,0.268,salaried,home,west,45675.35,0,0
56,59083.59,567.0,8,1059.63,4,12,0.018,2186.65,4955.05,39,56.07,0.841,salaried,home,north,47270.25,0,0
33,69611.2,747.0,26,24593.98,9,36,0.353,2006.41,5097.51,18,111.47,0.843,self_employed,auto,central,47191.27,0,0
52,26160.92,722.0,28,10397.44,3,24,0.397,1568.68,7921.55,30,52.29,0.705,salaried,home,west,48884.99,0,0
37,85229.33,606.0,32,353.98,6,36,0.004,4979.25,760.99,31,160.62,0.974,self_employed,home,east,61010.69,0,0
61,97522.29,695.0,0,1378.23,5,36,0.014,4052.3,49423.56,28,144.72,0.892,salaried,home,north,60574.02,0,0
56,69310.72,545.0,2,441.1,2,36,0.006,3620.4,12916.94,20,181.02,0.665,salaried,home,west,44991.21,0,0
39,35576.84,611.0,31,32875.26,5,36,0.924,1074.37,20480.4,31,34.66,0.593,self_employed,education,west,30511.88,0,0
55,46783.6,774.0,19,6199.72,3,60,0.133,2640.96,16327.03,30,88.03,0.843,contract,business,west,61171.22,0,0
60,92253.32,705.0,16,5581.55,7,48,0.061,3505.36,35733.07,41,85.5,0.769,self_employed,education,central,67659.06,0,0
48,34884.6,675.0,9,28066.95,4,48,0.805,920.86,13295.73,23,40.04,0.542,salaried,personal,south,30342.15,1,0
21,71889.8,620.0,28,6322.16,6,24,0.088,3873.36,15335.58,31,124.95,0.645,salaried,auto,east,54998.66,0,0
62,52952.61,646.0,31,6563.72,4,60,0.124,2163.87,27768.27,35,61.82,0.582,self_employed,auto,south,58829.32,0,0
38,58225.98,525.0,12,37271.32,6,36,0.64,2685.8,34684.77,38,70.68,0.737,self_employed,business,east,28282.57,1,0
60,37194.0,623.0,30,1063.3,8,60,0.029,2195.43,4231.23,23,95.45,0.92,self_employed,home,central,44193.31,0,0
53,62868.4,682.0,3,38262.02,4,48,0.609,2808.99,19201.31,26,108.04,0.744,self_employed,home,east,35945.85,0,0
32,60875.38,648.0,17,1630.22,6,48,0.027,1943.4,18988.36,20,97.17,0.636,self_employed,home,west,55935.11,0,0
28,27468.32,648.0,10,5763.48,4,48,0.21,964.73,1301.43,29,33.27,0.259,salaried,education,south,43968.83,0,0
44,54068.13,594.0,17,3707.16,2,24,0.069,3055.83,1457.99,40,76.4,0.842,salaried,auto,east,41169.22,0,0
36,71414.32,573.0,32,27994.48,2,60,0.392,3906.77,2948.35,26,150.26,0.529,self_employed,home,east,44766.49,0,0
24,45552.58,565.0,2,5981.1,8,36,0.131,2352.83,10387.09,25,94.11,0.847,salaried,education,east,38360.19,1,0
58,18007.1,629.0,0,209.55,6,60,0.012,471.9,1007.31,23,20.52,0.599,salaried,auto,central,39581.89,0,1
64,51448.29,712.0,18,2255.69,8,48,0.044,1488.43,1474.68,22,67.66,0.922,contract,personal,south,55550.09,0,0
47,104810.64,577.0,5,5071.9,4,48,0.048,5253.59,47974.27,22,238.8,0.926,unemployed,auto,south,58467.04,0,0
29,46396.94,653.0,9,10153.96,4,12,0.219,1504.16,18351.24,32,47.0,0.759,contract,home,central,48807.15,0,0
36,103042.11,651.0,11,7427.83,0,36,0.072,5200.81,33513.41,34,152.96,0.516,salaried,business,west,63553.28,0,1
32,37587.96,729.0,16,17068.64,2,24,0.454,1869.14,20667.19,34,54.97,0.614,salaried,home,east,47028.62,0,0
51,32130.57,651.0,26,15865.06,2,48,0.494,1457.43,9621.28,28,52.05,0.708,self_employed,personal,central,38700.95,0,0
44,54052.11,524.0,1,8035.57,4,48,0.149,3351.96,12445.16,30,111.73,0.941,salaried,personal,south,39721.73,1,0
34,37415.48,831.0,24,7623.29,3,36,0.204,2142.7,9346.82,27,79.36,0.836,self_employed,education,west,60423.65,0,0
45,62845.59,733.0,27,2933.62,3,60,0.047,1625.19,27637.08,22,73.87,0.953,salaried,education,south,60139.09,0,0
54,45813.91,691.0,16,28510.62,5,24,0.622,2354.29,9657.36,28,84.08,0.447,contract,home,south,37317.12,0,0
23,105162.57,601.0,4,719.68,2,12,0.007,5909.25,41152.09,34,173.8,0.909,salaried,auto,east,54424.63,1,0
44,44411.32,623.0,18,4552.99,6,24,0.103,2538.71,10825.57,37,68.61,0.644,salaried,business,central,42978.77,0,0
62,56408.87,529.0,3,9731.44,3,24,0.173,2383.95,19964.56,28,85.14,0.779,self_employed,business,north,43551.8,1,0
29,70852.18,622.0,29,26212.97,3,24,0.37,4007.94,10855.05,24,167.0,0.657,salaried,home,south,46387.91,0,0
46,83311.53,665.0,31,6265.9,3,36,0.075,4701.41,11270.93,28,167.91,0.518,salaried,education,east,57891.33,0,0
40,105433.87,648.0,26,20363.3,2,36,0.193,4630.02,35154.57,24,192.92,0.949,salaried,home,central,60486.16,1,0
60,48742.74,799.0,31,996.37,6,60,0.02,2114.6,855.59,31,68.21,0.938,self_employed,home,north,60910.92,0,1
30,45265.99,707.0,10,6825.59,4,36,0.151,2103.49,3481.48,33,63.74,0.812,salaried,auto,west,46427.12,0,0
39,22896.46,733.0,12,3418.84,3,24,0.149,627.03,3964.65,27,23.22,0.428,self_employed,personal,west,45975.47,0,0
23,135777.14,696.0,34,14293.35,4,48,0.105,7008.95,33826.83,26,269.58,0.891,self_employed,personal,south,78217.06,0,0
44,63731.48,664.0,16,5299.0,4,24,0.083,3692.17,13058.78,27,136.75,0.87,contract,business,south,48332.63,0,0
25,75986.7,689.0,29,5803.54,8,12,0.076,3356.04,28314.01,34,98.71,0.694,salaried,personal,east,59829.39,0,1
23,69569.25,481.0,17,602.78,2,36,0.009,3585.27,1581.88,35,102.44,0.97,salaried,auto,north,48761.68,0,0
47,55397.55,628.0,29,5186.44,4,24,0.094,2359.71,7266.23,30,78.66,0.687,salaried,personal,south,45035.25,0,0
36,63427.87,531.0,25,758.54,3,12,0.012,2806.49,34756.32,19,147.71,0.805,contract,auto,south,51990.01,0,0
35,42114.69,550.0,15,3204.45,3,36,0.076,1890.03,14970.24,31,60.97,0.414,salaried,auto,west,51594.68,0,0
55,47290.07,751.0,10,1221.16,5,12,0.026,1488.91,7207.39,21,70.9,0.659,contract,home,north,52029.9,0,0
32,35327.16,558.0,3,3664.69,2,12,0.104,1862.51,749.96,20,93.13,0.52,salaried,education,east,38138.38,0,0
61,109180.72,537.0,14,2321.81,5,36,0.021,4170.94,38263.21,18,231.72,0.703,self_employed,education,north,51591.35,0,0
64,69749.56,683.0,11,3021.52,1,36,0.043,1627.31,6616.79,28,58.12,0.836,salaried,auto,south,59362.66,0,0
46,131831.21,644.0,26,1445.6,2,48,0.011,5409.0,3201.44,29,186.52,0.915,self_employed,auto,south,73898.82,0,0
54,152264.2,688.0,3,5212.06,7,24,0.034,3960.83,1950.18,33,120.03,0.818,salaried,auto,south,70316.16,0,0
43,28799.97,799.0,34,6194.81,2,36,0.215,1559.07,6665.07,33,47.24,0.88,salaried,auto,north,55357.86,0,0
51,84402.54,699.0,20,16306.61,5,12,0.193,2361.4,2301.86,33,71.56,0.819,salaried,home,south,53610.63,0,0
40,29404.89,518.0,1,6965.81,6,36,0.237,1718.96,9966.73,39,44.08,0.927,salaried,auto,central,37710.04,1,0
32,58679.04,729.0,27,2337.77,3,24,0.04,3394.33,1946.21,29,117.05,0.865,self_employed,auto,central,62254.62,0,0
43,62419.2,631.0,33,11982.7,6,36,0.192,3610.87,26334.34,36,100.3,0.815,salaried,education,south,53025.8,0,1
24,30356.78,664.0,32,3174.74,2,36,0.105,1033.31,16661.99,25,41.33,0.56,contract,personal,west,47666.33,0,0
43,38875.39,509.0,7,12709.92,2,24,0.327,1323.31,7587.16,28,47.26,0.594,salaried,auto,north,31936.64,1,0
21,63713.91,693.0,7,4406.92,6,12,0.069,2288.95,5111.28,32,71.53,0.909,salaried,home,east,54724.97,0,0
45,58649.56,539.0,21,6487.9,6,12,0.111,3374.24,31857.55,30,112.47,0.817,salaried,personal,north,45970.43,1,0
22,34259.97,695.0,26,6306.18,5,60,0.184,1258.22,9162.76,32,39.32,0.761,contract,home,north,51811.74,0,0
50,39572.35,589.0,27,28037.91,3,48,0.709,1757.85,16579.91,25,70.31,0.866,salaried,education,south,37447.8,0,0
23,27690.7,711.0,10,1501.56,6,60,0.054,1697.34,10412.29,30,56.58,0.536,salaried,education,central,43750.87,0,0
41,31529.67,540.0,26,25106.6,7,36,0.796,1574.13,16269.61,22,71.55,0.742,self_employed,home,east,28177.77,0,0
45,45837.64,517.0,0,7429.59,5,48,0.162,2476.39,1387.53,30,82.55,0.709,salaried,education,north,30693.64,1,0
40,84487.08,604.0,27,45588.55,2,48,0.54,3376.31,36092.7,32,105.51,0.588,contract,home,east,50228.93,0,0
42,89447.3,673.0,26,7661.66,3,24,0.086,4686.4,4222.36,41,114.3,0.952,salaried,business,east,65729.9,0,0
41,123629.75,553.0,7,9613.87,2,48,0.078,6689.71,3181.86,24,278.74,0.446,self_employed,education,west,47852.14,0,0
53,65572.97,667.0,23,12461.33,6,36,0.19,3232.56,30895.27,31,104.28,0.312,self_employed,home,central,56294.2,0,0
58,58966.65,724.0,23,15523.09,5,24,0.263,3683.71,27501.3,28,131.56,0.554,self_employed,auto,west,56699.05,0,0
35,67698.27,537.0,21,5843.27,5,12,0.086,1632.9,7345.36,26,62.8,0.661,salaried,auto,central,53305.73,1,0
35,67406.73,667.0,9,10215.45,3,24,0.152,3741.66,25482.11,26,143.91,0.248,salaried,business,south,53823.9,0,0
45,26175.23,696.0,3,8587.87,3,36,0.328,781.89,5602.28,28,27.92,0.811,salaried,business,south,35832.31,0,0
41,126752.67,634.0,7,4704.37,3,36,0.037,5953.24,16965.88,24,248.05,0.559,contract,auto,south,60571.66,0,0
44,22721.74,643.0,14,15473.16,9,36,0.681,1247.0,12818.3,18,69.28,0.782,salaried,home,east,36925.86,0,0
25,90848.0,530.0,7,1923.74,4,36,0.021,4351.51,5102.94,35,124.33,0.892,self_employed,home,east,46651.25,0,0
26,55568.63,687.0,28,1645.91,3,12,0.03,1791.19,22871.36,28,63.97,0.471,contract,home,central,59715.1,0,0
63,33180.79,655.0,34,12001.21,4,12,0.362,1115.38,19801.53,32,34.86,0.774,salaried,home,north,46982.59,0,0
64,68810.97,663.0,13,9132.21,3,36,0.133,3154.21,8437.85,32,98.57,0.906,salaried,home,central,58527.38,0,0
43,51371.44,825.0,31,3440.05,4,36,0.067,3008.26,25703.87,33,91.16,0.626,salaried,business,west,61262.48,0,0
24,39849.21,632.0,6,9073.93,6,36,0.228,1921.05,13764.11,16,120.07,0.533,salaried,personal,west,41855.64,1,0
47,29095.39,677.0,32,13252.44,1,36,0.455,1120.6,3646.1,25,44.82,0.651,salaried,auto,west,54169.99,0,0
38,28015.74,759.0,34,2201.21,4,60,0.079,1593.19,10708.55,38,41.93,0.662,salaried,home,west,55823.17,0,0
41,41154.56,646.0,26,7837.43,4,24,0.19,1369.54,24503.98,31,44.18,0.91,salaried,auto,east,46116.9,0,0
48,45517.65,589.0,0,15669.56,2,12,0.344,1947.24,6777.71,32,60.85,0.892,salaried,auto,west,38088.89,1,0
55,31421.76,684.0,5,4767.61,5,24,0.152,1059.8,9157.57,21,50.47,0.674,salaried,home,east,46700.89,0,0
42,55122.65,592.0,1,7632.15,2,48,0.138,2951.39,4244.67,31,95.21,0.504,salaried,personal,north,38787.53,0,0
60,33501.27,752.0,6,736.12,3,24,0.022,977.97,578.56,30,32.6,0.554,unemployed,personal,east,48254.51,0,0
43,63710.16,694.0,7,15972.46,5,48,0.251,3068.28,1221.76,21,146.11,0.896,self_employed,home,east,39969.97,0,0
23,94289.08,577.0,28,14312.29,7,48,0.152,4556.28,33249.29,30,151.88,0.891,self_employed,education,east,52609.67,0,0
60,61711.06,544.0,15,5483.46,3,36,0.089,3679.84,362.26,26,141.53,0.631,self_employed,business,central,42716.89,1,0
30,51936.36,663.0,28,1142.82,3,48,0.022,2036.76,27671.88,18,113.15,0.858,salaried,personal,west,63363.91,0,0
45,42586.66,672.0,30,9719.85,3,48,0.228,1767.93,24563.33,34,52.0,0.717,salaried,auto,north,51912.89,0,0
28,103854.31,544.0,21,7658.32,6,48,0.074,4754.44,43049.68,28,169.8,0.576,contract,home,south,58423.51,1,0
31,49658.16,717.0,9,22673.24,5,24,0.457,1297.14,2029.29,22,58.96,0.755,salaried,auto,central,40753.23,0,0
25,166142.43,707.0,3,2954.14,0,24,0.018,6611.55,32252.48,23,287.46,0.779,salaried,education,north,79189.83,0,0
57,31813.11,679.0,24,295.74,4,12,0.009,861.75,17111.51,29,29.72,0.708,salaried,auto,west,49138.13,0,0
58,61725.86,714.0,12,2646.19,5,60,0.043,3312.1,30608.69,28,118.29,0.669,contract,home,central,56068.8,0,0
49,102306.21,566.0,16,5026.08,5,12,0.049,3525.12,9066.73,40,88.13,0.554,contract,business,south,58213.18,0,1
25,39713.19,571.0,7,1520.5,3,36,0.038,1550.26,1729.86,28,55.37,0.844,salaried,business,central,34468.74,1,0
29,48715.09,628.0,22,35089.72,5,12,0.72,1589.59,4524.8,29,54.81,0.565,salaried,education,west,37695.47,1,0
22,71809.06,596.0,6,2263.78,7,48,0.032,2265.48,11293.08,23,98.5,0.284,salaried,auto,central,48683.47,0,0
21,64508.39,693.0,31,10194.95,5,36,0.158,3998.29,31999.2,25,159.93,0.793,salaried,education,south,59912.63,0,1
60,69693.66,718.0,23,5448.08,4,24,0.078,3870.71,20650.1,26,148.87,0.605,salaried,personal,east,60519.56,0,0
50,91319.2,590.0,0,7290.12,2,60,0.08,3611.43,25841.77,24,150.48,0.918,self_employed,home,central,47130.21,0,0
31,46349.26,576.0,26,24284.68,3,48,0.524,2565.47,7752.43,16,160.34,0.642,salaried,auto,central,36560.69,0,0
48,103431.17,723.0,5,6825.01,2,12,0.066,5070.91,3913.18,23,220.47,0.443,salaried,education,central,59700.49,0,0
64,24984.06,567.0,30,3277.52,2,48,0.131,946.58,2547.54,35,27.05,0.664,salaried,personal,south,45885.48,1,0
32,87978.43,626.0,11,2245.55,3,48,0.026,1935.53,42434.98,27,71.69,0.456,salaried,personal,west,57535.3,0,0
59,90784.38,564.0,25,20030.02,4,48,0.221,5346.92,29898.13,41,130.41,0.656,salaried,home,south,53421.5,0,0
46,38234.3,600.0,24,38896.9,2,24,1.017,1157.93,19503.61,21,55.14,0.671,self_employed,home,north,38662.72,1,0
33,28203.85,522.0,3,2611.15,6,24,0.093,1439.26,8651.53,34,42.33,0.58,self_employed,business,north,32078.85,0,0
28,48801.91,759.0,5,11519.06,5,36,0.236,2674.77,927.93,20,133.74,0.956,salaried,auto,west,53696.92,0,0
48,64971.98,736.0,12,6342.47,2,36,0.098,2942.07,1750.72,32,91.94,0.743,salaried,education,west,50616.28,0,0
50,46592.99,581.0,24,10793.35,4,36,0.232,2245.73,1205.66,23,97.64,0.864,salaried,business,east,43594.6,0,0
29,67905.61,689.0,30,29971.93,4,36,0.441,1609.25,3862.49,28,57.47,0.961,salaried,auto,west,51003.33,0,0
59,129571.05,528.0,21,2907.75,4,24,0.022,5724.99,6543.7,39,146.79,0.958,contract,personal,west,64301.84,0,0
51,29315.73,703.0,34,12121.79,5,36,0.413,972.99,17562.99,27,36.04,0.618,salaried,auto,west,48642.41,0,0
41,22486.1,575.0,20,5185.43,6,36,0.231,1000.51,2492.42,27,37.06,0.584,self_employed,auto,east,37976.11,1,0
54,52513.0,753.0,14,9513.8,2,60,0.181,2416.02,2047.18,31,77.94,0.887,self_employed,auto,north,44420.11,0,0
51,39891.72,693.0,2,4697.77,7,36,0.118,952.93,389.02,25,38.12,0.605,salaried,personal,east,48663.62,0,0
45,43645.62,619.0,25,11089.37,7,48,0.254,1704.28,2378.53,23,74.1,0.747,contract,personal,east,45153.64,0,0
32,95808.91,615.0,16,3705.63,2,36,0.039,5377.29,2125.02,33,162.95,0.949,self_employed,education,north,51485.21,0,0
21,51314.19,662.0,34,6031.12,6,48,0.118,1327.77,27621.39,30,44.26,0.3,salaried,business,north,55049.41,0,0
42,53474.07,571.0,7,11103.51,5,24,0.208,2783.3,7368.52,29,95.98,0.844,salaried,education,north,38107.08,0,0
60,44508.75,746.0,10,392.81,2,60,0.009,1950.82,5001.99,40,48.77,0.848,salaried,education,north,50837.35,1,0
57,53238.63,676.0,23,3578.67,1,48,0.067,2471.65,658.94,32,77.24,0.629,contract,home,north,53372.23,0,0
21,61134.13,732.0,7,7110.58,5,12,0.116,1329.14,2887.26,35,37.98,0.747,salaried,business,east,58239.28,0,0
21,189674.49,442.0,29,693.24,2,48,0.004,10778.31,98784.27,32,336.82,0.736,salaried,home,central,79987.86,0,0
62,61441.81,651.0,0,10930.96,2,36,0.178,3590.95,2667.18,38,94.5,0.806,self_employed,auto,south,39340.17,0,0
62,91419.39,671.0,33,15103.64,3,36,0.165,4279.78,970.61,25,171.19,0.786,salaried,business,east,61880.07,0,0
41,58916.7,650.0,19,1604.9,5,60,0.027,3653.09,1290.37,22,166.05,0.574,self_employed,home,south,55170.62,1,0
35,21752.74,652.0,33,11900.18,0,48,0.547,726.89,1198.98,21,34.61,0.685,self_employed,business,central,39631.25,1,0
37,41974.5,623.0,33,9351.21,6,12,0.223,1239.65,302.7,29,42.75,0.694,salaried,personal,east,50808.88,0,0
42,61421.17,842.0,12,4762.11,3,48,0.078,1655.4,1172.67,26,63.67,0.454,contract,auto,south,64051.96,0,0
58,75021.99,671.0,5,1622.78,3,24,0.022,2127.8,10766.79,35,60.79,0.518,contract,auto,east,56827.09,0,0
55,59551.86,660.0,24,27885.54,2,60,0.468,1325.71,24059.19,30,44.19,0.812,self_employed,personal,west,44431.95,0,0
36,81974.06,730.0,26,5612.77,5,24,0.068,4110.42,49066.72,21,195.73,0.901,salaried,personal,south,73344.7,0,0
28,28085.45,602.0,30,1826.14,1,36,0.065,1489.91,11327.51,36,41.39,0.536,salaried,education,north,45095.64,0,0
37,55379.05,541.0,2,11397.88,6,48,0.206,1180.82,1126.84,29,40.72,0.925,self_employed,business,west,32868.28,0,1
37,98477.5,727.0,27,8426.1,1,60,0.086,3010.54,939.04,25,120.42,0.787,self_employed,auto,east,66516.22,0,0
46,34989.31,622.0,3,15245.07,1,24,0.436,1046.95,2920.69,25,41.88,0.859,salaried,personal,central,32459.85,1,0
33,89703.6,766.0,16,49913.42,3,12,0.556,4238.4,23520.58,22,192.65,0.877,salaried,business,west,50172.74,0,0
37,87641.36,760.0,33,413.14,6,48,0.005,4702.9,15890.94,28,167.96,0.543,salaried,home,north,68957.88,0,0
58,31049.53,453.0,19,12100.01,2,48,0.39,1576.46,17982.69,27,58.39,0.632,salaried,auto,north,28984.23,0,0
37,63072.83,656.0,12,40696.47,1,36,0.645,3316.64,746.09,30,110.55,0.882,self_employed,personal,north,31679.06,1,0
34,58189.85,742.0,4,6954.23,3,24,0.12,2940.19,23633.35,26,113.08,0.754,salaried,home,south,50115.12,0,0
26,50042.94,501.0,23,11319.59,2,24,0.226,2628.2,5738.8,28,93.86,0.613,self_employed,home,south,40000.68,1,0
55,27252.48,681.0,16,5236.23,3,36,0.192,1205.79,911.83,27,44.66,0.727,self_employed,business,south,48910.21,0,0
34,48128.18,706.0,30,3971.33,7,24,0.083,2097.56,1657.66,29,72.33,0.449,self_employed,home,south,57072.09,0,0
28,50496.88,645.0,27,10730.12,2,24,0.212,2782.16,2425.9,32,86.94,0.635,salaried,home,south,46214.01,0,0
35,25229.38,646.0,0,39872.94,10,48,1.58,1169.17,968.07,26,44.97,0.897,salaried,personal,west,24526.34,1,1
47,30112.08,752.0,1,865.29,4,12,0.029,810.39,3331.34,32,25.32,0.315,contract,personal,east,52944.58,0,0
33,35698.08,523.0,32,4935.52,8,24,0.138,2031.65,798.4,26,78.14,0.806,salaried,personal,south,39752.26,1,0
51,33801.93,721.0,28,25414.0,6,24,0.752,1382.75,10328.27,28,49.38,0.536,self_employed,personal,central,47714.0,0,0
55,62744.22,689.0,3,1077.15,2,24,0.017,1966.23,15369.42,34,57.83,0.882,salaried,home,north,58279.76,0,0
26,81648.58,761.0,17,9472.43,5,48,0.116,2978.69,4588.33,19,156.77,0.744,salaried,auto,east,60227.0,0,0
25,47110.71,569.0,23,5061.67,4,36,0.107,2100.0,307.8,34,61.76,0.93,salaried,personal,west,49573.0,0,0
42,76483.5,776.0,31,4257.32,1,60,0.056,2848.32,35890.65,29,98.22,0.464,contract,auto,north,68090.56,0,0
43,83168.16,532.0,8,2115.12,4,24,0.025,3785.27,284.9,25,151.41,0.713,salaried,home,south,45012.61,1,0
45,52136.38,622.0,15,1745.91,4,60,0.033,2304.82,2886.4,38,60.65,0.642,contract,personal,central,50920.59,0,0
54,65096.08,551.0,20,6536.37,8,36,0.1,2853.18,15303.0,40,71.33,0.773,self_employed,business,south,43348.53,0,0
46,48996.04,712.0,29,4265.2,4,36,0.087,2175.48,506.24,30,72.52,0.899,salaried,home,central,54781.35,0,0
25,32686.8,585.0,2,6087.4,5,24,0.186,1115.68,16974.67,24,46.49,0.623,salaried,home,east,40511.45,0,0
46,38714.06,746.0,32,1962.7,3,60,0.051,2196.93,8733.02,29,75.76,0.919,contract,auto,central,61511.61,0,0
40,62740.76,507.0,30,3879.84,4,24,0.062,2698.6,22035.77,26,103.79,0.603,salaried,personal,south,47520.58,0,0
26,51297.73,612.0,13,50685.68,4,36,0.988,1166.5,15706.78,37,31.53,0.724,salaried,auto,north,32333.28,1,1
26,75487.91,802.0,5,4130.8,3,60,0.055,2499.04,27689.11,26,96.12,0.844,self_employed,home,west,59539.5,0,0
38,23175.61,585.0,4,4790.12,2,48,0.207,1175.27,2865.98,20,58.76,0.811,salaried,home,north,37182.59,0,0
24,25823.57,740.0,28,180.69,5,24,0.007,1254.14,6449.36,33,38.0,0.562,contract,home,south,52709.21,0,0
37,27236.11,709.0,20,4314.32,4,48,0.158,788.34,5210.78,33,23.89,0.633,salaried,education,west,47749.17,0,0
34,58395.49,539.0,11,12972.13,4,36,0.222,3645.42,27467.88,25,145.82,0.801,salaried,education,north,42855.25,0,0
34,29139.61,668.0,22,6523.54,6,12,0.224,1367.03,13816.93,27,50.63,0.754,salaried,home,north,52230.48,0,0
33,62571.06,780.0,13,9631.42,3,36,0.154,2156.4,37333.46,24,89.85,0.728,contract,business,east,64044.43,0,0
27,76027.81,615.0,9,7318.58,1,36,0.096,2827.6,4554.51,18,157.09,0.735,salaried,home,south,42458.97,0,0
64,107185.09,591.0,26,1003.32,2,36,0.009,6340.11,816.02,26,243.85,0.874,salaried,home,east,62629.64,1,0
35,101992.89,678.0,1,3633.15,4,48,0.036,3957.0,29496.61,39,101.46,0.981,self_employed,education,south,59817.71,1,0
39,39618.88,632.0,13,10664.39,3,48,0.269,1223.39,17986.11,27,45.31,0.869,self_employed,personal,south,43161.62,0,0
63,25556.91,523.0,6,7145.44,2,36,0.28,898.42,10457.46,23,39.06,0.716,self_employed,business,south,34048.5,1,0
64,40766.91,631.0,16,10114.29,2,60,0.248,1749.88,1228.76,36,48.61,0.385,salaried,home,central,45127.59,1,0
55,84084.38,609.0,19,4019.12,8,12,0.048,2304.26,652.85,29,79.46,0.705,contract,business,north,56426.84,0,0
37,45462.34,639.0,7,1937.57,4,36,0.043,1043.7,13269.72,23,45.38,0.815,self_employed,home,west,51327.86,0,0
55,53586.68,446.0,19,15937.77,4,36,0.297,2017.66,30794.18,37,54.53,0.813,salaried,home,south,35777.61,0,0
39,42162.13,681.0,4,4248.79,4,24,0.101,2452.87,11555.65,20,122.64,0.558,salaried,auto,west,58599.39,0,0
40,110364.22,511.0,12,9578.18,4,12,0.087,6562.55,4028.39,29,226.29,0.535,salaried,education,central,47269.23,1,0
56,34320.31,713.0,16,4320.43,5,36,0.126,1905.23,8670.76,19,100.28,0.667,self_employed,business,north,54757.06,0,0
55,55828.76,741.0,5,23586.98,13,24,0.422,1559.52,16267.15,36,43.32,0.791,salaried,auto,south,44573.98,0,0
52,89206.34,481.0,18,43386.81,3,24,0.486,2039.78,40027.7,22,92.72,0.444,salaried,education,north,30840.37,1,0
64,124081.92,760.0,24,9420.9,2,12,0.076,5314.24,18892.0,25,212.57,0.415,unemployed,home,central,75005.89,0,0
60,39629.9,640.0,2,8295.15,2,24,0.209,1943.19,14162.37,24,80.97,0.747,unemployed,auto,north,40442.87,1,0
44,83480.02,742.0,27,16539.87,4,60,0.198,4020.73,10067.8,32,125.65,0.856,salaried,education,central,57367.85,0,0
37,40760.99,729.0,25,6535.34,2,36,0.16,1308.7,1537.84,23,56.9,0.356,salaried,education,central,50687.33,0,0
27,100681.96,527.0,7,18327.85,5,24,0.182,3516.06,32494.34,27,130.22,0.9,contract,auto,east,44768.25,0,0
63,117978.79,577.0,14,4793.63,2,60,0.041,7214.36,6117.09,28,257.66,0.716,contract,auto,west,59517.43,0,0
21,36303.97,787.0,0,291.75,4,36,0.008,1401.86,10459.69,32,43.81,0.893,contract,business,south,50608.51,0,0
55,72697.23,545.0,22,23505.3,3,36,0.323,3478.1,13493.02,18,193.23,0.783,salaried,personal,west,42767.05,0,0
52,89409.21,681.0,15,11505.96,6,60,0.129,3727.87,29325.64,26,143.38,0.737,salaried,home,east,66263.36,0,0
56,47457.02,586.0,3,6434.25,3,48,0.136,2678.9,16348.75,32,83.72,0.851,self_employed,auto,central,40583.4,1,0
33,69318.8,573.0,7,26086.43,5,36,0.376,3863.62,509.45,33,117.08,0.833,salaried,home,north,38289.12,1,0
26,70969.66,648.0,9,19604.85,4,12,0.276,3397.44,2489.3,28,121.34,0.615,salaried,auto,east,44073.95,0,0
34,133832.27,836.0,29,1032.9,3,36,0.008,7983.76,56563.7,25,319.35,0.914,contract,education,east,90338.16,0,0
57,22315.78,715.0,15,8813.01,3,48,0.395,658.07,11895.01,38,17.32,0.748,salaried,home,east,45879.53,0,0
35,52830.23,560.0,29,6951.74,5,24,0.132,2281.72,7600.89,23,99.21,0.666,salaried,education,east,42964.68,0,0
24,30865.24,667.0,9,13484.04,4,12,0.437,944.56,878.58,34,27.78,0.91,self_employed,auto,central,44960.42,0,0
60,54513.8,492.0,10,3219.95,5,36,0.059,1368.55,2936.49,25,54.74,0.697,salaried,home,west,41890.53,1,0
36,38090.26,458.0,33,73.34,7,48,0.002,2018.85,4387.72,23,87.78,0.753,salaried,auto,central,39503.33,1,0
48,48304.85,664.0,15,1845.52,5,60,0.038,2239.54,26888.01,32,69.99,0.419,self_employed,home,south,54946.73,0,0
36,36557.21,711.0,18,2132.22,4,12,0.058,919.91,20628.91,22,41.81,0.524,contract,education,south,51070.25,0,0
24,58099.68,783.0,3,3100.38,3,60,0.053,3604.2,2554.51,31,116.26,0.516,contract,personal,north,54138.6,0,0
46,87838.25,682.0,30,4163.93,5,24,0.047,2136.4,28979.36,31,68.92,0.911,salaried,auto,central,64221.44,0,0
48,45810.53,651.0,34,11034.58,4,48,0.241,2266.24,4570.36,33,68.67,0.843,salaried,business,east,47735.99,0,0
52,103133.55,621.0,33,694.31,3,24,0.007,4744.34,44206.93,36,131.79,0.723,salaried,home,south,73106.67,0,0
22,86662.85,695.0,25,5999.38,4,36,0.069,3301.14,33063.85,28,117.9,0.87,salaried,home,north,63506.53,0,0
51,135310.99,547.0,5,6213.94,2,36,0.046,7672.59,43246.14,36,213.13,0.472,contract,home,west,61052.84,1,0
23,65193.21,592.0,32,8610.96,1,24,0.132,2307.58,20955.49,27,85.47,0.736,self_employed,auto,east,54639.58,0,0
28,52694.17,550.0,26,3346.72,2,36,0.064,2904.64,19879.62,28,103.74,0.77,unemployed,personal,central,52157.26,1,0
44,26546.24,605.0,11,2707.38,2,36,0.102,1209.34,731.08,36,33.59,0.552,self_employed,auto,south,37972.98,0,0
35,38110.34,588.0,7,5952.83,5,36,0.156,1417.25,16940.36,26,54.51,0.899,salaried,auto,south,42968.41,0,0
63,49337.69,583.0,8,9698.92,2,60,0.197,1734.77,21367.82,37,46.89,0.487,salaried,auto,north,39151.0,1,0
51,52037.6,596.0,0,410.55,3,36,0.008,1650.15,11236.87,25,66.01,0.525,self_employed,business,south,48130.22,0,0
29,155892.99,668.0,4,3127.93,3,36,0.02,3359.46,68250.23,27,124.42,0.706,salaried,home,north,75112.78,0,0
59,49358.26,758.0,6,13931.29,5,24,0.282,2304.98,10804.13,24,96.04,0.597,self_employed,home,south,47194.89,0,0
22,24446.47,675.0,17,5958.14,4,36,0.244,972.21,882.86,30,32.41,0.777,contract,business,west,48241.51,1,0
28,73061.49,601.0,23,27296.39,6,48,0.374,2548.64,10425.16,36,70.8,0.75,self_employed,personal,east,46818.49,1,0
27,71176.94,687.0,25,18193.39,4,12,0.256,2003.34,14457.23,23,87.1,0.611,self_employed,auto,central,52309.09,0,0
64,44067.67,659.0,9,3793.6,1,24,0.086,919.81,6463.63,20,45.99,0.776,contract,home,east,60530.29,0,0
59,141132.11,664.0,11,11660.55,1,36,0.083,6913.91,83778.35,26,265.92,0.576,self_employed,auto,east,69454.98,0,0
62,23075.36,648.0,21,2885.67,5,12,0.125,1307.34,864.67,22,59.42,0.736,salaried,education,south,46944.83,0,0
36,95059.25,797.0,26,1734.58,4,24,0.018,3372.84,39084.86,20,168.64,0.526,salaried,home,central,70724.18,0,0
55,47524.78,658.0,2,19159.23,0,36,0.403,2061.74,18526.48,31,66.51,0.835,salaried,education,central,45678.01,0,0
50,35323.79,602.0,17,3880.5,3,48,0.11,1616.29,129.17,15,107.75,0.953,self_employed,home,west,41132.31,0,0
30,159560.63,584.0,4,2046.83,6,36,0.013,4967.5,69684.76,41,121.16,0.535,salaried,education,north,66601.96,0,0
58,75471.74,727.0,13,30165.62,5,24,0.4,3106.81,3560.83,24,129.45,0.872,salaried,education,central,42776.8,1,0
38,47368.02,549.0,24,283.68,7,12,0.006,2300.82,10304.39,26,88.49,0.723,contract,home,east,46977.1,0,0
25,46936.76,765.0,30,4114.13,4,24,0.088,2691.59,1690.68,39,69.02,0.54,salaried,auto,west,62952.04,0,0
49,61324.73,487.0,20,352.58,9,36,0.006,3339.03,220.8,27,123.67,0.739,self_employed,education,south,44034.33,0,0
59,44007.55,754.0,19,6312.43,3,48,0.143,2510.87,6300.94,28,89.67,0.722,self_employed,personal,east,51469.52,0,0
54,97228.95,718.0,13,4615.08,4,24,0.047,6064.21,1278.09,23,263.66,0.736,salaried,personal,west,62013.19,0,0
63,56356.81,613.0,19,11478.22,3,24,0.204,1789.94,950.3,22,81.36,0.983,salaried,personal,east,47432.33,0,0
43,85639.68,586.0,29,27718.78,4,24,0.324,4376.73,20683.42,23,190.29,0.579,salaried,auto,south,47382.85,0,0
25,59490.2,755.0,19,6599.89,5,12,0.111,2630.76,8724.86,27,97.44,0.727,salaried,education,central,62948.07,0,0
50,80131.62,803.0,6,3024.29,4,36,0.038,3625.9,12229.75,21,172.66,0.542,salaried,auto,east,63321.34,0,0
26,99258.16,598.0,4,18513.88,4,12,0.187,3265.24,57037.36,23,141.97,0.736,salaried,auto,central,53527.45,1,0
64,115429.87,699.0,30,8349.35,3,48,0.072,6487.15,19257.16,23,282.05,0.565,unemployed,auto,south,64890.2,0,0
24,67570.45,733.0,28,7256.53,5,48,0.107,3629.68,2356.72,34,106.76,0.436,salaried,auto,west,54743.38,0,0
49,36682.45,701.0,14,1880.67,5,48,0.051,2019.69,1439.74,30,67.32,0.498,salaried,auto,central,51055.53,0,0
43,50128.15,655.0,24,372.95,2,60,0.007,3126.69,10026.67,33,94.75,0.599,contract,home,south,55398.7,0,0
26,53542.87,617.0,12,5569.12,5,48,0.104,1804.71,3196.21,27,66.84,0.676,salaried,auto,east,46173.58,0,0
52,41858.75,674.0,23,6757.88,3,12,0.161,2572.09,12335.9,29,88.69,0.714,contract,home,south,54641.12,0,1
62,38829.31,473.0,14,1223.34,4,48,0.032,1148.01,23052.78,16,71.75,0.564,salaried,home,east,38773.16,0,0
38,58602.07,764.0,23,551.1,5,36,0.009,1442.24,1087.53,30,48.07,0.182,salaried,personal,central,53899.22,0,1
35,34804.83,505.0,25,2191.04,3,36,0.063,739.97,786.04,34,21.76,0.815,self_employed,education,central,43477.8,0,0
60,31893.89,579.0,18,586.59,5,24,0.018,975.81,1537.71,25,39.03,0.748,salaried,business,east,43908.34,0,0
52,25273.3,621.0,23,519.98,8,24,0.021,855.68,4190.88,31,27.6,0.954,contract,home,north,42443.75,0,0
29,67248.6,565.0,18,5285.57,3,48,0.079,2267.29,34521.12,31,73.14,0.509,salaried,home,east,50712.62,0,0
57,63168.53,554.0,16,14958.15,2,24,0.237,3763.61,1062.36,14,268.83,0.969,self_employed,business,central,47340.75,1,0
30,46812.05,770.0,4,9815.48,4,36,0.21,1585.9,24598.67,26,61.0,0.599,salaried,education,west,51667.88,0,0
40,84745.17,803.0,3,10238.43,4,48,0.121,4093.44,46616.3,20,204.67,0.846,unemployed,home,east,58676.2,0,0
26,34562.89,782.0,21,2739.63,2,48,0.079,2139.1,12333.17,25,85.56,0.725,salaried,auto,central,51643.16,0,0
23,64305.04,721.0,9,100.5,6,36,0.002,2127.27,32387.15,26,81.82,0.634,contract,home,south,59706.76,0,0
62,55513.06,850.0,20,5391.12,4,36,0.097,3412.47,29024.26,23,148.37,0.655,self_employed,home,north,64471.49,0,0
31,38820.12,627.0,24,4260.67,2,12,0.11,2042.34,864.64,29,70.43,0.451,unemployed,personal,west,56748.89,0,0
63,43406.13,619.0,5,26477.16,2,36,0.61,2373.78,17445.98,33,71.93,0.742,self_employed,personal,east,30997.68,0,0
37,41928.74,651.0,29,672.7,5,48,0.016,1867.03,15541.8,29,64.38,0.61,self_employed,education,east,51548.67,0,1
52,60702.45,771.0,28,13481.85,4,12,0.222,3231.46,16300.8,28,115.41,0.929,self_employed,business,south,55875.73,0,0
24,70759.56,700.0,10,4381.29,2,24,0.062,3272.65,32473.72,39,83.91,0.319,salaried,home,south,55042.9,1,0
24,44717.62,797.0,10,15927.51,2,24,0.356,1834.87,13126.88,35,52.42,0.786,contract,personal,central,47764.52,0,0
37,39322.53,656.0,26,6147.13,2,36,0.156,2218.75,6881.44,31,71.57,0.969,contract,auto,east,48125.91,0,0
61,57627.2,523.0,18,15458.31,3,12,0.268,3171.27,1042.25,35,90.61,0.925,salaried,education,south,40113.83,1,0
39,25763.45,593.0,21,5660.54,6,48,0.22,961.79,52.41,35,27.48,0.653,self_employed,education,south,45847.86,0,0
25,55020.49,737.0,27,4625.37,6,48,0.084,1241.35,3505.57,28,44.33,0.735,salaried,home,central,53032.08,0,0
52,109403.59,608.0,3,29845.55,4,12,0.273,6500.63,11149.22,29,224.16,0.39,salaried,business,central,43527.07,0,0
42,39466.86,658.0,18,4142.02,4,48,0.105,2108.76,17014.38,33,63.9,0.7,salaried,auto,west,48815.43,0,0
26,50031.85,671.0,16,14726.66,4,48,0.294,2830.53,4393.98,31,91.31,0.344,contract,personal,south,48056.77,1,0
55,85909.77,804.0,22,624.47,5,60,0.007,1874.62,12666.58,28,66.95,0.794,salaried,personal,north,73347.36,0,0
42,76084.74,725.0,27,582.27,8,24,0.008,4356.07,22518.86,36,121.0,0.802,salaried,personal,south,62635.57,0,0
21,55705.13,708.0,10,5188.01,4,48,0.093,2248.83,11942.83,22,102.22,0.606,salaried,home,east,52411.59,0,0
40,52768.1,663.0,13,7927.66,1,12,0.15,3100.94,24981.39,23,134.82,0.26,contract,personal,west,45378.51,0,0
42,31070.03,579.0,12,8440.69,5,36,0.272,1543.31,244.98,26,59.36,0.857,contract,education,central,44444.82,0,0
31,67576.72,671.0,23,333.58,9,12,0.005,2606.35,39830.55,24,108.6,0.503,self_employed,home,central,63485.02,0,0
33,29598.57,835.0,15,10738.48,5,48,0.363,769.21,14756.97,19,40.48,0.779,self_employed,education,west,50350.15,0,0
62,21389.74,694.0,27,1252.59,4,24,0.059,942.61,6603.36,23,40.98,0.695,contract,auto,north,55540.11,0,0
23,85275.83,603.0,29,27979.1,2,48,0.328,4295.5,7980.53,23,186.76,0.732,contract,auto,central,48097.34,0,0
29,64482.16,614.0,26,3652.09,5,36,0.057,3772.36,4893.92,26,145.09,0.534,salaried,education,central,55454.36,0,0
32,80489.42,771.0,16,2727.54,5,12,0.034,4645.95,9027.24,32,145.19,0.989,contract,home,north,60329.0,0,0
43,38893.04,605.0,25,3098.48,4,36,0.08,1229.42,4835.75,22,55.88,0.643,salaried,education,west,44019.66,0,0
34,66827.09,633.0,6,24932.22,2,12,0.373,1601.24,30573.38,38,42.14,0.796,salaried,home,north,43009.1,0,0
53,44463.3,553.0,34,5934.65,7,24,0.133,1796.58,25967.33,31,57.95,0.764,salaried,personal,east,53446.99,0,0
38,46758.01,626.0,14,5133.27,4,24,0.11,1512.68,21430.32,25,60.51,0.842,self_employed,auto,south,48114.49,1,0
61,83967.86,690.0,15,7510.29,7,60,0.089,2859.89,39093.36,42,68.09,0.866,contract,home,south,58866.89,0,0
29,50644.91,625.0,20,24031.84,1,48,0.475,2463.49,28825.31,30,82.12,0.657,contract,personal,west,39250.93,0,0
43,39601.66,652.0,16,3317.95,6,24,0.084,2056.98,3043.23,33,62.33,0.653,self_employed,education,north,47108.93,0,0
30,29305.1,552.0,25,1795.06,4,24,0.061,1506.19,2273.95,32,47.07,0.774,salaried,education,south,44574.47,1,0
39,63723.6,603.0,34,8145.73,6,36,0.128,3497.42,3438.73,21,166.54,0.844,salaried,personal,north,51555.92,0,0
25,87270.2,831.0,19,6089.7,6,48,0.07,1976.17,29653.25,36,54.89,0.607,salaried,education,west,66148.91,0,0
43,38085.63,639.0,19,575.74,3,36,0.015,2325.43,6242.43,32,72.67,0.867,salaried,auto,central,46597.11,0,0
50,73868.41,681.0,22,6642.12,9,36,0.09,2580.69,10048.91,29,88.99,0.946,salaried,personal,north,52187.61,0,0
45,35445.43,582.0,4,7438.42,2,36,0.21,1280.62,13187.31,30,42.69,0.591,self_employed,business,north,40504.47,0,0
48,75901.07,654.0,8,10661.96,4,24,0.14,3580.15,29549.91,21,170.48,0.694,salaried,auto,south,52555.93,0,0
54,54984.77,627.0,22,48717.66,3,36,0.886,1661.91,2529.5,37,44.92,0.484,self_employed,auto,central,31148.94,1,0
45,61115.84,744.0,17,4927.11,6,48,0.081,2999.35,24126.69,33,90.89,0.706,self_employed,personal,east,58480.99,0,0
30,39583.41,739.0,28,6423.88,5,36,0.162,1257.52,17339.96,36,34.93,0.818,salaried,auto,central,50524.78,0,0
34,63633.66,748.0,10,701.68,3,36,0.011,3186.46,27626.26,28,113.8,0.891,salaried,personal,south,53441.64,0,0
62,41400.19,657.0,7,16032.08,4,24,0.387,2273.22,2066.35,31,73.33,0.924,salaried,personal,south,34410.47,0,0
50,44974.32,823.0,26,929.82,2,36,0.021,2623.91,19455.59,23,114.08,0.864,salaried,personal,east,62730.85,0,0
61,27366.3,718.0,1,24439.76,3,48,0.893,1035.61,3078.77,24,43.15,0.797,salaried,business,central,28197.1,0,0
45,38274.21,528.0,22,3856.31,4,60,0.101,2084.43,11881.34,30,69.48,0.808,salaried,education,south,40261.54,0,0
34,42767.22,781.0,20,3706.73,4,36,0.087,1719.73,7108.86,23,74.77,0.925,contract,personal,central,56784.41,0,0
55,62365.3,650.0,9,3585.63,5,12,0.057,1938.22,2586.54,21,92.3,0.677,salaried,auto,east,49815.89,0,0
54,70830.51,747.0,3,27050.15,5,48,0.382,3634.63,13801.33,36,100.96,0.723,salaried,education,north,40008.1,0,0
30,41209.77,561.0,20,35256.85,6,48,0.856,1364.24,22633.23,24,56.84,0.562,self_employed,personal,east,27384.31,1,0
55,50312.05,644.0,11,32587.76,0,36,0.648,1406.06,2403.5,35,40.17,0.907,salaried,home,west,34569.45,0,0
31,115713.59,714.0,13,10980.53,3,36,0.095,2995.02,34008.64,27,110.93,0.931,contract,education,central,61975.97,0,0
31,57468.88,671.0,19,1059.51,3,24,0.018,2149.61,1539.82,23,93.46,0.855,salaried,education,west,51740.48,0,0
41,42548.44,637.0,7,4395.15,7,48,0.103,2209.02,5571.78,38,58.13,0.809,salaried,auto,south,45309.94,0,0
41,25442.04,441.0,26,3073.66,3,60,0.121,1392.85,1541.08,28,49.74,0.574,self_employed,auto,west,43101.72,1,0
42,36891.44,587.0,20,11091.03,6,36,0.301,2051.51,5567.12,25,82.06,0.616,self_employed,personal,west,36416.69,0,0
27,36250.51,567.0,34,6107.07,3,24,0.168,1401.69,345.05,22,63.71,0.65,salaried,business,west,50643.55,0,0
37,131932.17,492.0,14,8625.77,3,24,0.065,2956.32,16873.85,26,113.7,0.47,salaried,auto,central,57911.42,1,0
22,36982.28,590.0,11,78.92,6,24,0.002,1045.32,1916.14,31,33.72,0.659,self_employed,education,south,48971.76,0,0
32,55435.16,808.0,33,13745.09,2,36,0.248,1606.07,24405.83,25,64.24,0.788,contract,auto,central,60863.77,0,0
62,64012.96,748.0,7,27338.71,3,48,0.427,2677.33,6543.91,28,95.62,0.554,salaried,home,west,46550.03,0,0
38,89137.57,579.0,29,9960.89,5,24,0.112,5258.59,4838.71,24,219.11,0.859,salaried,home,west,54885.71,0,0
31,54372.34,600.0,2,17191.08,9,48,0.316,1427.91,29067.62,28,51.0,0.587,salaried,auto,west,36470.96,0,0
36,43060.37,600.0,29,5855.11,3,12,0.136,957.5,7151.74,30,31.92,0.708,self_employed,education,east,45545.6,0,0
38,41796.11,714.0,28,183.74,1,48,0.004,871.5,1996.89,31,28.11,0.75,self_employed,business,central,58511.77,0,0
55,63600.14,684.0,0,41879.06,5,12,0.658,3711.57,26851.27,27,137.47,0.907,salaried,auto,west,38688.51,0,1
46,39816.92,589.0,15,545.7,3,48,0.014,2193.46,14253.95,25,87.74,0.675,salaried,auto,south,47220.45,0,0
36,32962.26,599.0,30,1927.37,0,48,0.058,2009.31,783.09,29,69.29,0.712,salaried,home,north,47926.07,0,0
26,43056.7,742.0,9,484.79,1,36,0.011,2153.43,2060.95,33,65.26,0.581,salaried,home,east,51733.1,0,0
64,29851.25,780.0,29,8826.46,2,12,0.296,1381.46,2848.02,23,60.06,0.964,salaried,auto,north,50200.69,0,0
63,124589.23,574.0,25,7877.01,5,36,0.063,3235.1,45933.3,18,179.73,0.631,salaried,auto,west,68273.11,0,0
62,70859.1,640.0,11,2117.74,5,12,0.03,3175.88,29015.21,30,105.86,0.615,self_employed,home,central,53147.23,0,0
32,112350.61,661.0,4,28246.71,2,36,0.251,6042.63,15697.99,29,208.37,0.6,self_employed,auto,central,53464.33,0,0
33,67403.1,634.0,8,22027.07,4,24,0.327,3845.73,1884.69,22,174.81,0.404,contract,education,south,42874.58,1,1
24,107588.27,746.0,10,2954.16,6,24,0.027,6141.94,56742.71,21,292.47,0.657,self_employed,personal,east,65608.27,0,0
59,63918.18,637.0,22,9679.29,7,36,0.151,2139.92,10187.02,21,101.9,0.48,self_employed,auto,central,45616.49,1,0
22,75115.45,812.0,16,17393.69,5,24,0.232,2159.46,39642.89,32,67.48,0.828,salaried,business,central,59290.17,0,0
46,20740.14,752.0,12,4013.75,5,48,0.194,560.37,3885.48,31,18.08,0.68,self_employed,education,east,42797.04,0,0
47,35902.12,592.0,16,2632.23,7,24,0.073,1711.43,18591.29,30,57.05,0.894,salaried,business,north,44487.15,0,0
47,55084.16,656.0,22,2663.73,3,24,0.048,1308.29,1956.59,19,68.86,0.696,salaried,personal,west,54098.8,0,0
35,55688.81,567.0,8,15456.04,4,36,0.278,3180.3,2545.35,32,99.38,0.725,salaried,education,central,34804.26,1,0
28,52345.88,617.0,17,5596.99,6,12,0.107,2852.43,11383.47,29,98.36,0.846,salaried,auto,east,49996.11,0,0
27,66426.27,724.0,17,11308.08,5,48,0.17,1403.08,668.69,22,63.78,0.742,salaried,business,central,56065.5,0,0
60,67669.53,671.0,29,9456.14,0,12,0.14,3066.28,7190.66,26,117.93,0.874,contract,home,east,60955.89,0,0
32,79961.63,830.0,25,3290.48,5,12,0.041,3775.4,9234.4,22,171.61,0.495,salaried,auto,central,67502.5,0,0
33,73207.06,546.0,17,2099.62,3,48,0.029,4289.05,10008.78,31,138.36,0.679,salaried,auto,central,48613.24,0,0
63,93138.17,647.0,20,1209.87,5,48,0.013,4015.94,4954.05,26,154.46,0.844,salaried,business,central,66692.63,0,0
37,93480.22,607.0,32,217.58,7,36,0.002,2148.94,28410.19,22,97.68,0.948,salaried,auto,south,68945.74,0,0
37,58606.39,623.0,13,762.73,3,48,0.013,2889.84,8675.09,22,131.36,0.815,self_employed,personal,south,53049.15,1,0
56,138239.36,654.0,9,2664.41,5,60,0.019,4893.1,53087.32,32,152.91,0.497,self_employed,education,south,77152.74,0,0
41,99877.4,592.0,27,11253.28,2,24,0.113,4201.34,6834.6,19,221.12,0.82,salaried,education,south,51908.32,0,1
28,37679.52,731.0,13,1514.9,6,36,0.04,1160.66,477.19,23,50.46,0.495,self_employed,home,north,54795.47,0,0
25,64645.35,799.0,18,6669.61,5,36,0.103,3664.46,2205.27,30,122.15,0.832,salaried,personal,north,56564.72,0,0
46,23642.99,451.0,25,2530.91,2,24,0.107,1071.91,711.83,34,31.53,0.683,salaried,education,central,39820.56,0,0
36,25504.51,768.0,9,6453.45,0,24,0.253,1323.26,380.11,32,41.35,0.413,salaried,personal,west,54675.61,0,0
56,43270.55,850.0,16,12477.05,2,36,0.288,1172.65,2047.9,24,48.86,0.943,unemployed,home,north,63531.93,0,0
48,36535.87,666.0,33,2782.98,6,12,0.076,1621.37,1348.49,40,40.53,0.714,salaried,home,east,51985.94,0,0
49,43390.49,598.0,13,3848.0,5,48,0.089,1449.12,23154.12,27,53.67,0.871,self_employed,personal,east,48708.59,0,0
32,62807.03,601.0,25,11553.66,5,36,0.184,1375.32,29262.43,29,47.42,0.808,salaried,auto,south,47884.72,0,0
57,94031.08,624.0,33,7113.63,7,60,0.076,4813.57,12859.02,23,209.29,0.858,contract,business,south,56546.25,0,0
50,91792.73,687.0,18,894.07,0,12,0.01,5657.23,3896.78,20,282.86,0.119,salaried,home,central,60546.62,0,0
43,65247.12,614.0,23,12775.1,6,36,0.196,3338.09,10064.49,23,145.13,0.949,salaried,education,west,50250.97,0,0
36,33216.31,643.0,30,2924.58,7,48,0.088,808.34,15396.41,22,36.74,0.696,salaried,business,east,46357.14,0,0
34,42157.81,569.0,5,4376.04,5,36,0.104,1984.92,19317.45,28,70.89,0.683,salaried,home,south,34975.67,1,0
30,72166.59,611.0,19,2531.45,5,60,0.035,3995.44,10694.19,25,159.82,0.904,self_employed,auto,west,58680.37,0,0
27,37355.95,615.0,33,7054.68,2,12,0.189,1029.32,1175.39,36,28.59,0.885,salaried,home,south,46031.47,0,0
57,30634.66,647.0,21,11071.87,3,36,0.361,1890.26,9902.62,34,55.6,0.36,salaried,personal,central,42081.44,1,0
49,67612.13,526.0,6,14630.85,5,24,0.216,3165.43,2610.18,29,109.15,0.807,salaried,home,south,35707.46,1,0
23,53010.05,622.0,32,22973.54,3,60,0.433,3273.5,9470.45,32,102.3,0.579,salaried,home,east,39541.4,0,0
35,49270.78,632.0,5,4005.57,3,60,0.081,2320.17,1293.58,22,105.46,0.774,contract,auto,north,45330.84,0,0
56,89269.12,666.0,15,24275.89,5,12,0.272,4347.03,2554.27,25,173.88,0.703,self_employed,education,south,50006.77,0,0
39,88429.74,769.0,7,8636.42,2,24,0.098,4641.04,39124.81,33,140.64,0.881,salaried,personal,west,60774.04,0,0
33,120753.08,641.0,22,4442.69,5,24,0.037,6560.0,1606.19,24,273.33,0.701,salaried,home,west,67456.97,0,0
62,40411.3,547.0,17,19646.76,6,48,0.486,2320.97,2970.38,24,96.71,0.694,salaried,home,east,38316.41,1,0
41,65734.56,661.0,13,7799.57,6,60,0.119,3429.37,11603.31,26,131.9,0.872,self_employed,auto,central,49120.21,0,0
57,54641.77,590.0,14,5450.9,4,48,0.1,2184.42,16871.7,36,60.68,0.615,salaried,business,west,44569.27,0,0
47,63085.24,588.0,4,104.11,8,24,0.002,1981.55,6342.74,33,60.05,0.568,salaried,education,north,50135.9,0,0
49,32517.33,625.0,14,11376.94,1,24,0.35,1215.52,4964.83,24,50.65,0.615,contract,auto,central,35098.8,0,0
40,28821.79,606.0,10,724.53,1,36,0.025,1705.13,886.34,31,55.0,0.679,unemployed,home,west,40374.39,1,0
45,53204.74,559.0,1,3074.72,3,60,0.058,3021.72,23327.48,27,111.92,0.955,salaried,education,west,38220.1,0,0
26,37081.35,609.0,22,29359.42,3,12,0.792,1332.31,131.72,26,51.24,0.846,salaried,auto,south,38142.94,1,0
56,82635.4,689.0,23,1518.04,6,12,0.018,3178.92,2900.97,28,113.53,0.676,salaried,home,west,64702.39,0,0
22,27575.84,653.0,17,3362.88,3,36,0.122,912.58,6692.47,23,39.68,0.769,self_employed,home,west,43209.84,0,0
42,28618.53,566.0,3,24239.26,5,36,0.847,1337.96,990.54,26,51.46,0.602,self_employed,auto,north,29140.07,0,0
52,44913.87,577.0,14,3708.11,4,36,0.083,1609.49,17583.69,32,50.3,0.546,unemployed,personal,north,46033.2,0,0
36,27115.65,660.0,11,3586.52,3,36,0.132,1472.69,1124.02,25,58.91,0.921,salaried,home,south,46428.33,0,0
38,115174.24,566.0,2,9395.96,4,36,0.082,4683.97,38269.58,27,173.48,0.863,self_employed,auto,east,55607.08,1,0
25,49895.55,574.0,31,1267.41,4,48,0.025,1497.12,2835.15,31,48.29,0.915,salaried,personal,north,54605.02,0,0
56,41305.03,601.0,20,32424.88,5,48,0.785,1627.69,10951.19,29,56.13,0.83,self_employed,home,west,23791.9,1,0
50,66875.22,567.0,5,2894.53,2,48,0.043,3441.84,36740.38,31,111.03,0.884,salaried,home,central,45667.74,1,0
39,80638.53,659.0,1,13862.94,3,24,0.172,3204.52,47048.14,27,118.69,0.574,salaried,personal,south,49543.23,0,0
43,59464.31,624.0,8,3052.22,7,12,0.051,2656.25,22555.84,24,110.68,0.801,salaried,education,east,51969.82,0,0
54,52541.51,769.0,11,2898.88,5,48,0.055,3095.71,16811.95,39,79.38,0.376,salaried,auto,north,57798.59,0,0
33,34802.25,551.0,23,533.1,5,60,0.015,1759.0,16298.41,29,60.66,0.63,salaried,home,west,46069.99,0,0
63,71963.13,748.0,13,1143.56,5,36,0.016,4488.21,34382.38,26,172.62,0.75,salaried,education,west,64547.3,1,0
49,102489.58,670.0,11,6642.69,5,12,0.065,2462.18,39119.43,26,94.7,0.535,salaried,home,central,57220.85,0,0
56,49076.04,777.0,26,7740.11,5,24,0.158,2556.84,993.26,23,111.17,0.669,self_employed,education,west,57461.01,0,0
42,36976.82,765.0,9,15227.73,2,48,0.412,1899.21,14740.1,26,73.05,0.88,salaried,home,east,43687.86,0,0
56,58786.83,614.0,1,558.94,1,36,0.01,1491.4,31215.94,28,53.26,0.726,self_employed,personal,north,48671.64,0,0
29,54241.01,530.0,30,3962.61,6,24,0.073,3313.08,3221.64,27,122.71,0.874,self_employed,home,west,47720.71,1,0
59,31339.72,637.0,27,2010.08,4,24,0.064,1756.64,605.85,27,65.06,0.791,self_employed,auto,south,47828.94,0,0
39,43208.4,482.0,15,3986.79,4,24,0.092,1821.36,22340.63,32,56.92,0.331,salaried,education,north,39156.07,1,0
58,121154.1,706.0,0,3936.88,3,24,0.032,3636.87,46353.54,30,121.23,0.471,salaried,personal,south,72815.48,0,0
26,29542.95,663.0,21,3936.5,4,48,0.133,844.96,2546.96,36,23.47,0.502,contract,home,central,43680.06,0,0
35,39704.54,599.0,0,3334.79,3,48,0.084,1038.34,14535.19,25,41.53,0.873,salaried,personal,east,38896.54,0,0
40,35350.89,612.0,30,12994.48,5,24,0.368,1021.48,13379.82,34,30.04,0.76,self_employed,education,west,45891.24,0,0
29,36785.72,563.0,21,10532.12,4,24,0.286,2183.71,3073.97,26,83.99,0.791,unemployed,business,north,42412.79,0,0
52,44335.26,647.0,33,3759.7,4,36,0.085,2096.51,5306.52,33,63.53,0.871,contract,personal,central,52114.92,0,0
24,66288.52,566.0,11,1425.56,3,36,0.022,1725.4,23753.73,25,69.02,0.537,salaried,personal,north,45410.23,1,0
38,97621.51,647.0,22,6573.54,5,24,0.067,5782.62,2533.36,36,160.63,0.737,salaried,home,west,59893.16,0,0
25,59367.05,680.0,27,22602.84,6,48,0.381,1369.86,9141.75,28,48.92,0.921,self_employed,personal,west,44571.2,0,0
40,39816.16,705.0,11,1186.98,6,60,0.03,1508.18,15278.13,28,53.86,0.876,self_employed,education,north,52615.17,0,0
43,108332.64,688.0,26,12586.39,3,12,0.116,5609.04,9092.41,24,233.71,0.865,unemployed,home,west,65745.09,0,0
31,21357.25,625.0,22,8232.66,1,48,0.385,1176.42,1829.33,30,39.21,0.84,salaried,home,east,37986.66,0,0
57,73354.94,688.0,0,7993.49,2,36,0.109,4105.13,1909.04,29,141.56,0.896,self_employed,auto,south,49369.88,1,0
42,34130.91,661.0,1,24552.97,8,24,0.719,2055.22,1362.96,35,58.72,0.755,salaried,education,north,32821.39,0,0
24,52949.01,661.0,30,28099.95,2,36,0.531,1694.11,29658.51,33,51.34,0.76,contract,auto,north,52031.34,0,0
49,69800.4,563.0,1,2515.52,4,36,0.036,2566.57,2229.08,37,69.37,0.797,salaried,personal,central,41365.71,1,0
64,26306.75,544.0,24,14874.73,1,36,0.565,1242.9,6656.36,32,38.84,0.858,salaried,education,south,40460.25,0,0
54,57742.24,672.0,18,8727.21,5,12,0.151,3312.04,7026.53,28,118.29,0.565,self_employed,home,south,46404.62,0,0
33,59773.32,691.0,27,4731.1,4,36,0.079,2742.02,23599.44,24,114.25,0.596,contract,business,central,56171.46,0,0
62,104616.02,597.0,5,9859.33,3,36,0.094,3365.53,29241.41,27,124.65,0.785,salaried,education,south,56131.94,0,0
29,183839.28,750.0,18,28105.3,5,36,0.153,9973.42,66563.1,27,369.39,0.645,contract,home,south,78593.0,0,0
62,26934.51,838.0,16,6547.33,3,48,0.243,1573.41,13664.35,31,50.76,0.969,self_employed,personal,east,51673.98,0,0
51,102510.36,799.0,5,25332.68,3,36,0.247,2171.33,35875.21,24,90.47,0.658,salaried,home,east,52414.86,0,0
27,53260.69,627.0,14,9267.33,4,48,0.174,1120.84,17619.12,24,46.7,0.883,self_employed,personal,south,46196.16,0,0
24,37652.06,613.0,21,5935.83,2,48,0.158,2281.09,3888.92,25,91.24,0.572,contract,personal,north,48119.84,0,0
39,63963.89,717.0,33,9299.73,3,36,0.145,2815.75,18424.47,33,85.33,0.811,self_employed,education,east,66882.65,0,0
62,30150.86,708.0,4,8303.97,4,36,0.275,739.04,11580.21,37,19.97,0.69,salaried,home,central,41272.73,0,0
50,30971.55,555.0,22,4928.92,4,36,0.159,1105.23,1331.0,27,40.93,0.837,self_employed,auto,north,35771.32,1,0
51,24814.38,629.0,4,7439.29,4,48,0.3,1103.48,1675.87,26,42.44,0.504,salaried,home,north,36398.96,0,0
55,69268.12,706.0,9,10933.75,2,36,0.158,3247.59,2890.16,22,147.62,0.736,salaried,auto,west,51642.1,1,0
41,62765.15,574.0,3,16429.69,4,12,0.262,1734.32,838.36,29,59.8,0.663,salaried,personal,north,40938.89,0,0
51,37553.71,587.0,11,3265.93,4,12,0.087,2096.83,15149.57,25,83.87,0.47,self_employed,personal,north,43311.0,0,0
39,107540.29,600.0,9,132.81,6,60,0.001,4682.03,19593.44,34,137.71,0.924,salaried,auto,west,57760.83,0,1
51,40201.92,616.0,29,7210.96,4,12,0.179,1717.27,1458.06,31,55.4,0.833,salaried,auto,south,40844.09,0,0
52,96504.54,517.0,23,6047.48,4,48,0.063,4185.52,10620.98,31,135.02,0.613,salaried,home,south,53970.06,0,0
22,57235.89,709.0,4,501.51,5,48,0.009,1340.88,3302.14,25,53.64,0.886,contract,education,central,56114.06,0,0
30,39960.0,588.0,12,9009.44,4,36,0.225,2084.83,1703.96,26,80.19,0.9,self_employed,education,east,35745.32,0,0
22,51444.48,667.0,8,25533.24,4,48,0.496,1244.44,8625.91,26,47.86,0.566,salaried,auto,west,45643.05,0,0
22,30816.82,658.0,17,4630.97,7,12,0.15,1236.85,1548.05,32,38.65,0.71,salaried,home,south,54136.35,0,0
44,59726.44,564.0,34,20229.48,3,60,0.339,2710.25,34345.44,31,87.43,0.743,salaried,auto,west,51232.12,0,0
37,54926.3,500.0,30,15094.7,6,36,0.275,1628.29,18395.81,29,56.15,0.619,self_employed,education,east,43146.01,1,0
52,68689.48,658.0,23,1587.59,3,48,0.023,2811.0,1527.59,34,82.68,0.961,salaried,education,north,52907.67,0,0
36,80468.3,613.0,3,13930.0,4,24,0.173,2636.82,10433.48,21,125.56,0.642,self_employed,auto,west,42879.6,1,0
36,57069.61,689.0,25,6544.17,2,24,0.115,2876.35,21591.25,24,119.85,0.405,salaried,home,south,54441.59,0,0
59,27879.73,719.0,9,22578.57,6,24,0.81,1200.73,4592.9,31,38.73,0.584,self_employed,auto,east,36654.55,0,0
51,82418.36,477.0,8,1890.12,0,48,0.023,2035.12,44040.45,31,65.65,0.816,contract,business,north,47550.18,1,0
63,54535.04,630.0,0,1202.26,6,12,0.022,2499.24,9706.22,24,104.14,0.704,salaried,auto,west,45825.12,0,0
44,23101.94,739.0,15,2485.11,4,12,0.108,612.45,1884.33,36,17.01,0.851,salaried,auto,west,51145.23,0,0
21,62275.71,772.0,12,553.31,5,24,0.009,1304.55,36961.36,20,65.23,0.665,salaried,home,east,59898.91,0,0
31,64428.14,494.0,13,3472.02,8,36,0.054,1734.89,15790.51,25,69.4,0.925,salaried,education,east,45986.55,0,0
41,46105.34,748.0,22,2994.23,3,36,0.065,968.78,18466.89,25,38.75,0.54,self_employed,education,central,52652.99,0,0
24,49561.69,564.0,17,4844.0,2,36,0.098,3072.75,8627.58,24,128.03,0.507,self_employed,auto,north,47184.37,0,0
27,41445.34,710.0,27,5595.43,2,36,0.135,1957.95,6841.09,26,75.31,0.803,salaried,auto,west,41776.41,0,0
46,65333.29,603.0,19,1406.94,9,60,0.022,3063.9,17613.79,19,161.26,0.539,unemployed,auto,central,50323.64,1,0
32,57699.06,713.0,0,8693.44,4,60,0.151,3445.65,29523.75,14,246.12,0.567,unemployed,home,central,48892.34,1,0
51,36000.82,619.0,11,2277.41,6,24,0.063,941.33,12487.21,25,37.65,0.598,salaried,education,central,46904.88,0,0
37,112205.44,528.0,26,1170.25,3,36,0.01,2466.81,36377.84,25,98.67,0.633,salaried,education,south,62705.75,0,0
53,40150.44,601.0,12,11104.05,0,36,0.277,1978.4,9777.54,15,131.89,0.958,salaried,auto,central,33668.28,0,0
31,16027.59,696.0,3,206.98,5,24,0.013,746.51,2620.27,32,23.33,0.669,salaried,auto,north,49918.33,0,0
48,43835.38,614.0,24,4135.01,7,48,0.094,2565.62,20227.94,24,106.9,0.643,salaried,personal,north,47248.36,1,0
52,86156.6,559.0,5,1403.61,1,48,0.016,2955.18,2502.74,29,101.9,0.825,salaried,education,central,55239.77,0,0
21,49368.14,542.0,21,19294.3,1,36,0.391,2165.0,27834.64,27,80.19,0.809,self_employed,personal,east,38288.47,0,0
48,25960.96,581.0,2,15658.91,1,36,0.603,1151.62,12111.45,26,44.29,0.82,contract,business,central,33227.82,0,0
62,34110.44,580.0,14,561.92,0,36,0.016,1075.32,700.45,25,43.01,0.767,salaried,auto,south,39803.46,0,1
27,33308.11,699.0,10,7195.6,5,12,0.216,1193.6,16850.0,39,30.61,0.882,unemployed,business,central,55482.88,1,0
22,41819.63,616.0,33,3150.56,3,48,0.075,1478.37,9079.27,39,37.91,0.589,salaried,education,central,49185.87,0,0
62,48157.53,625.0,26,1924.82,1,48,0.04,2697.74,983.75,24,112.41,0.568,salaried,education,east,50108.19,0,0
44,67658.93,635.0,22,3359.66,4,36,0.05,2468.2,13419.19,28,88.15,0.769,self_employed,personal,east,60866.49,0,0
24,57399.88,696.0,16,15229.87,4,12,0.265,2686.12,14516.3,26,103.31,0.529,unemployed,auto,north,47351.67,0,0
64,58652.28,704.0,22,536.37,9,24,0.009,2135.64,2929.99,33,64.72,0.818,unemployed,auto,north,61023.0,0,0
39,120657.22,605.0,33,9403.09,5,36,0.078,2940.41,20591.88,19,154.76,0.283,salaried,auto,central,61103.29,1,0
46,79807.54,628.0,20,22015.0,9,48,0.276,4741.17,30255.08,28,169.33,0.761,salaried,auto,north,51570.85,0,0
31,76708.06,705.0,32,5348.78,3,12,0.07,1849.6,8884.32,31,59.66,0.82,salaried,home,north,59530.89,0,0
60,23958.47,591.0,4,20860.56,3,36,0.871,509.19,14222.73,24,21.22,0.889,salaried,business,central,28162.13,1,0
63,38626.25,603.0,16,21357.11,4,36,0.553,1241.06,5763.64,30,41.37,0.739,salaried,home,west,37922.33,0,0
31,26405.81,704.0,0,8465.15,4,24,0.321,855.59,13277.41,35,24.45,0.88,salaried,education,north,41784.24,0,0
23,38327.63,601.0,6,5476.62,0,24,0.143,1262.03,5987.03,18,70.11,0.782,unemployed,home,north,39276.96,0,0
32,77473.41,671.0,2,12043.15,6,36,0.155,4201.6,21651.55,25,168.06,0.834,salaried,home,east,46234.25,0,0
23,45398.17,516.0,25,22316.33,5,60,0.492,1488.49,7755.31,27,55.13,0.692,self_employed,education,central,34619.24,1,0
62,87780.86,700.0,15,10255.9,4,48,0.117,4136.88,39362.09,25,165.48,0.821,self_employed,home,central,57376.67,0,0
47,74006.69,633.0,15,2117.03,4,36,0.029,1564.79,2993.62,29,53.96,0.79,salaried,home,east,54888.07,0,1
22,55420.44,685.0,13,15435.97,3,36,0.279,3215.42,4889.09,18,178.63,0.883,self_employed,personal,north,45098.59,0,0
36,88718.25,745.0,25,27241.92,6,36,0.307,2809.24,43024.98,20,140.46,0.672,salaried,home,west,60051.37,0,0
22,100106.23,622.0,26,4752.89,5,48,0.047,4327.71,54192.55,31,139.6,0.794,self_employed,home,north,68570.86,0,0
50,66467.89,520.0,16,10763.73,5,24,0.162,2958.7,387.58,22,134.49,0.783,salaried,home,central,44593.84,1,0
40,60083.18,619.0,3,6571.41,5,36,0.109,1852.35,4607.39,28,66.16,0.82,salaried,business,west,43942.55,0,0
58,72042.82,753.0,16,1069.14,3,24,0.015,3274.91,3942.47,31,105.64,0.803,salaried,business,east,58660.07,0,0
48,28768.49,664.0,32,3874.86,2,48,0.135,1638.5,490.85,26,63.02,0.786,salaried,home,west,54723.81,0,0
45,51384.55,560.0,29,1610.31,3,60,0.031,1779.49,28981.05,27,65.91,0.87,unemployed,home,central,55692.08,0,0
52,53594.64,634.0,20,10075.95,7,36,0.188,3201.61,6963.49,24,133.4,0.529,self_employed,education,central,48577.75,0,0
30,45892.87,691.0,16,7852.5,5,12,0.171,1404.72,26509.71,21,66.89,0.75,salaried,education,west,54333.44,0,0
62,37976.65,639.0,10,306.99,4,48,0.008,977.75,742.59,31,31.54,0.763,salaried,home,west,42737.23,1,0
60,84890.74,637.0,29,572.28,5,60,0.007,3005.39,39842.61,33,91.07,0.839,self_employed,education,north,62859.19,0,0
53,58485.03,589.0,17,2719.59,4,60,0.046,3393.57,21272.79,34,99.81,0.673,self_employed,auto,south,52997.37,1,0
33,60927.86,596.0,19,12293.47,6,60,0.202,1679.01,906.31,26,64.58,0.541,salaried,auto,east,41517.33,1,0
61,102853.51,669.0,33,1220.69,5,36,0.012,3924.96,53520.66,32,122.66,0.721,salaried,personal,south,65760.52,0,0
62,49617.67,692.0,27,2062.16,4,60,0.042,2324.34,226.13,25,92.97,0.845,salaried,home,north,54149.29,0,0
57,45480.97,635.0,8,21437.23,2,24,0.471,2493.26,1196.67,32,77.91,0.827,self_employed,auto,west,37004.14,1,0
36,99965.65,608.0,30,7109.65,6,12,0.071,5852.51,27226.69,23,254.46,0.759,salaried,business,central,62859.51,0,0
42,27699.43,714.0,15,8728.4,6,36,0.315,1721.82,7292.28,28,61.49,0.788,contract,education,east,50103.51,0,0
40,55438.86,614.0,30,5475.39,8,12,0.099,3107.51,2228.43,26,119.52,0.851,self_employed,auto,central,50753.72,0,0
63,38873.22,675.0,28,3207.13,7,12,0.083,825.25,1484.5,33,25.01,0.77,contract,home,central,49785.58,0,0
47,61802.9,695.0,12,2578.71,3,36,0.042,2299.35,25697.54,22,104.52,0.832,self_employed,home,east,56173.84,0,0
61,70079.4,543.0,22,8007.27,2,48,0.114,3954.39,23556.73,24,164.77,0.212,salaried,business,north,40991.81,0,0
36,71855.74,662.0,13,5730.48,3,12,0.08,4419.35,1507.3,25,176.77,0.689,salaried,home,central,54987.17,0,0
54,85974.63,421.0,1,4643.04,5,24,0.054,2004.36,25468.12,36,55.68,0.793,salaried,home,east,43219.59,1,0
52,48356.83,641.0,11,10668.87,6,48,0.221,1692.21,2819.21,31,54.59,0.774,salaried,education,north,43683.7,0,0
46,49731.83,699.0,27,4659.96,2,24,0.094,2384.81,13812.74,22,108.4,0.455,salaried,auto,east,58030.98,0,0
45,68663.36,679.0,31,336.8,3,48,0.005,2599.86,23143.46,24,108.33,0.929,salaried,business,south,66574.81,0,0
22,80771.2,718.0,23,16474.69,2,36,0.204,2210.2,31774.41,23,96.1,0.739,contract,auto,west,60817.31,0,0
32,30177.84,680.0,28,3449.86,5,36,0.114,1759.71,756.79,42,41.9,0.814,self_employed,home,south,46040.56,0,0
60,62402.12,604.0,17,26336.15,10,24,0.422,2091.09,29018.03,22,95.05,0.638,self_employed,personal,south,37579.18,0,0
29,45348.85,519.0,2,19049.29,5,12,0.42,1428.05,881.61,30,47.6,0.84,salaried,home,north,32600.93,1,0
32,56343.3,660.0,12,2398.17,5,24,0.043,2515.77,12844.73,29,86.75,0.745,salaried,auto,south,51432.72,0,0
46,46142.52,691.0,12,30293.61,4,12,0.657,2585.32,2097.98,23,112.41,0.779,salaried,home,south,33313.45,1,0
29,39134.67,501.0,28,17290.3,3,12,0.442,1592.54,2310.29,41,38.84,0.66,self_employed,personal,north,37152.6,1,0
30,34257.63,684.0,1,37807.22,4,60,1.104,873.79,1150.51,30,29.13,0.833,salaried,home,east,23049.49,1,0
52,50616.82,657.0,27,10197.39,2,12,0.201,1999.29,4133.51,37,54.03,0.928,self_employed,auto,central,52166.43,0,0
54,63658.15,619.0,3,24027.27,2,36,0.377,1588.81,2463.7,28,56.74,0.468,self_employed,personal,south,36005.61,0,0
40,41301.19,687.0,4,10543.35,4,48,0.255,1159.64,24778.72,26,44.6,0.795,salaried,education,central,44977.57,0,0
59,92541.77,627.0,4,17384.99,2,24,0.188,3610.39,1998.72,26,138.86,0.956,salaried,auto,south,48350.1,0,0
22,163783.82,621.0,7,8484.39,3,36,0.052,4193.03,8164.0,27,155.3,0.71,salaried,personal,central,71197.47,0,0
21,65245.11,542.0,33,23827.81,5,24,0.365,3180.95,18116.03,27,117.81,0.487,salaried,personal,north,39976.85,0,0
56,53180.34,684.0,24,6569.92,3,48,0.124,2313.04,1492.5,31,74.61,0.678,contract,auto,east,52154.52,0,0
44,35935.53,539.0,26,12005.66,9,36,0.334,1262.61,7576.5,22,57.39,0.598,self_employed,education,central,38541.69,0,0
47,63992.82,592.0,6,22395.94,3,24,0.35,1757.3,9214.53,31,56.69,0.784,self_employed,home,west,42585.45,0,0
22,105316.89,689.0,31,4939.71,5,36,0.047,4445.33,38636.98,32,138.92,0.827,salaried,auto,east,71350.93,0,0
51,130198.53,636.0,20,240.81,1,12,0.002,7043.53,19038.88,35,201.24,0.765,salaried,personal,west,75085.81,0,0
34,101546.3,795.0,17,1079.67,4,36,0.011,5285.83,19567.27,25,211.43,0.552,contract,home,south,65756.6,0,0
22,79180.82,700.0,1,32151.54,2,48,0.406,4857.9,44623.2,32,151.81,0.681,self_employed,auto,north,45529.8,0,0
49,65159.08,714.0,4,18586.48,4,12,0.285,2715.93,25927.3,38,71.47,0.897,salaried,personal,south,48167.72,0,0
35,33796.06,723.0,27,5944.68,1,36,0.176,1593.35,15923.56,33,48.28,0.893,salaried,home,south,50211.3,0,0
32,51798.96,629.0,30,29174.56,4,36,0.563,1604.84,17125.79,33,48.63,0.686,self_employed,education,east,42607.85,0,0
57,49160.95,605.0,23,1847.79,4,24,0.038,2605.32,4074.59,25,104.21,0.59,salaried,education,west,49636.73,0,0
48,51951.1,547.0,32,1058.58,1,24,0.02,2164.75,14397.35,24,90.2,0.98,salaried,personal,east,49524.21,0,1
40,39193.43,526.0,11,8279.08,4,60,0.211,1588.35,5598.14,32,49.64,0.966,unemployed,education,north,37860.21,1,1
59,76193.99,748.0,8,4333.15,1,36,0.057,2536.01,1315.46,27,93.93,0.966,salaried,auto,north,58228.28,0,0
44,47894.73,597.0,14,3736.5,11,36,0.078,1632.93,24337.09,20,81.65,0.841,salaried,home,west,44973.18,1,0
41,46176.96,726.0,22,11923.47,3,48,0.258,1361.27,24876.77,28,48.62,0.665,contract,home,south,53313.23,0,0
30,39253.19,525.0,21,1462.81,5,24,0.037,2364.2,588.07,32,73.88,0.756,salaried,education,east,44360.81,0,0
34,60146.29,634.0,9,13563.92,5,48,0.226,1849.4,16664.59,27,68.5,0.574,contract,education,west,45189.55,1,0
57,106249.84,758.0,27,4008.85,3,36,0.038,2384.38,61845.36,27,88.31,0.23,salaried,home,central,71802.23,0,0
38,53928.06,673.0,34,38905.37,1,24,0.721,2073.05,20225.33,29,71.48,0.722,salaried,personal,south,37591.51,1,0
44,61499.43,675.0,28,14887.38,7,24,0.242,3763.09,30046.79,21,179.19,0.774,contract,personal,east,56019.11,0,0
34,129426.35,600.0,4,9351.81,7,12,0.072,2860.08,43123.45,21,136.19,0.783,salaried,education,south,58664.26,0,0
54,93111.14,573.0,3,2345.81,3,36,0.025,2941.76,28198.94,22,133.72,0.857,salaried,auto,south,52270.02,0,0
32,70578.81,646.0,14,28199.75,3,60,0.4,2207.27,31087.05,29,76.11,0.836,salaried,personal,north,40980.41,0,0
42,69255.93,554.0,29,301.17,8,36,0.004,2979.47,1420.56,25,119.18,0.678,salaried,home,north,57951.81,0,0
26,41300.11,641.0,25,2274.89,3,36,0.055,2162.22,1622.0,33,65.52,0.752,self_employed,personal,south,49172.89,0,0
56,39521.84,733.0,22,337.22,10,48,0.009,1505.28,12674.01,18,83.63,0.819,salaried,business,west,58089.38,0,0
56,57735.86,542.0,28,30570.24,3,12,0.529,1993.79,25486.27,30,66.46,0.689,salaried,education,central,37182.35,1,0
42,58398.67,705.0,21,18462.9,4,48,0.316,1909.99,582.05,21,90.95,0.948,self_employed,home,east,50816.24,0,0
34,36960.53,735.0,34,27349.2,8,36,0.74,2183.1,1520.94,25,87.32,0.788,salaried,auto,west,48120.91,0,0
36,74345.88,628.0,17,11298.5,5,36,0.152,4462.69,29019.76,20,223.13,0.446,salaried,auto,west,50218.46,1,0
56,47820.8,653.0,34,250.26,2,24,0.005,2151.39,26013.39,30,71.71,0.438,self_employed,education,east,55147.0,1,0
45,89975.65,609.0,32,24128.56,3,12,0.268,5176.44,21410.04,22,235.29,0.701,contract,home,east,50480.51,0,0
52,52842.24,624.0,6,4917.34,1,36,0.093,3275.55,27227.19,23,142.42,0.686,salaried,personal,west,45729.71,0,0
53,50778.88,720.0,33,4132.65,1,36,0.081,2254.98,204.6,26,86.73,0.861,salaried,education,north,56458.95,0,0
56,35531.38,712.0,9,3008.34,5,24,0.085,1181.03,652.8,26,45.42,0.872,salaried,auto,central,48207.54,0,0
40,37326.66,683.0,23,3041.91,5,24,0.081,1300.28,2773.78,34,38.24,0.796,contract,auto,south,55765.48,0,0
38,98026.58,702.0,24,14513.27,4,24,0.148,4543.33,1619.17,31,146.56,0.957,salaried,education,south,58672.18,0,0
58,61146.85,667.0,26,2666.02,5,36,0.044,2244.84,13193.3,33,68.03,0.715,self_employed,home,west,54765.63,0,0
23,64549.4,546.0,5,2261.13,1,48,0.035,2716.25,24477.55,26,104.47,0.51,salaried,personal,north,46246.95,0,0
43,111334.13,740.0,7,10776.54,3,36,0.097,3385.08,6365.46,32,105.78,0.439,salaried,auto,east,62858.29,0,0
52,29944.03,574.0,20,3050.31,3,24,0.102,1863.56,4243.31,22,84.71,0.585,salaried,home,central,43143.58,0,0
36,73281.62,641.0,18,118.96,5,48,0.002,2112.86,32335.05,29,72.86,0.606,contract,auto,east,63257.28,0,0
25,26514.56,723.0,33,24163.36,4,36,0.911,1562.18,1110.37,19,82.22,0.631,salaried,education,south,44430.14,0,0
24,44491.64,531.0,22,3386.18,4,48,0.076,2537.71,15780.03,28,90.63,0.482,salaried,auto,south,51871.46,0,0
41,32361.05,703.0,12,13009.72,7,36,0.402,1766.9,13871.02,26,67.96,0.535,unemployed,personal,west,49537.1,1,0
60,79727.17,549.0,27,5696.72,7,36,0.071,4773.83,34960.69,24,198.91,0.925,salaried,personal,south,55218.5,1,0
34,23147.06,701.0,5,1295.66,5,24,0.056,1259.32,3268.04,24,52.47,0.832,salaried,auto,east,42402.0,0,0
59,48847.67,752.0,11,9760.47,7,60,0.2,1735.18,1603.58,25,69.41,0.682,salaried,home,central,50617.76,0,0
51,32162.4,587.0,2,2370.53,4,60,0.074,897.3,14015.45,24,37.39,0.719,salaried,home,south,38475.07,1,0
34,36876.74,576.0,19,3056.06,7,24,0.083,1542.37,15041.7,20,77.12,0.75,contract,home,north,41572.36,0,0
26,39524.66,656.0,7,296.49,8,48,0.008,832.41,11544.72,34,24.48,0.626,self_employed,home,south,44489.09,1,0
32,98085.72,574.0,25,148.85,4,24,0.002,5921.58,2637.94,18,328.98,0.589,salaried,auto,west,62541.81,0,0
36,46590.26,465.0,27,6486.88,7,36,0.139,2632.67,7803.89,30,87.76,0.904,salaried,home,central,37772.23,1,0
37,117865.16,648.0,34,535.79,4,36,0.005,6487.8,28728.26,28,231.71,0.887,contract,home,south,74775.21,0,0
43,129503.59,678.0,1,2114.87,3,60,0.016,4626.01,5231.36,29,159.52,0.493,salaried,home,central,67915.58,0,0
34,140246.62,622.0,6,23170.39,4,24,0.165,3592.76,3508.73,17,211.34,0.672,salaried,business,east,55295.65,1,0
27,52762.44,660.0,24,778.41,1,48,0.015,2662.56,18586.63,30,88.75,0.879,contract,auto,east,57451.79,0,0
52,59555.31,739.0,31,3092.43,1,24,0.052,2849.05,33809.69,33,86.33,0.956,salaried,home,central,64703.18,0,0
35,64220.65,620.0,11,11669.01,6,12,0.182,3540.88,3039.43,23,153.95,0.833,salaried,auto,south,47694.39,0,0
64,45918.83,631.0,10,19412.74,6,24,0.423,1931.35,21017.66,30,64.38,0.662,salaried,business,south,39303.12,1,1
37,65576.1,648.0,9,425.82,1,48,0.006,1779.77,2899.48,40,44.49,0.933,self_employed,personal,east,51798.95,0,0
61,35566.58,623.0,34,1845.96,3,60,0.052,1952.83,11120.61,32,61.03,0.782,salaried,home,south,57027.6,0,0
64,23295.98,623.0,3,4417.49,3,12,0.19,1167.03,2443.53,17,68.65,0.697,salaried,auto,east,34300.38,1,0
54,74709.35,795.0,1,4030.58,2,12,0.054,4538.43,16949.36,24,189.1,0.834,self_employed,home,south,65332.8,0,0
25,46286.33,661.0,27,3063.74,2,24,0.066,1137.44,9241.87,28,40.62,0.762,self_employed,education,central,54661.47,0,0
47,34908.61,625.0,13,2497.3,4,36,0.072,1580.74,15120.72,35,45.16,0.8,contract,home,north,45725.92,0,0
43,36952.85,768.0,28,2815.88,5,60,0.076,1749.84,11515.17,20,87.49,0.967,contract,personal,south,53611.27,0,0
60,107130.7,742.0,1,1288.87,3,12,0.012,6695.21,2396.45,25,267.81,0.559,self_employed,auto,east,68254.18,0,0
34,66759.42,703.0,33,1604.89,0,48,0.024,3706.41,2618.68,21,176.5,0.759,salaried,business,north,68185.26,0,0
35,27308.73,598.0,32,8400.17,0,36,0.308,924.58,4619.95,29,31.88,0.413,salaried,home,east,39977.11,0,0
63,31756.61,850.0,19,3110.23,3,24,0.098,1287.19,12447.88,36,35.76,0.616,salaried,auto,west,57504.34,0,0
53,47508.04,517.0,29,4592.71,4,24,0.097,1697.43,27824.92,30,56.58,0.672,salaried,education,east,47311.21,1,0
51,67129.86,499.0,25,4778.74,6,12,0.071,3965.84,9379.71,31,127.93,0.676,salaried,home,east,38637.84,0,0
55,37890.01,683.0,19,1046.15,6,24,0.028,1616.84,2899.57,16,101.05,0.884,self_employed,home,central,47451.01,0,0
37,50119.93,620.0,0,15407.91,10,60,0.307,2927.41,2800.11,25,117.1,0.655,salaried,auto,west,42778.94,0,0
48,57042.28,439.0,0,28185.96,5,48,0.494,2048.63,1301.7,24,85.36,0.726,self_employed,home,south,22550.56,1,0
39,57576.56,638.0,24,2753.13,1,60,0.048,1630.75,23394.35,30,54.36,0.724,self_employed,business,south,55526.27,0,0
43,18438.36,657.0,32,3138.49,5,24,0.17,800.16,4093.77,25,32.01,0.837,self_employed,home,south,45546.17,0,0
52,59858.49,636.0,22,10632.68,4,36,0.178,3709.09,2998.74,21,176.62,0.183,salaried,home,central,46746.02,1,0
60,24840.07,676.0,10,756.19,6,60,0.03,1167.98,7552.36,19,61.47,0.385,self_employed,personal,west,52334.57,0,0
33,47625.36,610.0,14,21407.71,1,36,0.449,1101.38,9587.98,32,34.42,0.669,salaried,auto,east,35563.0,0,0
40,43233.17,638.0,13,1156.53,4,12,0.027,961.51,21372.92,29,33.16,0.913,self_employed,personal,north,47068.79,0,0
55,33341.9,761.0,0,11853.01,2,12,0.355,1291.52,5678.52,20,64.58,0.595,salaried,education,south,43373.83,0,0
25,79175.74,732.0,32,3101.64,4,36,0.039,1772.68,3492.68,30,59.09,0.848,self_employed,education,west,57415.01,0,0
29,32669.95,632.0,5,3514.28,8,24,0.108,822.96,686.17,35,23.51,0.532,self_employed,personal,central,39421.75,0,0
49,42816.48,697.0,22,1366.25,1,48,0.032,2236.17,11962.67,24,93.17,0.751,salaried,business,south,57514.14,0,0
26,80453.16,724.0,25,9354.72,3,48,0.116,4217.97,3083.26,29,145.45,0.627,salaried,auto,north,62916.9,0,0
45,42269.66,570.0,2,14262.46,1,12,0.337,1205.91,16880.35,31,38.9,0.493,contract,personal,central,39771.98,1,0
51,38509.9,678.0,5,27005.18,5,12,0.701,2167.96,11212.87,31,69.93,0.826,self_employed,education,south,35708.88,1,0
42,48017.94,663.0,24,3625.14,3,48,0.075,1351.65,4980.37,27,50.06,0.689,salaried,personal,central,54188.42,0,0
22,69094.2,706.0,16,8736.27,2,36,0.126,3639.66,31554.35,20,181.98,0.731,salaried,auto,north,56707.62,0,0
25,103864.08,570.0,27,4825.18,6,24,0.046,4770.89,55399.62,21,227.19,0.633,salaried,auto,west,60162.79,0,0
47,35551.77,647.0,31,7344.83,3,48,0.207,2009.39,19612.35,34,59.1,0.771,self_employed,personal,east,50984.46,0,0
45,36872.2,586.0,28,1600.65,5,48,0.043,1925.65,2845.45,29,66.4,0.844,self_employed,education,east,44321.23,0,0
28,47841.52,678.0,22,7845.15,6,24,0.164,997.36,2089.18,29,34.39,0.268,self_employed,auto,west,56420.79,0,0
21,60087.87,580.0,15,17019.18,3,36,0.283,1403.91,8466.33,15,93.59,0.417,salaried,auto,west,40665.11,1,0
40,38307.04,604.0,31,17932.98,2,36,0.468,849.42,3041.62,27,31.46,0.839,salaried,personal,east,38832.03,0,0
64,73854.6,660.0,25,5944.19,7,24,0.08,4103.65,4523.57,37,110.91,0.816,self_employed,business,east,61598.18,0,0
43,35854.52,570.0,32,2419.7,5,36,0.067,1637.26,80.75,25,65.49,0.835,salaried,education,north,50419.44,0,0
52,23031.44,513.0,18,16308.34,4,36,0.708,1408.76,12779.1,24,58.7,0.535,contract,home,north,31343.44,0,0
31,68823.39,738.0,16,67205.48,6,36,0.976,2547.86,25527.33,27,94.37,0.703,salaried,home,north,31207.83,0,0
59,72505.32,595.0,13,4261.19,7,24,0.059,2050.88,26821.46,28,73.25,0.77,contract,home,south,52264.98,1,0
44,86689.91,531.0,17,23236.97,2,48,0.268,3034.28,42529.68,30,101.14,0.736,self_employed,auto,south,43247.16,0,0
31,22106.9,556.0,20,36917.83,2,36,1.67,709.9,1149.14,28,25.35,0.595,self_employed,business,east,25016.61,1,0
49,40153.83,642.0,27,4531.87,5,48,0.113,2256.24,90.93,24,94.01,0.354,unemployed,personal,north,44360.27,0,0
46,48388.81,784.0,19,11338.05,1,36,0.234,1544.42,2214.72,28,55.16,0.735,unemployed,personal,west,49945.84,0,0
36,119447.38,638.0,5,7830.95,3,24,0.066,3152.56,29336.37,27,116.76,0.745,salaried,education,west,59767.03,0,0
55,50430.9,700.0,25,11527.48,5,24,0.229,1750.36,10598.69,28,62.51,0.585,self_employed,home,north,50754.72,0,0
40,29556.75,617.0,5,1506.75,9,24,0.051,1598.2,13355.74,28,57.08,0.42,unemployed,auto,south,42830.14,0,0
23,61915.96,666.0,25,4111.58,1,24,0.066,2323.63,16686.5,26,89.37,0.599,self_employed,personal,south,58506.83,1,0
21,97660.78,632.0,16,583.71,5,24,0.006,4537.77,57814.13,30,151.26,0.918,contract,business,central,65213.28,0,0
21,88741.91,698.0,1,8549.0,2,36,0.096,2608.55,4515.98,15,173.9,0.727,contract,education,east,51068.23,0,0
37,69759.52,554.0,20,23518.31,2,12,0.337,1672.38,9150.79,34,49.19,0.649,contract,home,central,40805.63,0,0
22,60972.89,656.0,6,7394.62,5,24,0.121,1864.81,19373.8,27,69.07,0.517,contract,auto,north,47278.5,0,0
49,19526.18,663.0,19,656.35,3,36,0.034,1073.79,836.6,26,41.3,0.719,salaried,home,east,39704.89,0,0
40,54805.72,684.0,2,23981.99,4,48,0.438,2712.94,11680.0,31,87.51,0.865,self_employed,business,west,35561.38,1,0
26,58698.13,536.0,18,1284.08,1,48,0.022,1423.82,688.79,41,34.73,0.614,salaried,personal,north,40938.49,0,0
28,50414.83,610.0,29,19305.73,2,48,0.383,1501.4,13888.87,29,51.77,0.495,contract,personal,south,47242.93,0,0
49,74473.23,701.0,10,11273.03,5,12,0.151,2270.01,6838.91,26,87.31,0.793,self_employed,auto,central,57204.15,0,0
53,50051.16,669.0,12,9104.51,2,36,0.182,1630.45,7842.02,28,58.23,0.649,salaried,auto,south,43850.69,0,0
23,45896.61,797.0,32,7955.45,4,48,0.173,2218.22,20089.62,24,92.43,0.76,self_employed,personal,south,60471.02,0,0
55,86469.67,605.0,1,1265.25,3,36,0.015,2396.21,2205.61,22,108.92,0.932,salaried,home,central,62233.13,1,0
25,44976.04,481.0,22,6253.52,1,60,0.139,1158.3,12347.82,23,50.36,0.76,salaried,education,south,43062.0,1,0
47,55775.74,610.0,19,1971.17,2,48,0.035,2352.78,21465.28,36,65.36,0.261,self_employed,auto,east,48071.55,0,0
64,81136.57,424.0,29,7633.15,8,48,0.094,2795.85,19566.22,25,111.83,0.443,self_employed,personal,east,40548.69,1,0
32,34378.93,710.0,14,5337.17,5,60,0.155,1034.24,9572.96,27,38.31,0.912,salaried,personal,east,53914.4,0,0
40,32740.44,650.0,1,10245.79,1,48,0.313,919.59,1497.11,27,34.06,0.697,salaried,home,east,44569.93,1,0
40,99814.93,684.0,29,36408.46,5,36,0.365,3165.71,32333.28,33,95.93,0.82,self_employed,home,north,49868.37,0,0
29,41492.98,697.0,24,4030.87,4,48,0.097,930.95,20947.22,31,30.03,0.701,self_employed,education,central,51143.72,0,0
59,73983.29,738.0,3,8630.75,0,24,0.117,2503.32,29799.79,32,78.23,0.778,contract,auto,central,57950.72,0,0
24,24369.94,430.0,0,17982.87,5,12,0.738,896.85,7034.38,26,34.49,0.833,self_employed,auto,east,20172.32,1,0
39,17564.35,476.0,7,877.79,2,12,0.05,531.12,9634.87,28,18.97,0.758,salaried,business,south,25157.26,0,0
58,63825.21,586.0,13,14496.02,3,48,0.227,3045.69,16693.76,22,138.44,0.554,unemployed,auto,central,44835.47,1,0
47,51155.01,624.0,10,2463.12,3,36,0.048,2896.26,2939.63,22,131.65,0.643,salaried,home,west,40478.79,0,0
63,64095.8,667.0,23,6994.16,1,24,0.109,3308.5,34149.86,22,150.39,0.625,salaried,personal,west,54995.55,0,1
33,125947.31,661.0,23,42910.73,2,36,0.341,3665.93,25243.44,24,152.75,0.705,contract,home,west,51145.25,0,0
33,31045.1,665.0,31,37245.84,0,12,1.2,815.8,102.6,35,23.31,0.731,salaried,education,north,31039.8,0,0
42,55115.41,517.0,24,3415.51,4,36,0.062,3271.04,10142.75,28,116.82,0.628,salaried,auto,south,41757.91,1,0
48,105330.65,582.0,27,1271.61,5,48,0.012,4188.7,30303.22,18,232.71,0.727,salaried,personal,north,66822.81,0,0
42,33128.67,623.0,15,25052.49,4,36,0.756,1883.0,1791.19,23,81.87,0.516,unemployed,personal,west,30138.76,1,0
63,41642.34,637.0,15,20158.98,4,36,0.484,1998.34,568.53,22,90.83,0.705,contract,business,central,34626.23,1,0
39,24458.22,607.0,11,8614.76,3,24,0.352,1253.68,1405.73,34,36.87,0.67,self_employed,home,west,40469.18,0,0
28,148305.88,672.0,11,296.53,8,48,0.002,4293.79,87348.82,35,122.68,0.897,salaried,business,north,78562.34,0,0
28,20089.58,553.0,33,12522.86,0,36,0.623,1082.4,594.09,28,38.66,0.874,self_employed,auto,west,39304.26,0,0
62,77603.17,609.0,19,1578.35,7,36,0.02,2920.75,8137.13,29,100.72,0.712,contract,auto,east,58432.66,0,0
46,29914.24,693.0,14,25785.7,5,24,0.862,1084.01,13760.11,34,31.88,0.91,self_employed,home,east,40240.45,0,0
46,33762.25,667.0,21,5140.37,3,60,0.152,1569.95,750.17,27,58.15,0.85,salaried,home,north,49942.63,0,0
43,87446.22,618.0,15,8593.31,4,24,0.098,2830.85,18485.25,29,97.62,0.853,salaried,auto,west,62963.53,0,0
63,38788.16,620.0,23,2970.05,1,60,0.077,1243.95,302.89,31,40.13,0.591,contract,education,east,43881.32,0,0
33,72642.43,610.0,2,5800.51,7,24,0.08,1750.86,42583.1,38,46.08,0.989,contract,personal,west,51180.98,0,0
48,100812.16,622.0,0,12645.09,3,60,0.125,3764.94,54290.32,29,129.83,0.678,salaried,education,east,55298.78,0,0
29,59296.98,607.0,16,6095.76,5,36,0.103,2742.81,11341.94,30,91.43,0.901,self_employed,home,central,39533.11,0,0
40,80836.08,619.0,20,16907.47,7,12,0.209,2573.46,4619.93,24,107.23,0.846,salaried,home,central,49644.18,0,0
39,56179.26,675.0,12,11235.32,5,60,0.2,3265.09,16945.39,24,136.05,0.885,salaried,education,north,51330.43,0,0
59,57362.88,673.0,1,724.64,1,24,0.013,3526.12,6974.44,35,100.75,0.477,self_employed,home,south,54070.7,1,0
32,40712.15,538.0,1,8401.74,4,48,0.206,1094.95,12449.48,37,29.59,0.729,salaried,home,east,34531.19,0,0
35,129054.07,802.0,24,8534.66,4,36,0.066,5512.8,6063.06,22,250.58,0.725,contract,business,east,79631.03,0,0
51,75680.82,604.0,27,4315.37,5,24,0.057,2528.25,17920.86,26,97.24,0.911,salaried,personal,north,57070.91,0,1
34,68515.3,690.0,25,3507.09,8,12,0.051,2550.9,2430.87,29,87.96,0.764,salaried,home,east,62202.22,0,0
31,76621.47,559.0,34,584.57,7,24,0.008,3011.95,25938.14,31,97.16,0.67,self_employed,home,central,59610.36,0,0
46,39943.42,774.0,27,5317.86,4,36,0.133,1582.32,10107.9,21,75.35,0.661,salaried,personal,north,57335.57,0,0
62,82366.77,696.0,32,3693.35,3,36,0.045,3011.46,47892.74,40,75.29,0.672,self_employed,home,south,68303.8,0,0
47,109113.77,683.0,17,27154.96,5,24,0.249,3896.51,23772.3,28,139.16,0.729,salaried,personal,north,52234.79,0,0
31,29105.61,635.0,13,10092.54,5,24,0.347,699.86,1154.07,21,33.33,0.519,self_employed,home,south,35250.22,0,0
58,69127.18,494.0,8,5546.7,2,24,0.08,2558.97,35303.44,29,88.24,0.706,salaried,home,central,42387.84,0,0
54,55728.98,791.0,29,12644.23,6,24,0.227,3456.34,31203.02,24,144.01,0.838,contract,auto,north,51755.1,0,0
63,42888.83,723.0,2,13576.96,3,36,0.317,1712.79,12936.82,22,77.85,0.842,self_employed,auto,west,42214.08,0,0
39,33124.71,623.0,33,5893.23,3,36,0.178,1201.07,2237.65,23,52.22,0.982,salaried,personal,west,51114.84,0,1
26,86973.94,691.0,32,709.03,5,36,0.008,4570.5,6219.88,24,190.44,0.667,salaried,home,central,73306.85,0,0
58,59491.89,539.0,26,13649.72,5,24,0.229,3446.01,20792.54,24,143.58,0.795,salaried,auto,east,45095.0,1,0
62,49354.86,488.0,8,851.61,2,12,0.017,2390.43,4388.51,20,119.52,0.99,self_employed,home,north,38394.08,0,0
48,69152.67,651.0,12,16925.72,3,36,0.245,2478.43,9250.13,21,118.02,0.475,salaried,home,west,44267.78,1,0
21,51155.93,582.0,29,3660.31,4,60,0.072,1926.97,24196.33,27,71.37,0.698,self_employed,personal,east,43811.16,0,0
55,39464.93,609.0,15,9150.99,6,36,0.232,1510.38,5867.81,28,53.94,0.743,salaried,education,central,45706.05,0,0
60,57413.14,646.0,25,12137.67,9,48,0.211,1443.24,13990.02,23,62.75,0.854,self_employed,auto,west,52514.51,0,0
28,53497.88,549.0,4,322.44,4,12,0.006,2312.09,12618.07,32,72.25,0.402,self_employed,auto,east,44251.43,1,0
27,24382.37,643.0,26,4369.55,3,12,0.179,696.34,6712.29,40,17.41,0.635,salaried,auto,north,48574.86,0,0
31,40810.51,556.0,14,8340.32,4,48,0.204,1986.26,10763.95,26,76.39,0.595,self_employed,personal,east,36492.46,0,0
59,30669.45,736.0,27,16963.42,4,36,0.553,1607.86,9897.5,27,59.55,0.953,contract,home,west,45470.71,0,0
24,25767.49,641.0,2,11385.29,1,48,0.442,1168.01,8447.37,27,43.26,0.823,salaried,personal,north,38419.63,0,0
45,66867.26,695.0,0,20382.5,6,36,0.305,2168.98,10035.35,22,98.59,0.801,salaried,education,west,43658.49,0,0
32,40096.92,499.0,0,777.11,1,12,0.019,2205.95,4279.84,29,76.07,0.558,salaried,auto,north,32240.46,1,0
46,86563.44,700.0,5,670.79,8,36,0.008,2531.59,11064.69,29,87.3,0.602,salaried,personal,south,57375.3,0,0
58,23792.64,777.0,10,11250.93,1,36,0.473,712.41,3295.32,29,24.57,0.592,salaried,personal,west,55009.39,0,0
32,47382.62,660.0,15,4575.38,3,36,0.097,1257.31,2351.03,24,52.39,0.646,self_employed,home,south,49122.93,0,0
63,41061.78,694.0,32,5913.62,10,24,0.144,2155.06,22973.33,29,74.31,0.598,self_employed,auto,central,52495.94,0,0
57,26633.25,630.0,23,8344.26,5,60,0.313,1159.19,11947.66,31,37.39,0.783,self_employed,auto,north,38252.64,0,0
44,54300.52,682.0,31,38380.73,4,36,0.707,1379.5,2395.64,29,47.57,0.479,self_employed,education,west,37280.35,0,0
36,27700.37,786.0,9,625.75,8,36,0.023,1259.1,10184.42,28,44.97,0.799,self_employed,education,central,57023.88,0,0
33,59887.44,841.0,24,1037.64,4,36,0.017,3389.36,28316.83,21,161.4,0.925,contract,education,central,73632.39,0,0
45,74932.38,677.0,9,15911.33,3,36,0.212,2971.83,24164.4,41,72.48,0.65,salaried,personal,east,53887.29,0,0
24,61108.05,563.0,12,186.64,2,36,0.003,3387.68,4057.79,23,147.29,0.468,self_employed,home,south,51839.11,1,0
31,64682.6,703.0,0,5387.98,4,24,0.083,3870.13,20502.86,30,129.0,0.337,salaried,home,west,50596.32,0,0
52,86168.13,545.0,34,13389.69,2,24,0.155,2752.33,3357.68,30,91.74,0.766,salaried,home,north,52105.97,0,0
27,53527.8,597.0,13,1955.22,0,24,0.037,2373.8,1875.36,33,71.93,0.776,salaried,home,north,48372.45,0,0
31,37357.45,607.0,20,1863.33,2,48,0.05,2165.63,16382.92,32,67.68,0.661,salaried,personal,north,44462.51,0,0
48,41190.87,823.0,0,3342.87,5,48,0.081,1904.63,7207.34,26,73.26,0.835,self_employed,home,east,53619.81,0,0
61,41592.77,771.0,19,1462.78,3,48,0.035,1621.51,1765.96,39,41.58,0.782,salaried,personal,central,54858.33,0,0
43,33877.2,754.0,4,10214.3,6,36,0.302,1547.47,7221.26,27,57.31,0.866,salaried,personal,east,42986.01,0,0
43,77102.82,720.0,31,2009.84,10,24,0.026,4005.84,33427.53,32,125.18,0.428,self_employed,business,east,54010.9,0,0
48,68672.65,573.0,0,2315.63,5,60,0.034,2216.55,2082.77,30,73.89,0.744,self_employed,home,central,45696.01,1,0
63,25610.27,670.0,1,7699.62,5,48,0.301,686.13,12141.46,32,21.44,0.775,salaried,business,central,36175.34,0,0
46,37352.46,806.0,30,30794.73,5,48,0.824,1073.29,11633.47,28,38.33,0.821,contract,auto,east,45979.96,0,0
45,33143.66,688.0,25,22068.39,3,36,0.666,1694.88,6193.0,33,51.36,0.865,salaried,auto,west,40356.72,0,0
49,62492.74,738.0,8,17988.84,6,24,0.288,1591.5,37125.49,19,83.76,0.765,self_employed,home,west,52533.52,0,0
39,87941.69,513.0,29,6812.91,12,24,0.077,3017.29,14108.68,32,94.29,0.7,salaried,home,south,55184.5,1,0
53,66282.67,711.0,7,3181.22,5,12,0.048,3683.52,16804.04,28,131.55,0.826,salaried,home,south,60644.76,0,0
56,39516.1,560.0,4,11010.46,5,36,0.279,2280.67,18557.38,26,87.72,0.728,salaried,business,east,36274.43,0,0
34,46932.22,631.0,3,4442.43,4,24,0.095,2870.65,1503.45,26,110.41,0.695,salaried,home,south,47425.25,0,0
34,28946.86,771.0,20,13542.01,3,24,0.468,1336.76,1204.73,23,58.12,0.943,contract,auto,central,54433.01,0,0
55,29963.25,680.0,32,146.92,1,48,0.005,922.55,9079.5,32,28.83,0.474,salaried,auto,south,56760.23,0,0
50,79278.51,719.0,25,6786.4,3,24,0.086,3849.02,29657.69,24,160.38,0.698,salaried,personal,south,63483.95,0,0
48,103761.52,634.0,10,3703.58,5,24,0.036,2979.13,32903.17,27,110.34,0.698,contract,personal,north,63965.4,0,0
37,39275.42,486.0,20,2577.74,1,48,0.066,1211.94,2337.59,30,40.4,0.538,self_employed,personal,central,39972.51,0,0
23,55362.26,571.0,21,9758.04,5,36,0.176,3295.74,7769.77,36,91.55,0.619,self_employed,business,north,42032.52,0,0
36,74924.46,708.0,6,9666.33,2,36,0.129,1591.36,40241.53,27,58.94,0.728,self_employed,auto,north,54214.05,0,0
50,25623.65,678.0,12,339.94,1,12,0.013,1120.38,7416.02,27,41.5,0.568,salaried,home,south,43433.09,0,0
49,33795.77,791.0,19,26556.64,4,24,0.786,786.22,1169.49,28,28.08,0.526,salaried,business,east,46739.18,0,0
35,132871.26,661.0,14,4042.68,6,24,0.03,4001.44,78025.51,27,148.2,0.883,self_employed,business,central,74377.47,0,0
45,35207.96,574.0,33,22444.56,5,60,0.637,1252.73,18459.45,24,52.2,0.782,salaried,education,central,43025.48,0,0
58,46035.8,648.0,24,7887.57,2,12,0.171,1167.3,288.53,24,48.64,0.51,self_employed,business,north,48468.44,0,0
62,41302.55,735.0,28,9515.26,7,48,0.23,919.98,10013.34,28,32.86,0.889,contract,business,central,54401.99,0,0
58,22078.27,501.0,27,29086.64,6,12,1.317,787.01,11499.12,31,25.39,0.611,self_employed,education,east,24193.34,1,0
43,56231.09,679.0,13,15543.73,0,60,0.276,2370.78,17648.27,25,94.83,0.622,contract,home,south,46734.52,1,0
45,53564.23,543.0,3,1357.77,5,24,0.025,2916.54,2977.5,29,100.57,0.706,self_employed,home,east,42652.64,0,0
62,58769.78,664.0,6,47.11,2,24,0.001,2051.97,21498.25,28,73.28,0.845,salaried,home,north,54374.46,0,0
27,52153.21,712.0,12,3321.17,5,48,0.064,1762.25,25535.57,29,60.77,0.701,self_employed,auto,central,52207.32,0,0
42,44049.2,697.0,16,6034.33,10,24,0.137,938.59,12382.05,26,36.1,0.803,salaried,personal,east,43304.73,0,0
37,42925.77,764.0,28,11855.95,4,36,0.276,1997.79,316.69,27,73.99,0.661,self_employed,auto,east,52604.47,0,0
38,43257.28,671.0,16,9737.08,3,36,0.225,2281.15,6560.31,28,81.47,0.356,contract,auto,west,47569.06,0,0
61,34720.64,694.0,18,3376.9,4,36,0.097,728.56,3425.46,25,29.14,0.891,salaried,auto,west,48526.55,0,0
30,37226.94,697.0,25,7027.9,1,48,0.189,784.36,1805.77,20,39.22,0.699,contract,auto,east,51941.51,0,0
30,34983.75,568.0,8,9472.43,5,24,0.271,1991.2,1944.18,26,76.58,0.845,salaried,education,central,38009.62,0,0
27,70125.01,639.0,1,6489.3,2,48,0.093,2271.9,10783.5,25,90.88,0.714,salaried,home,east,45140.83,0,0
58,62177.36,441.0,19,10510.92,2,60,0.169,2657.94,12844.97,33,80.54,0.984,salaried,auto,east,34827.84,1,0
47,54841.92,682.0,22,5976.11,2,36,0.109,2648.33,24626.51,27,98.09,0.824,salaried,education,west,52366.7,0,0
53,129834.95,416.0,17,6789.17,4,36,0.052,6192.55,35233.96,28,221.16,0.803,contract,personal,north,57056.79,1,0
21,35718.97,722.0,25,25437.75,4,60,0.712,1576.52,1749.96,26,60.64,0.729,contract,home,south,39142.38,1,0
64,89630.38,791.0,24,4436.25,3,12,0.049,2616.52,18347.52,28,93.45,0.878,self_employed,personal,south,70300.0,0,0
54,48193.84,692.0,16,12684.49,4,24,0.263,2525.06,1571.06,29,87.07,0.799,salaried,auto,north,53240.81,0,0
24,58146.68,706.0,9,3667.34,1,24,0.063,2589.63,29289.31,30,86.32,0.788,salaried,business,south,57418.65,0,0
37,73277.68,752.0,24,3629.24,2,12,0.05,2509.92,16337.55,36,69.72,0.674,contract,personal,north,65345.67,0,0
24,43700.23,613.0,27,23515.27,0,48,0.538,2171.05,17126.63,20,108.55,0.518,salaried,home,central,44225.16,1,0
63,33674.16,542.0,25,10795.99,3,24,0.321,913.59,1329.49,30,30.45,0.579,contract,education,west,39519.25,1,0
46,36268.35,643.0,11,23800.39,1,12,0.656,1309.88,812.84,27,48.51,0.831,unemployed,education,central,37371.94,0,0
24,20997.79,585.0,18,46961.36,2,24,2.236,610.81,9475.91,26,23.49,0.736,salaried,home,central,18011.15,1,0
21,71186.49,657.0,22,1.83,1,24,0.0,2552.52,23246.37,31,82.34,0.599,salaried,auto,south,61009.72,0,0
27,70420.02,672.0,13,36750.77,5,12,0.522,3092.69,2567.1,37,83.59,0.889,salaried,business,south,37092.1,1,1
50,110485.85,609.0,16,956.96,4,36,0.009,4413.59,27237.09,27,163.47,0.879,salaried,auto,south,61020.2,0,0
29,65298.09,589.0,14,657.12,3,12,0.01,2913.88,471.29,30,97.13,0.879,self_employed,home,north,51798.3,0,0
55,72754.87,467.0,20,13141.79,4,24,0.181,2434.07,30923.94,27,90.15,0.405,salaried,personal,north,42879.02,1,0
28,52224.35,636.0,29,3879.6,3,48,0.074,1283.89,11434.8,28,45.85,0.925,salaried,education,central,48780.49,0,0
44,66782.45,613.0,18,22488.71,1,24,0.337,1710.03,24904.12,31,55.16,0.599,salaried,auto,central,44670.0,1,0
39,88460.98,619.0,31,7077.37,4,36,0.08,3181.28,48349.36,30,106.04,0.923,salaried,auto,east,54120.67,0,0
56,58786.21,712.0,28,4391.48,1,24,0.075,2252.64,2964.49,22,102.39,0.895,contract,business,north,54939.99,0,0
63,42849.35,817.0,21,686.46,0,36,0.016,2179.73,16495.66,26,83.84,0.796,self_employed,home,south,58158.61,0,0
47,49064.85,620.0,19,5623.27,6,12,0.115,1618.79,7454.18,26,62.26,0.52,self_employed,personal,west,46856.32,0,0
52,75988.6,683.0,0,2930.3,1,12,0.039,3831.55,24276.24,38,100.83,0.839,salaried,auto,north,59947.77,0,0
34,43431.12,672.0,18,717.36,4,36,0.017,2006.08,1031.12,36,55.72,0.518,contract,personal,central,52508.42,0,0
38,80828.09,746.0,25,9988.57,3,48,0.124,2642.15,29325.46,30,88.07,0.846,contract,business,central,61733.43,0,0
48,127882.74,572.0,6,34083.15,0,48,0.267,7863.53,56802.18,35,224.67,0.839,contract,home,central,51105.61,1,0
49,81280.22,570.0,33,4286.58,1,48,0.053,2598.5,35863.42,26,99.94,0.774,salaried,education,south,55729.7,0,0
36,75827.11,580.0,5,3174.98,2,36,0.042,3254.2,4021.72,23,141.49,0.784,salaried,personal,central,48000.8,0,0
55,63350.27,457.0,21,848.4,3,36,0.013,3540.29,14964.1,34,104.13,0.794,contract,home,east,41644.64,0,0
51,38193.05,646.0,8,2272.52,2,12,0.059,1141.32,9404.22,19,60.07,0.723,salaried,home,north,42101.78,0,0
24,36665.37,561.0,28,3018.91,4,48,0.082,867.54,4715.68,28,30.98,0.453,contract,home,west,49386.33,0,0
57,36500.09,671.0,16,3796.76,2,24,0.104,1504.25,11032.81,27,55.71,0.984,salaried,business,east,49536.59,0,0
37,69538.05,447.0,12,9045.29,8,48,0.13,3238.96,12646.91,27,119.96,0.795,salaried,auto,south,49751.47,0,0
59,45466.98,645.0,16,1098.21,3,36,0.024,1184.59,10070.39,29,40.85,0.446,salaried,business,central,44899.76,0,0
46,53474.14,628.0,9,541.8,1,12,0.01,1352.99,1882.85,26,52.04,0.559,salaried,home,south,42805.71,0,0
59,65407.71,604.0,24,24008.46,1,36,0.367,1585.7,33457.28,39,40.66,0.967,salaried,education,south,45737.25,0,0
61,37116.26,735.0,17,14448.51,7,48,0.389,1790.0,9963.1,26,68.85,0.637,salaried,auto,north,41747.01,0,0
24,43223.27,582.0,14,2934.34,2,24,0.068,2582.66,14404.8,31,83.31,0.736,salaried,home,south,42271.65,0,0
50,62648.64,676.0,26,9164.72,5,24,0.146,3718.81,3014.86,24,154.95,0.58,self_employed,auto,central,50707.3,0,0
50,47529.97,596.0,18,8079.26,3,12,0.17,2591.39,12796.89,30,86.38,0.813,salaried,personal,north,49097.68,0,0
42,49570.29,791.0,14,12228.48,4,36,0.247,1805.58,12094.44,37,48.8,0.843,salaried,home,north,45875.25,0,0
31,34040.46,638.0,6,17649.77,3,24,0.518,1519.53,13828.49,33,46.05,0.588,salaried,education,central,33951.38,0,0
22,49873.24,707.0,15,3985.03,5,24,0.08,3116.82,8833.03,24,129.87,0.675,salaried,home,south,50832.1,0,0
64,113945.61,702.0,23,9731.34,2,36,0.085,6330.06,416.14,29,218.28,0.61,self_employed,education,north,68853.21,0,0
32,44317.79,747.0,22,14577.25,3,12,0.329,1083.29,4341.29,28,38.69,0.529,contract,home,central,48702.68,0,0
50,32333.05,662.0,10,10814.61,2,48,0.334,676.51,5813.03,29,23.33,0.637,salaried,personal,central,37995.51,0,0
56,83379.79,538.0,23,22975.08,4,36,0.276,3072.77,4080.62,27,113.81,0.907,salaried,auto,east,45433.1,1,0
38,68563.1,688.0,4,6143.2,1,24,0.09,1505.38,9742.67,29,51.91,0.742,contract,business,east,50042.38,0,0
46,59615.94,674.0,29,14604.56,2,48,0.245,3133.18,2265.35,31,101.07,0.584,salaried,auto,south,49979.32,1,0
27,29929.84,392.0,15,21645.69,1,36,0.723,1382.61,5968.31,29,47.68,0.89,contract,auto,central,23289.0,1,0
21,31905.19,508.0,19,7328.74,3,12,0.23,1545.1,1726.72,27,57.23,0.764,salaried,education,west,44583.43,1,0
46,27124.88,710.0,28,157.0,4,48,0.006,1609.22,1363.41,23,69.97,0.88,salaried,home,west,51903.01,0,0
43,65787.77,771.0,16,15334.15,0,24,0.233,4071.23,36935.52,34,119.74,0.678,self_employed,personal,central,57443.63,0,0
46,85728.54,643.0,18,16839.21,4,48,0.196,2938.07,998.18,33,89.03,0.77,contract,business,east,49552.18,0,0
26,66794.13,719.0,25,4595.19,3,36,0.069,1780.03,21084.09,26,68.46,0.44,salaried,auto,south,57286.28,0,0
26,130281.93,659.0,14,2341.51,4,12,0.018,2857.59,24357.67,30,95.25,0.648,self_employed,home,east,75745.77,0,0
64,44406.6,653.0,24,34411.69,2,36,0.775,2536.74,1505.08,27,93.95,0.825,salaried,personal,west,30611.72,0,0
28,46833.25,638.0,14,7219.1,7,24,0.154,1539.79,2001.73,28,54.99,0.545,salaried,auto,north,51240.75,0,0
44,56837.57,657.0,19,6534.38,1,60,0.115,1263.98,3359.32,38,33.26,0.725,salaried,auto,east,50497.9,0,0
42,48860.56,683.0,29,26281.33,5,48,0.538,2233.44,10849.44,22,101.52,0.687,salaried,education,central,48162.47,0,0
39,67806.95,616.0,20,4719.71,0,24,0.07,2545.65,11363.3,19,133.98,0.927,salaried,business,east,46892.97,1,0
57,40626.29,756.0,34,16962.93,8,12,0.418,2320.47,16560.22,30,77.35,0.69,salaried,auto,south,53105.1,0,0
38,28922.47,565.0,5,10855.31,4,36,0.375,725.44,14720.16,27,26.87,0.825,salaried,auto,west,28683.18,1,0
51,24216.68,795.0,10,30898.48,4,36,1.276,1105.18,876.2,31,35.65,0.723,salaried,home,south,43104.35,0,0
57,67253.93,632.0,22,5037.79,0,36,0.075,3614.07,3035.74,27,133.85,0.885,contract,education,north,60110.31,0,0
50,42759.21,646.0,8,21437.18,2,24,0.501,2433.74,1527.09,27,90.14,0.839,salaried,personal,west,37161.4,0,0
62,32006.89,597.0,17,7572.33,3,12,0.237,762.26,3061.73,26,29.32,0.887,self_employed,education,east,39244.81,1,0
53,41003.94,685.0,27,5814.25,6,36,0.142,2191.53,15782.24,20,109.58,0.859,salaried,home,south,55083.45,1,0
30,130436.18,618.0,18,3283.19,2,36,0.025,7041.47,45424.01,28,251.48,0.907,unemployed,education,east,68568.23,1,1
57,32862.85,610.0,29,7240.69,1,60,0.22,1043.17,1593.26,21,49.67,0.624,self_employed,home,south,53611.46,0,0
32,75149.61,702.0,14,7649.3,5,36,0.102,2508.27,36252.19,30,83.61,0.604,salaried,home,east,59714.48,0,0
50,65479.48,749.0,11,20579.62,3,24,0.314,3875.82,32924.34,26,149.07,0.605,self_employed,home,west,51168.05,0,0
47,99076.22,561.0,1,10958.45,5,24,0.111,4655.01,55667.84,22,211.59,0.722,self_employed,personal,south,52789.14,1,0
59,51257.04,720.0,8,15762.83,1,36,0.308,1132.92,1857.26,25,45.32,0.976,self_employed,business,south,42213.55,0,0
29,26845.27,756.0,34,13193.11,6,48,0.491,1474.36,2791.26,29,50.84,0.791,salaried,home,north,49540.61,0,0
41,84680.9,500.0,0,2914.72,3,36,0.034,5189.59,4661.49,38,136.57,0.862,salaried,education,north,50005.83,1,0
32,48415.73,578.0,30,2073.75,3,48,0.043,1837.17,28952.25,30,61.24,0.746,self_employed,personal,west,56361.62,0,0
49,96134.97,754.0,27,2691.49,4,24,0.028,5015.69,4067.43,23,218.07,0.771,salaried,personal,west,74057.32,0,0
53,78212.6,682.0,6,1426.53,7,24,0.018,3987.58,2887.31,32,124.61,0.767,salaried,auto,central,55779.83,0,0
63,84807.67,795.0,15,4389.29,2,36,0.052,3186.5,20102.89,27,118.02,0.715,salaried,personal,west,63146.43,0,0
35,157285.32,635.0,13,9549.27,3,12,0.061,6248.56,30855.52,27,231.43,0.596,contract,education,north,71295.1,1,0
22,61506.56,605.0,32,6929.82,4,48,0.113,2872.51,28673.06,23,124.89,0.725,self_employed,education,north,51459.5,0,0
59,103702.84,766.0,5,10232.84,1,48,0.099,2912.77,20201.6,35,83.22,0.673,self_employed,auto,east,64976.9,0,0
64,45153.34,579.0,20,3961.88,4,24,0.088,1893.84,4822.92,32,59.18,0.76,contract,home,east,44421.17,0,0
38,69100.7,629.0,9,2067.86,4,60,0.03,2406.38,11106.31,33,72.92,0.7,salaried,auto,south,59198.09,0,1
23,43216.52,698.0,31,2039.37,5,48,0.047,1051.98,1433.39,31,33.93,0.966,self_employed,education,north,59738.74,0,0
27,67215.42,706.0,5,8266.04,6,48,0.123,1961.87,11253.58,30,65.4,0.527,contract,home,north,50596.75,0,0
63,64129.67,582.0,1,1615.31,5,36,0.025,2676.13,14282.37,29,92.28,0.716,salaried,business,central,49575.04,1,0
38,21434.24,672.0,26,4555.04,6,48,0.213,1257.17,7574.8,32,39.29,0.749,salaried,personal,east,48480.11,0,0
64,41139.44,625.0,13,2153.83,4,60,0.052,2332.35,17336.36,33,70.68,0.921,unemployed,home,west,41825.55,0,0
58,60092.6,507.0,22,9782.65,2,48,0.163,3549.69,3643.01,25,141.99,0.861,unemployed,business,central,48057.78,1,0
57,19617.42,611.0,20,8600.45,6,36,0.438,608.52,5074.21,27,22.54,0.497,self_employed,business,central,39750.14,0,0
53,51889.41,511.0,29,4318.67,4,36,0.083,2868.63,22540.43,27,106.25,0.748,unemployed,auto,north,46575.98,1,0
64,85289.93,594.0,24,1240.1,7,36,0.015,2997.51,1792.42,24,124.9,0.913,self_employed,personal,south,61717.45,1,0
51,97256.87,548.0,23,2142.22,6,36,0.022,5925.68,4467.21,38,155.94,0.729,self_employed,home,west,59105.09,1,0
31,38097.35,716.0,10,5751.5,6,48,0.151,1207.33,8328.93,22,54.88,0.635,salaried,auto,east,49381.75,0,0
24,100105.79,676.0,34,32206.49,6,36,0.322,3469.34,46087.79,23,150.84,0.752,salaried,home,central,61928.27,0,0
38,93307.19,781.0,3,2841.95,0,24,0.03,1979.75,53591.98,27,73.32,0.915,self_employed,home,north,65911.29,0,0
24,20608.3,572.0,12,1909.73,7,12,0.093,1221.46,6438.18,31,39.4,0.958,salaried,auto,north,39002.61,1,0
54,57074.14,660.0,8,2244.04,2,12,0.039,2648.74,17122.14,29,91.34,0.689,salaried,personal,west,46582.34,0,0
49,59987.6,556.0,27,11083.3,4,24,0.185,2030.01,1805.58,29,70.0,0.72,self_employed,business,west,50612.83,1,0
44,107307.93,596.0,15,22152.56,6,24,0.206,2879.31,61419.93,30,95.98,0.491,salaried,home,north,47325.63,0,0
42,61628.1,616.0,5,703.32,4,12,0.011,2942.01,6925.71,24,122.58,0.749,salaried,business,north,51164.81,1,0
22,101435.56,818.0,26,12451.07,2,36,0.123,2518.71,4558.23,29,86.85,0.848,salaried,auto,central,69268.67,0,0
64,38125.87,681.0,9,6141.76,2,48,0.161,1024.94,16014.62,30,34.16,0.914,self_employed,education,west,46552.9,0,0
26,26393.63,639.0,22,15696.52,5,24,0.595,1106.47,10209.48,22,50.29,0.436,salaried,home,central,45049.24,1,0
62,40476.34,742.0,20,4925.93,3,60,0.122,1066.13,18168.1,27,39.49,0.877,contract,home,west,55664.46,0,0
45,110155.12,707.0,25,47.07,3,36,0.0,2711.7,2260.38,34,79.76,0.873,self_employed,personal,north,65802.49,0,0
41,82179.71,645.0,2,10333.9,7,12,0.126,4087.99,45877.16,32,127.75,0.902,contract,personal,south,53168.02,0,0
36,154061.58,707.0,34,14851.0,4,24,0.096,6169.92,84199.04,20,308.5,0.825,contract,education,central,81723.58,0,0
51,28296.74,624.0,6,20907.03,8,36,0.739,648.09,4348.6,34,19.06,0.73,contract,auto,east,29974.99,1,0
34,86560.16,850.0,26,7575.9,4,60,0.088,1976.5,27554.56,34,58.13,0.495,salaried,auto,central,75347.77,0,0
59,76091.34,754.0,32,1171.48,3,36,0.015,4630.34,15361.26,32,144.7,0.633,self_employed,home,central,63822.63,0,0
48,47648.55,615.0,3,4155.96,6,12,0.087,1100.22,22806.96,36,30.56,0.518,contract,personal,south,41391.66,0,0
52,76815.94,715.0,25,13802.72,3,36,0.18,3022.86,41647.3,22,137.4,0.818,salaried,business,north,59346.15,0,0
48,57698.37,697.0,7,6138.32,4,36,0.106,2137.96,19056.31,27,79.18,0.721,contract,auto,north,43088.25,0,0
29,66645.21,674.0,19,10813.12,6,48,0.162,2785.11,13726.59,30,92.84,0.59,unemployed,home,east,50311.02,1,0
42,73588.75,694.0,16,42.31,3,12,0.001,4232.69,29019.52,28,151.17,0.615,salaried,education,north,57018.53,0,0
52,84208.33,581.0,4,682.24,5,48,0.008,4126.22,8640.66,30,137.54,0.4,self_employed,personal,west,53780.55,0,0
25,56334.66,613.0,8,10287.69,2,48,0.183,3000.58,17752.85,31,96.79,0.861,self_employed,education,west,42005.11,0,0
43,120547.75,791.0,7,3084.97,4,48,0.026,4664.46,55453.22,34,137.19,0.469,salaried,education,east,76793.24,0,0
25,49164.33,667.0,6,4421.95,3,36,0.09,2181.57,847.67,27,80.8,0.584,self_employed,education,central,45469.69,0,0
62,126461.21,590.0,2,9248.34,2,36,0.073,2994.22,3127.69,27,110.9,0.807,salaried,personal,south,54038.16,1,0
52,32613.13,638.0,7,1069.2,2,48,0.033,777.45,1302.94,22,35.34,0.562,contract,personal,central,45278.99,0,0
30,34777.41,605.0,4,16092.15,6,60,0.463,1984.59,20052.92,25,79.38,0.705,salaried,personal,east,39530.34,0,0
59,35705.87,726.0,4,1403.93,3,24,0.039,1498.2,235.81,30,49.94,0.766,salaried,home,north,52434.27,0,1
35,83331.95,602.0,16,11894.09,7,24,0.143,2114.41,918.69,36,58.73,0.97,contract,home,east,51993.72,0,0
27,37704.79,654.0,26,3117.36,4,48,0.083,903.19,3552.24,35,25.81,0.902,self_employed,home,central,54325.35,0,0
49,105932.4,594.0,11,2709.59,6,12,0.026,6265.62,15673.6,28,223.77,0.895,salaried,personal,east,59544.98,0,0
23,42748.39,838.0,27,15496.64,4,36,0.362,1194.44,235.77,38,31.43,0.586,salaried,home,east,54648.58,0,0
39,64840.04,703.0,3,7230.71,3,48,0.112,2516.93,14915.98,41,61.39,0.98,contract,auto,central,52092.69,0,0
30,72260.97,700.0,27,2070.36,4,24,0.029,3861.92,13206.33,22,175.54,0.785,self_employed,personal,north,63154.17,0,0
48,34300.49,709.0,24,22.95,4,24,0.001,1953.96,4627.52,33,59.21,0.677,self_employed,auto,south,47771.64,0,0
49,28973.94,616.0,2,32518.9,2,48,1.122,1647.07,4905.45,33,49.91,0.835,self_employed,home,east,24054.71,0,0
35,61531.06,779.0,30,5080.98,5,36,0.083,3546.78,24196.41,29,122.3,0.671,salaried,auto,east,64472.38,0,0
55,47822.01,644.0,11,4558.86,3,24,0.095,1295.84,20065.85,31,41.8,0.569,self_employed,education,south,46451.54,0,0
26,67798.95,801.0,3,464.62,4,12,0.007,2622.36,3786.69,27,97.12,0.952,salaried,personal,west,66777.87,0,0
32,29568.17,622.0,29,20233.17,4,36,0.684,1429.17,4197.84,32,44.66,0.713,salaried,business,south,39690.61,0,0
58,46141.1,711.0,26,1363.56,6,12,0.03,2693.91,3625.9,24,112.25,0.957,salaried,auto,south,54211.39,0,0
33,49919.8,664.0,21,3677.88,6,24,0.074,1930.92,2695.4,25,77.24,0.95,salaried,business,central,49438.62,0,0
49,18090.43,673.0,0,4919.69,1,36,0.272,845.11,5535.6,28,30.18,0.687,contract,education,central,43034.41,0,0
39,84791.94,508.0,19,14951.59,5,12,0.176,5157.58,33461.56,18,286.53,0.657,salaried,education,west,45786.68,1,0
23,38528.41,566.0,17,4009.09,4,48,0.104,2350.54,6126.13,24,97.94,0.849,self_employed,business,east,43973.22,0,0
28,106364.02,778.0,5,6823.25,3,60,0.064,5169.75,43196.33,36,143.6,0.747,salaried,home,east,74008.38,0,0
28,39665.07,540.0,11,5039.06,3,36,0.127,1657.92,5104.34,27,61.4,0.81,salaried,auto,north,40484.22,1,0
40,42847.52,726.0,16,3363.67,3,12,0.079,1914.7,638.46,33,58.02,0.547,unemployed,home,central,53261.42,0,0
24,30981.31,850.0,21,26319.6,3,24,0.85,1808.82,1255.52,34,53.2,0.753,self_employed,education,north,42429.82,0,0
41,90760.16,697.0,17,14345.48,1,36,0.158,4512.44,52058.19,28,161.16,0.615,salaried,education,south,59309.62,0,0
23,66461.15,831.0,9,1724.29,2,12,0.026,2052.52,36142.96,33,62.2,0.684,salaried,business,west,64522.37,0,0
28,101728.33,709.0,23,7281.19,10,48,0.072,2945.01,3628.94,28,105.18,0.435,salaried,auto,south,61634.44,0,0
43,49350.0,672.0,19,14331.46,3,48,0.29,1371.81,29076.97,29,47.3,0.659,salaried,auto,central,47607.64,0,0
36,53168.85,682.0,11,7803.01,5,36,0.147,2429.65,12303.11,38,63.94,0.813,contract,education,west,51056.52,0,0
33,25414.98,635.0,3,6127.04,2,48,0.241,1202.6,867.86,34,35.37,0.722,salaried,auto,east,37264.88,0,0
23,40912.05,632.0,4,673.09,1,24,0.016,987.71,9012.49,28,35.28,0.542,salaried,personal,south,45422.73,0,0
29,58496.63,605.0,25,1009.12,4,60,0.017,3038.83,29140.42,21,144.71,0.768,contract,education,central,56959.27,0,0
34,64488.38,686.0,15,2532.19,2,36,0.039,2825.21,26439.18,24,117.72,0.738,salaried,home,east,61183.62,0,0
33,123102.41,837.0,4,6482.75,3,60,0.053,4099.08,65093.47,26,157.66,0.703,salaried,business,south,71972.65,0,1
27,23554.54,771.0,25,39293.03,9,36,1.668,1429.4,3369.07,25,57.18,0.837,salaried,home,north,34131.86,0,0
35,60069.33,667.0,18,14587.5,3,48,0.243,2488.78,2351.37,32,77.77,0.656,salaried,home,east,47607.19,1,0
27,45738.39,702.0,5,1049.32,2,48,0.023,1862.7,15018.46,31,60.09,0.649,salaried,education,east,46022.09,0,0
58,56048.72,643.0,23,11369.03,3,48,0.203,2200.05,20263.11,38,57.9,0.851,self_employed,home,west,49896.43,1,0
54,56739.3,771.0,30,14968.94,4,48,0.264,2505.32,13159.76,29,86.39,0.829,contract,personal,south,59048.77,0,0
61,49710.28,511.0,30,4813.96,4,12,0.097,1134.66,117.98,29,39.13,0.433,self_employed,education,west,51421.94,1,0
42,32535.97,814.0,6,3606.28,5,36,0.111,741.67,13948.31,25,29.67,0.84,salaried,education,south,52567.75,0,0
44,29928.01,604.0,9,7906.95,4,36,0.264,1199.8,12998.32,33,36.36,0.945,self_employed,auto,north,43759.57,0,0
57,48088.08,617.0,21,6589.87,2,48,0.137,2535.21,2522.84,32,79.23,0.752,self_employed,auto,central,48885.24,0,0
64,28587.42,546.0,13,2773.58,6,24,0.097,1214.24,16531.02,24,50.59,0.818,self_employed,education,south,41580.26,0,0
21,51492.58,663.0,27,4558.18,2,36,0.089,3050.76,6976.18,23,132.64,0.611,self_employed,home,west,54969.75,0,0
30,48338.51,592.0,21,7076.0,4,36,0.146,2290.0,287.64,29,78.97,0.653,salaried,auto,east,42745.63,0,0
63,17988.43,749.0,31,7805.88,2,48,0.434,381.13,8548.92,20,19.06,0.85,contract,auto,east,52480.88,0,0
36,129330.43,707.0,10,6828.77,4,12,0.053,5105.6,68499.09,30,170.19,0.494,contract,home,east,63727.65,1,0
28,56092.98,591.0,13,16843.51,5,48,0.3,2458.65,6690.93,23,106.9,0.969,self_employed,business,south,39839.06,1,0
45,18091.08,575.0,30,290.34,2,48,0.016,389.31,1506.11,31,12.56,0.753,contract,personal,central,46210.57,0,0
32,60549.1,595.0,3,3644.47,1,12,0.06,1530.61,31019.34,29,52.78,0.88,salaried,personal,south,51636.65,0,0
45,49438.01,570.0,21,12470.66,5,36,0.252,3086.96,2902.48,22,140.32,0.629,salaried,education,west,38141.11,0,0
37,29941.64,626.0,28,9494.35,6,24,0.317,1466.6,7681.24,33,44.44,0.731,salaried,auto,east,48729.9,0,0
46,62266.97,579.0,34,22538.64,5,36,0.362,3050.18,3392.67,21,145.25,0.801,self_employed,business,west,48327.18,1,0
34,35455.4,749.0,12,7981.05,7,48,0.225,1580.26,16572.07,25,63.21,0.835,salaried,personal,north,47644.08,0,0
61,59092.82,608.0,19,9148.75,2,48,0.155,3437.33,11104.14,39,88.14,0.919,unemployed,education,east,47143.0,0,0
56,39510.46,699.0,18,10985.41,4,36,0.278,1298.08,4387.66,23,56.44,0.885,salaried,education,west,45407.75,0,0
43,36043.77,700.0,14,1854.37,5,12,0.051,2032.12,4797.29,26,78.16,0.75,contract,auto,central,52658.72,0,0
63,53798.98,492.0,25,12594.2,2,36,0.234,1337.57,17492.57,31,43.15,0.742,contract,education,south,39238.24,1,0
26,26109.6,711.0,19,3208.66,3,24,0.123,1604.53,6539.38,33,48.62,0.866,contract,education,east,44074.73,0,0
25,52201.07,505.0,5,4972.66,11,12,0.095,2865.73,30067.28,23,124.6,0.389,salaried,auto,central,45451.63,0,0
63,72821.33,579.0,14,126.95,6,24,0.002,1524.4,18998.64,31,49.17,0.571,self_employed,auto,west,51718.46,0,0
45,95968.46,707.0,3,16696.09,5,36,0.174,2237.87,7327.06,37,60.48,0.819,salaried,home,north,56298.89,0,0
38,88420.2,661.0,5,27613.35,6,60,0.312,2154.53,789.61,36,59.85,0.771,self_employed,business,south,42640.85,1,1
33,99608.1,621.0,1,558.71,2,24,0.006,4913.04,5431.96,33,148.88,0.818,salaried,personal,south,58533.79,0,0
63,44151.35,498.0,14,9075.66,3,48,0.206,2178.98,14149.73,31,70.29,0.409,salaried,auto,south,34114.92,1,0
34,34163.53,732.0,11,29146.81,4,48,0.853,827.37,19417.05,36,22.98,0.578,salaried,home,central,34441.17,0,0
48,78191.04,687.0,6,8403.24,4,12,0.107,3089.62,44657.07,23,134.33,0.658,salaried,home,east,56100.09,0,0
38,42933.08,577.0,21,14393.2,3,12,0.335,1319.58,2483.31,21,62.84,0.461,self_employed,home,south,40557.03,0,0
48,54329.25,568.0,7,1131.38,2,60,0.021,2035.14,30124.14,19,107.11,0.836,salaried,home,east,47170.34,0,0
47,75817.94,737.0,10,2527.55,6,12,0.033,2335.44,40560.3,29,80.53,0.724,self_employed,auto,central,62936.27,0,0
52,134523.47,676.0,1,3818.18,3,24,0.028,5134.09,51127.97,28,183.36,0.724,salaried,personal,central,71124.43,0,0
29,68731.32,534.0,29,35749.13,2,36,0.52,3271.29,39313.65,23,142.23,0.532,unemployed,personal,west,33804.54,1,0
60,59414.66,588.0,3,13700.18,2,24,0.231,1618.67,2860.23,24,67.44,0.662,salaried,home,east,36267.81,0,0
52,32712.09,816.0,24,19517.44,3,60,0.597,979.07,1357.95,30,32.64,0.734,salaried,education,south,52335.76,0,0
40,91693.79,735.0,20,6008.66,5,48,0.066,3275.21,49390.07,29,112.94,0.823,salaried,home,south,67251.9,0,0
48,65113.64,650.0,24,11354.59,6,36,0.174,4014.92,31841.36,32,125.47,0.619,unemployed,personal,south,50463.67,0,0
53,46341.17,652.0,8,11836.32,4,12,0.255,2193.92,11176.4,22,99.72,0.851,salaried,home,central,41112.65,0,0
24,44236.78,465.0,7,7573.22,2,24,0.171,2609.04,806.47,24,108.71,0.294,salaried,education,south,40098.83,1,0
54,45112.37,761.0,4,18931.33,6,24,0.42,2549.22,4846.99,27,94.42,0.69,self_employed,home,east,41800.08,0,0
23,55258.88,612.0,27,1550.46,6,24,0.028,2437.88,31572.93,31,78.64,0.817,contract,education,west,57628.0,0,0
46,28097.81,581.0,1,533.16,6,60,0.019,908.46,1959.64,31,29.31,0.802,self_employed,home,central,34644.99,0,0
28,93724.06,714.0,20,3262.38,6,36,0.035,2958.16,43756.13,27,109.56,0.686,salaried,auto,south,61383.8,0,0
26,86301.57,596.0,7,831.72,0,48,0.01,3844.26,21064.75,27,142.38,0.752,salaried,auto,north,61818.68,0,0
36,50243.19,495.0,33,559.91,2,36,0.011,2212.94,14594.83,20,110.65,0.652,contract,personal,south,49067.71,0,0
44,45157.32,685.0,22,4888.43,4,36,0.108,1993.79,407.65,38,52.47,0.944,self_employed,education,north,56076.54,0,0
59,53614.24,521.0,14,2013.98,3,60,0.038,1936.48,476.13,30,64.55,0.538,salaried,personal,west,46105.67,0,0
50,57869.91,645.0,26,14052.15,3,36,0.243,2911.97,12946.53,32,91.0,0.835,self_employed,home,east,53779.37,0,0
33,47332.69,677.0,1,7802.89,2,24,0.165,1791.11,20524.37,26,68.89,0.767,contract,home,central,39901.12,0,0
25,84930.48,626.0,27,4024.92,1,36,0.047,3012.4,14902.08,21,143.45,0.432,salaried,education,south,55139.08,0,0
45,28542.55,627.0,10,3038.71,4,36,0.106,1195.64,12097.67,30,39.85,0.766,salaried,business,central,41234.19,0,0
40,39325.51,782.0,20,7453.24,3,48,0.19,2285.51,23518.28,39,58.6,0.738,salaried,business,west,55179.86,0,0
38,76792.24,783.0,31,5122.48,3,24,0.067,3859.43,20450.06,29,133.08,0.714,contract,business,west,69531.52,0,0
38,62687.95,572.0,31,516.14,0,12,0.008,3432.32,3526.82,32,107.26,0.394,contract,auto,central,49737.82,0,0
22,39902.99,599.0,6,9847.75,4,36,0.247,1719.84,2636.1,33,52.12,0.651,salaried,auto,south,38850.33,0,0
30,64874.56,604.0,21,6233.96,3,48,0.096,2821.81,13092.01,28,100.78,0.848,salaried,home,south,48375.55,0,0
32,37917.49,647.0,13,2917.86,4,36,0.077,2148.95,13931.56,31,69.32,0.903,unemployed,home,central,46425.65,1,0
33,47119.77,643.0,12,3087.68,2,12,0.066,1268.38,6812.43,32,39.64,0.73,self_employed,education,east,46982.07,0,0
31,86653.57,796.0,20,5426.21,3,12,0.063,5277.53,20491.06,25,211.1,0.802,salaried,personal,central,69202.61,0,0
39,82445.08,634.0,21,15821.05,5,48,0.192,3504.95,23231.8,32,109.53,0.827,self_employed,education,central,54798.41,0,0
55,61679.48,562.0,33,4950.01,5,12,0.08,2122.19,25350.77,22,96.46,0.771,salaried,business,north,50874.44,0,0
59,33758.35,600.0,9,16469.69,4,36,0.488,1145.95,4942.04,43,26.65,0.77,salaried,auto,east,39496.27,1,0
46,45709.21,682.0,0,4978.33,3,24,0.109,1032.31,10265.67,30,34.41,0.588,contract,home,south,41943.61,0,0
34,56579.93,628.0,0,15943.02,1,24,0.282,1858.74,3245.99,34,54.67,0.664,self_employed,auto,west,44579.31,0,0
64,104290.92,677.0,23,24132.23,4,24,0.231,4032.06,18187.35,30,134.4,0.701,salaried,business,east,58001.27,0,0
44,24292.76,629.0,2,187.1,3,24,0.008,1215.2,1084.59,20,60.76,0.91,contract,education,central,39874.96,0,0
61,36590.18,712.0,30,578.45,4,48,0.016,1187.76,19215.95,27,43.99,0.905,contract,home,central,58040.71,0,1
21,90027.6,642.0,12,1295.03,6,36,0.014,4342.57,3685.38,35,124.07,0.566,self_employed,auto,north,58354.67,0,0
63,99915.01,547.0,3,1172.21,6,12,0.012,4582.32,4769.75,22,208.29,0.905,self_employed,personal,south,51051.98,1,1
42,52503.17,621.0,22,5454.11,9,48,0.104,2070.91,31015.89,26,79.65,0.599,self_employed,education,east,50971.74,0,0
43,108258.84,838.0,5,12996.61,6,24,0.12,2299.22,23001.84,27,85.16,0.788,self_employed,personal,west,69437.84,0,0
39,38948.01,755.0,33,29273.85,3,24,0.752,1766.71,6610.89,34,51.96,0.797,self_employed,home,north,46707.4,0,0
38,27469.79,551.0,17,4868.17,3,48,0.177,698.41,7724.42,28,24.94,0.698,salaried,auto,central,41909.89,0,0
32,77311.94,801.0,25,10496.66,0,36,0.136,1652.41,30169.07,22,75.11,0.757,salaried,personal,central,67286.1,0,0
48,97014.64,662.0,32,9083.23,2,48,0.094,2423.69,7970.38,28,86.56,0.899,salaried,home,central,60870.0,0,0
48,96289.36,608.0,32,4495.76,3,24,0.047,2777.87,4852.75,37,75.08,0.934,salaried,personal,east,66420.68,1,0
53,36733.7,626.0,24,11492.88,6,48,0.313,1508.49,366.64,26,58.02,0.617,salaried,auto,north,49082.56,0,0
39,59261.84,655.0,16,8067.31,4,24,0.136,3094.75,692.37,25,123.79,0.918,self_employed,personal,west,49478.81,1,1
48,79056.5,742.0,2,12841.78,3,36,0.162,4756.32,3382.04,22,216.2,0.763,salaried,auto,north,51531.91,0,0
57,62034.13,666.0,21,1937.12,3,24,0.031,2029.63,22551.06,17,119.39,0.397,salaried,education,north,52797.03,0,0
46,103866.38,678.0,34,4020.4,5,36,0.039,4584.37,37041.26,27,169.79,0.718,salaried,auto,east,69286.48,0,0
55,45149.27,753.0,3,10011.35,3,36,0.222,2813.36,13455.76,28,100.48,0.788,salaried,personal,east,46609.06,0,0
54,52481.86,616.0,27,1199.76,5,24,0.023,2377.99,5028.34,38,62.58,0.781,salaried,auto,south,54695.19,0,1
55,60251.68,676.0,12,13242.65,3,36,0.22,2735.71,34284.37,24,113.99,0.7,self_employed,personal,east,44635.58,0,0
60,78798.51,687.0,29,1289.01,7,12,0.016,2176.21,33816.4,25,87.05,0.727,self_employed,auto,west,71860.43,0,0
36,49637.07,661.0,11,3530.11,2,36,0.071,1682.14,3912.85,21,80.1,0.819,self_employed,auto,south,46571.39,0,0
58,82235.75,692.0,2,2440.71,4,60,0.03,2365.25,29146.6,39,60.65,0.536,salaried,auto,east,56467.25,0,0
33,111533.59,591.0,20,566.32,2,48,0.005,6627.95,4803.61,28,236.71,0.748,salaried,personal,south,58916.2,1,0
43,42910.33,733.0,0,2840.5,5,60,0.066,1723.85,10927.03,27,63.85,0.681,salaried,education,central,42057.39,0,0
42,50307.19,603.0,17,21823.91,3,36,0.434,1798.03,24587.15,27,66.59,0.689,contract,education,east,37484.86,1,0
36,83741.66,689.0,12,245.68,5,48,0.003,4303.14,27479.82,27,159.38,0.461,self_employed,auto,east,63518.75,0,0
48,128976.79,668.0,6,152.75,5,12,0.001,4551.39,976.23,18,252.86,0.853,salaried,home,east,67752.54,0,0
55,72126.85,592.0,12,10964.68,3,12,0.152,4111.33,36863.63,29,141.77,0.644,self_employed,home,central,52293.54,0,0
28,38032.4,788.0,16,4113.71,4,24,0.108,1863.08,240.4,25,74.52,0.814,salaried,home,south,53258.48,0,0
64,59229.65,796.0,31,2349.26,3,36,0.04,1342.45,17920.7,24,55.94,0.858,salaried,education,south,58355.62,0,0
42,83457.02,572.0,28,6399.46,1,24,0.077,3685.51,26541.14,29,127.09,0.602,salaried,home,north,52548.47,1,0
41,37584.39,718.0,29,2791.5,3,36,0.074,2070.92,1761.61,20,103.55,0.601,self_employed,home,north,57696.89,1,0
46,33347.19,640.0,10,4478.49,5,24,0.134,2002.1,19730.74,30,66.74,0.717,salaried,education,central,44664.54,0,0
60,46386.22,593.0,13,11308.02,6,24,0.244,1551.51,11659.43,28,55.41,0.831,salaried,education,central,45102.92,0,0
41,72899.36,681.0,9,1118.92,5,60,0.015,2404.89,28551.74,28,85.89,0.643,contract,home,east,58039.29,1,0
45,29256.4,721.0,7,28892.86,3,36,0.988,1274.65,9414.05,36,35.41,0.752,salaried,auto,west,33930.87,1,0
61,39660.64,664.0,30,391.14,4,36,0.01,853.68,2626.9,29,29.44,0.891,salaried,home,central,58074.3,0,0
21,61276.21,619.0,5,14784.04,4,24,0.241,2029.95,29560.97,21,96.66,0.838,contract,home,west,36445.96,0,0
26,88497.84,763.0,18,11605.49,4,24,0.131,4669.88,28601.21,26,179.61,0.911,salaried,education,east,62397.6,0,0
43,61734.29,766.0,18,2982.69,4,48,0.048,3506.41,2295.59,28,125.23,0.942,salaried,personal,north,60152.55,0,1
43,64126.19,592.0,11,1133.36,5,36,0.018,2385.59,13872.11,19,125.56,0.302,salaried,home,west,50670.9,0,0
63,85153.84,658.0,17,17217.72,6,48,0.202,5024.96,46884.78,25,201.0,0.833,salaried,auto,north,52695.71,0,0
63,111164.46,516.0,2,10243.99,6,12,0.092,3626.38,46545.99,14,259.03,0.835,contract,auto,south,51607.3,1,0
43,105712.7,721.0,8,3093.59,2,24,0.029,2372.94,24002.84,27,87.89,0.731,self_employed,personal,south,62208.61,0,0
52,21620.29,763.0,5,153.67,3,24,0.007,599.43,6662.22,28,21.41,0.922,salaried,education,west,50968.77,0,0
50,56620.48,683.0,0,25097.05,4,36,0.443,3224.79,11169.89,38,84.86,0.812,salaried,personal,east,38568.25,0,0
33,81685.53,562.0,28,4661.46,4,24,0.057,4997.03,31900.58,27,185.08,0.89,salaried,home,east,53658.39,0,0
63,116413.53,787.0,34,1745.18,2,36,0.015,5370.95,5693.77,23,233.52,0.293,salaried,auto,north,78187.9,0,0
38,72290.21,823.0,34,21856.8,4,24,0.302,3704.4,15821.5,31,119.5,0.995,unemployed,education,north,61704.45,0,0
43,36804.16,613.0,29,4002.82,5,48,0.109,2046.7,18207.8,32,63.96,0.896,unemployed,home,west,46004.2,0,0
35,39059.61,688.0,34,5600.03,10,36,0.143,1124.3,21779.62,24,46.85,0.723,salaried,home,central,54834.28,0,0
53,39554.54,719.0,21,10794.41,1,48,0.273,1730.21,9853.68,27,64.08,0.77,salaried,education,north,48474.05,0,0
41,62217.0,717.0,27,15404.17,3,48,0.248,3728.24,9583.35,15,248.55,0.814,unemployed,home,south,56472.15,0,0
59,43655.3,654.0,17,950.02,9,48,0.022,1556.83,24761.57,29,53.68,0.565,salaried,education,west,58474.9,0,0
43,15000.0,803.0,31,20604.7,2,60,1.374,931.59,776.36,26,35.83,0.669,salaried,home,north,42831.77,0,0
47,31881.14,517.0,4,24265.95,7,36,0.761,1601.51,9575.09,22,72.8,0.693,salaried,auto,central,30438.98,1,0
64,44359.75,518.0,33,2701.07,1,36,0.061,2166.37,20936.17,34,63.72,0.727,salaried,education,central,48863.42,0,0
38,29345.16,649.0,30,6191.43,3,48,0.211,647.27,136.84,20,32.36,0.458,salaried,auto,west,53570.55,0,0
44,31379.55,798.0,32,17559.46,2,12,0.56,667.21,12283.16,28,23.83,0.746,salaried,home,central,47500.85,0,0
60,136344.05,749.0,3,6013.43,6,12,0.044,3739.11,6907.74,27,138.49,0.845,self_employed,business,north,70541.96,0,0
62,53966.57,523.0,13,5919.58,5,24,0.11,3222.41,10408.25,36,89.51,0.662,self_employed,business,south,40000.67,0,0
27,45535.54,850.0,14,8673.35,4,24,0.19,2451.97,9106.57,38,64.53,0.674,salaried,home,south,54310.46,0,0
40,73152.72,697.0,19,13127.44,6,24,0.179,3097.92,289.78,27,114.74,0.538,salaried,personal,west,45056.88,0,0
47,90737.98,552.0,19,9859.22,4,36,0.109,3748.41,30813.5,28,133.87,0.548,salaried,home,north,54395.59,0,0
26,148490.62,642.0,34,8865.14,2,24,0.06,3885.99,826.15,26,149.46,0.476,salaried,home,south,76186.63,0,0
47,116706.54,732.0,3,4182.23,4,60,0.036,4312.15,2484.48,33,130.67,0.742,self_employed,education,south,65485.46,0,0
29,65884.86,756.0,17,8950.06,4,24,0.136,1784.13,616.75,13,137.24,0.967,salaried,auto,central,55631.34,0,0
51,27179.99,644.0,23,981.03,6,24,0.036,874.77,7395.77,31,28.22,0.864,contract,home,west,41284.67,1,0
41,34505.81,694.0,26,4741.96,6,36,0.137,728.07,15634.39,17,42.83,0.737,self_employed,auto,south,47737.06,0,0
46,45214.07,639.0,32,1878.19,4,24,0.042,1661.74,18608.67,30,55.39,0.453,salaried,home,east,60691.37,0,0
60,68046.97,644.0,24,6941.3,4,36,0.102,3318.93,1368.85,19,174.68,0.585,self_employed,personal,east,51487.95,0,0
33,56525.23,712.0,4,2734.85,1,48,0.048,2796.27,11653.92,34,82.24,0.74,contract,home,south,54412.98,0,0
43,27921.1,772.0,17,6345.79,5,36,0.227,1066.2,11207.81,25,42.65,0.689,contract,personal,west,49765.47,0,0
40,25763.45,553.0,19,13518.38,3,24,0.525,1319.79,11084.86,31,42.57,0.733,salaried,home,east,27170.94,0,0
57,60873.52,630.0,34,5122.33,3,36,0.084,2344.36,26739.94,38,61.69,0.829,self_employed,education,north,53666.53,0,1
48,57183.36,599.0,5,2221.49,5,48,0.039,3342.26,6397.33,41,81.52,0.79,salaried,education,west,46805.74,0,0
37,49293.89,564.0,26,2270.62,3,24,0.046,1676.74,284.7,27,62.1,0.854,self_employed,home,south,48012.55,1,0
48,67327.01,560.0,27,21304.54,7,48,0.316,3093.02,2104.99,25,123.72,0.578,self_employed,personal,central,46845.88,1,0
61,94946.19,652.0,10,13664.24,5,48,0.144,2382.05,23853.74,28,85.07,0.596,salaried,home,central,49388.42,0,0
22,62288.43,559.0,8,335.32,5,36,0.005,2595.7,34818.08,37,70.15,0.772,self_employed,home,north,45277.91,0,0
45,35463.43,556.0,27,25738.68,5,36,0.726,1298.13,827.71,21,61.82,0.792,salaried,home,east,32210.29,1,0
61,128264.37,635.0,18,1074.78,3,12,0.008,4045.75,6274.53,31,130.51,0.579,self_employed,business,east,71499.98,0,0
26,50044.16,567.0,20,9524.38,3,12,0.19,1703.92,2979.08,28,60.85,0.815,salaried,auto,west,51309.9,0,0
31,55409.09,693.0,30,7216.68,7,48,0.13,1889.57,28437.08,26,72.68,0.731,contract,personal,east,56137.39,0,0
58,40370.47,609.0,6,430.17,5,36,0.011,1655.44,19885.3,24,68.98,0.748,salaried,personal,west,42723.04,0,0
26,33406.77,548.0,24,3148.23,1,36,0.094,1869.82,1103.59,29,64.48,0.768,salaried,education,south,45399.15,0,0
31,34653.45,848.0,27,13459.1,4,12,0.388,1425.32,18086.89,31,45.98,0.976,self_employed,business,south,52142.74,0,0
34,31389.94,469.0,16,3298.97,0,12,0.105,926.41,11262.82,29,31.95,0.714,self_employed,education,west,44161.77,0,0
22,15000.0,723.0,25,5891.09,6,60,0.393,355.7,5989.68,30,11.86,0.655,salaried,personal,east,52859.29,0,0
60,50497.7,679.0,27,10774.48,2,36,0.213,1787.55,1263.6,33,54.17,0.913,salaried,home,east,55737.18,0,1
23,88970.22,609.0,16,668.37,3,24,0.008,2436.6,50492.5,25,97.46,0.894,salaried,business,north,58310.44,1,0
55,34789.1,573.0,16,16086.63,1,48,0.462,1936.24,11250.19,25,77.45,0.802,salaried,home,central,38100.25,1,0
53,171402.45,797.0,32,382.23,2,24,0.002,10676.79,64829.85,33,323.54,0.852,salaried,personal,central,92189.85,0,0
44,101100.47,831.0,33,2739.03,3,36,0.027,5680.88,1427.24,29,195.89,0.802,self_employed,personal,west,79617.95,0,0
39,53733.9,625.0,22,12959.81,0,36,0.241,1980.74,1846.97,29,68.3,0.487,self_employed,education,north,46877.83,0,0
38,32860.06,613.0,29,21861.01,3,12,0.665,795.56,4862.47,22,36.16,0.613,self_employed,auto,west,39946.46,0,0
44,26404.93,746.0,26,12856.95,8,60,0.487,1330.6,2282.44,35,38.02,0.625,salaried,home,central,49013.75,0,0
55,51474.53,629.0,8,2317.28,3,24,0.045,2505.29,16406.19,36,69.59,0.875,salaried,business,central,45638.56,0,0
21,55862.82,700.0,19,38242.47,3,60,0.685,1320.29,2853.15,24,55.01,0.748,self_employed,education,central,42169.13,0,0
56,49415.82,697.0,22,4799.7,6,36,0.097,2653.59,26135.77,23,115.37,0.588,salaried,home,west,58757.06,0,0
45,87657.76,653.0,18,4250.95,5,60,0.048,4837.73,49390.59,28,172.78,0.728,salaried,auto,west,65531.58,0,0
63,106264.54,664.0,3,18038.04,7,12,0.17,5391.97,59831.06,30,179.73,0.878,self_employed,personal,east,59253.1,0,0
54,67017.11,681.0,12,616.52,3,60,0.009,3428.13,38992.09,34,100.83,0.518,self_employed,auto,west,50957.4,0,0
45,68659.15,557.0,11,7309.03,5,36,0.106,3403.7,30114.48,23,147.99,0.653,contract,education,west,43798.11,0,0
36,47004.57,592.0,8,30334.05,3,12,0.645,1833.48,3980.68,31,59.14,0.621,salaried,personal,central,29177.39,1,0
54,54056.6,669.0,14,949.55,6,36,0.018,2514.32,20452.34,27,93.12,0.914,salaried,home,east,45062.79,0,0
49,65201.32,611.0,20,7005.39,7,48,0.107,3034.03,2433.08,39,77.8,0.72,salaried,personal,north,50658.86,0,0
39,46979.56,850.0,14,1278.81,0,36,0.027,2031.38,3860.81,28,72.55,0.745,contract,education,east,66766.49,0,0
43,72939.18,661.0,4,19863.67,5,36,0.272,3354.93,31191.7,26,129.04,0.555,self_employed,personal,north,52219.36,0,0
39,33682.07,502.0,4,7975.09,3,48,0.237,1262.3,8761.54,33,38.25,0.909,salaried,personal,west,32673.36,1,0
45,38968.5,411.0,24,2406.25,5,36,0.062,1913.18,236.65,27,70.86,0.984,salaried,home,central,39831.04,1,1
36,33822.76,720.0,23,3301.09,6,36,0.098,1024.55,19019.64,29,35.33,0.791,contract,home,central,47701.04,0,0
29,40099.54,662.0,30,6542.77,3,24,0.163,2261.09,526.27,28,80.75,0.278,salaried,auto,north,49444.89,0,0
21,47606.38,772.0,33,11630.26,4,48,0.244,2679.71,4374.72,31,86.44,0.743,self_employed,home,west,56700.49,0,0
62,86085.05,595.0,13,6015.99,4,36,0.07,3579.21,1184.3,33,108.46,0.681,contract,auto,central,55012.64,0,0
39,55195.93,640.0,26,1888.34,5,48,0.034,2291.99,25571.39,33,69.45,0.585,contract,education,north,60926.08,0,0
53,30395.85,674.0,3,11083.06,2,36,0.365,1138.64,14203.98,28,40.67,0.684,salaried,home,north,41147.85,0,0
54,28828.44,637.0,22,1133.78,4,48,0.039,655.54,2010.28,34,19.28,0.902,salaried,education,east,44330.1,0,0
36,44927.31,630.0,4,14918.55,4,48,0.332,1204.17,14260.4,41,29.37,0.649,salaried,home,south,42414.81,0,0
64,78864.03,712.0,26,4531.67,2,36,0.057,3990.81,33144.47,21,190.04,0.786,self_employed,education,central,62898.16,0,0
60,101858.47,579.0,13,9518.37,4,48,0.093,2727.86,42385.06,27,101.03,0.707,salaried,home,south,52080.14,0,0
38,26480.28,696.0,6,3803.96,4,36,0.144,1006.3,10834.25,15,67.09,0.678,salaried,home,west,44123.33,0,0
54,64058.92,805.0,17,9952.73,4,48,0.155,2280.03,17045.88,23,99.13,0.744,unemployed,auto,central,53738.96,0,0
45,45213.79,791.0,31,19799.19,4,36,0.438,1355.52,11633.57,19,71.34,0.494,contract,auto,west,53742.44,0,0
26,46821.63,497.0,1,10877.98,6,48,0.232,2007.17,25903.87,22,91.24,0.612,self_employed,home,north,39003.45,1,0
41,33560.03,608.0,19,10016.47,4,48,0.298,1206.86,19226.71,27,44.7,0.599,contract,home,west,39944.87,0,0
26,49068.45,675.0,28,12747.47,3,12,0.26,2575.14,6000.78,23,111.96,0.738,self_employed,education,central,50125.13,0,0
52,32888.2,759.0,25,6242.14,2,24,0.19,1560.78,19647.1,18,86.71,0.464,salaried,education,west,54317.13,0,0
61,48067.77,668.0,0,2239.53,2,24,0.047,1963.84,4797.11,27,72.73,0.65,salaried,education,east,50942.27,0,0
63,90827.38,759.0,4,15212.03,6,24,0.167,4070.12,4324.43,25,162.8,0.831,contract,personal,west,56587.2,0,0
59,71973.76,593.0,13,9409.45,4,36,0.131,2792.52,5792.68,25,111.7,0.587,salaried,home,north,44936.78,1,0
51,128179.67,678.0,24,3389.55,5,48,0.026,6854.34,48957.07,29,236.36,0.95,salaried,personal,south,72003.86,0,0
62,68655.79,680.0,8,2905.06,4,24,0.042,4177.74,23437.0,31,134.77,0.86,contract,auto,east,52304.36,0,0
30,58602.53,762.0,29,6237.05,1,36,0.106,3093.33,3511.74,19,162.81,0.431,salaried,personal,west,61966.42,0,0
50,69480.61,727.0,18,2090.86,2,48,0.03,3942.17,2227.31,21,187.72,0.601,salaried,home,west,61452.26,0,0
38,38211.46,709.0,7,18951.24,3,36,0.496,2043.78,14808.9,25,81.75,0.706,self_employed,auto,central,44695.42,0,0
44,21190.05,722.0,15,13984.89,4,36,0.66,801.35,9278.71,27,29.68,0.417,salaried,education,south,38801.18,0,0
29,77518.9,547.0,7,3317.62,8,48,0.043,4373.87,34170.93,35,124.97,0.548,salaried,auto,south,45397.86,0,0
51,24151.5,635.0,22,455.99,5,48,0.019,541.35,9415.91,28,19.33,0.408,unemployed,personal,east,45761.25,0,0
35,89744.36,565.0,8,479.35,7,12,0.005,5181.07,42636.35,37,140.03,0.836,salaried,home,east,58724.73,0,0
24,75952.71,594.0,31,3173.12,4,24,0.042,3069.8,33773.07,22,139.54,0.847,salaried,personal,east,54774.3,0,0
60,36964.58,635.0,33,1436.32,3,12,0.039,1278.35,863.32,29,44.08,0.79,salaried,auto,north,54443.35,0,0
29,44522.93,458.0,17,18595.69,6,24,0.418,1901.8,4021.91,31,61.35,0.897,salaried,personal,east,30859.75,1,0
29,53895.79,638.0,14,4914.7,3,12,0.091,2667.75,29308.46,23,115.99,0.852,contract,home,east,49850.48,0,0
46,35775.65,583.0,14,3849.76,3,36,0.108,1662.52,91.82,27,61.57,0.765,salaried,personal,south,41208.57,0,0
24,69094.75,560.0,28,2211.94,3,12,0.032,3218.95,9544.34,36,89.42,0.925,self_employed,auto,south,51426.13,0,0
37,71890.64,658.0,22,16561.05,5,36,0.23,1797.14,24371.88,36,49.92,0.568,salaried,home,central,49063.1,0,0
36,28301.42,617.0,22,14152.18,1,36,0.5,1449.26,13494.75,33,43.92,0.794,self_employed,personal,south,39512.22,0,0
35,37406.54,679.0,0,4365.35,6,36,0.117,1888.55,538.23,36,52.46,0.706,salaried,business,south,42983.11,1,0
55,53286.43,595.0,21,1670.01,4,24,0.031,1367.14,20685.09,15,91.14,0.422,salaried,home,west,51806.68,1,1
25,90514.12,635.0,6,27326.79,5,48,0.302,2050.1,21655.48,38,53.95,0.666,self_employed,personal,east,45509.77,0,0
25,72658.69,850.0,31,3416.33,0,36,0.047,4489.1,1598.02,20,224.46,0.719,self_employed,personal,north,73738.75,0,0
40,18978.97,703.0,27,13269.9,5,36,0.699,985.52,8251.64,32,30.8,0.744,salaried,home,west,40931.48,0,0
35,47505.59,578.0,31,5596.65,1,24,0.118,2188.77,18170.58,29,75.47,0.316,salaried,personal,east,52872.42,0,0
38,67017.1,755.0,32,13694.74,4,24,0.204,2279.28,3497.91,31,73.53,0.679,salaried,personal,south,53682.01,0,0
22,37798.25,782.0,12,5913.23,5,36,0.156,1221.6,19818.65,33,37.02,0.926,salaried,home,east,56170.69,0,0
49,36503.54,701.0,27,23379.83,5,48,0.64,966.39,4334.77,36,26.84,0.529,unemployed,personal,south,37954.82,0,0
33,38710.66,584.0,8,14504.01,6,48,0.375,1788.02,18833.29,26,68.77,0.672,salaried,business,north,35626.08,0,0
24,47165.14,738.0,2,2713.46,5,36,0.058,2114.54,11947.78,25,84.58,0.833,salaried,auto,central,54559.78,0,0
62,34870.9,601.0,16,5065.04,3,36,0.145,2085.72,5109.96,39,53.48,0.693,salaried,personal,central,36447.06,0,0
30,72909.09,765.0,33,954.14,8,12,0.013,3426.17,26214.9,26,131.78,0.661,salaried,home,central,63967.62,0,0
51,36779.07,630.0,31,21041.24,4,48,0.572,1458.07,10358.69,28,52.07,0.51,contract,home,north,48385.43,0,0
61,33986.84,626.0,8,646.33,7,24,0.019,1978.73,18429.86,34,58.2,0.874,self_employed,personal,north,50731.03,0,0
28,45278.55,695.0,0,165.69,7,36,0.004,2101.78,17823.39,19,110.62,0.548,contract,personal,north,45921.8,0,0
23,105399.42,770.0,19,6174.35,2,24,0.059,5332.57,52255.87,30,177.75,0.887,unemployed,personal,central,63552.82,0,0
29,68622.51,850.0,4,8317.3,2,48,0.121,3221.45,3048.55,25,128.86,0.72,salaried,home,east,59606.01,0,0
50,70614.35,652.0,20,2273.32,5,12,0.032,1969.67,20881.27,24,82.07,0.704,self_employed,business,east,58515.99,0,0
31,61624.39,615.0,4,7607.23,2,36,0.123,1601.85,12864.22,28,57.21,0.614,contract,home,south,46904.65,0,0
55,35378.46,580.0,3,20332.44,5,12,0.575,1657.74,398.67,28,59.2,0.67,salaried,education,central,36640.21,0,0
57,40618.15,524.0,7,8854.27,5,60,0.218,2393.1,23763.78,40,59.83,0.715,self_employed,auto,central,38949.17,0,0
62,37627.93,564.0,24,5474.97,3,12,0.145,2294.77,1580.9,35,65.56,0.723,self_employed,education,west,44736.08,0,0
33,88539.32,670.0,6,1403.88,1,48,0.016,5516.81,17642.92,27,204.33,0.921,contract,auto,north,58137.61,0,0
56,61876.86,740.0,31,1665.5,2,24,0.027,3465.1,16715.19,28,123.75,0.811,contract,home,west,67185.24,0,0
33,25583.74,573.0,16,5961.03,2,36,0.233,920.89,8169.29,34,27.08,0.669,salaried,home,central,40810.42,0,0
32,104161.09,717.0,27,5597.85,2,36,0.054,4832.72,3002.31,31,155.89,0.696,salaried,auto,east,69062.3,0,0
57,46659.03,577.0,5,6650.62,8,48,0.143,2156.14,21887.45,26,82.93,0.702,salaried,auto,central,40183.38,0,0
30,72694.43,587.0,1,6381.48,1,36,0.088,3142.68,35499.27,26,120.87,0.752,contract,education,central,39103.16,1,0
29,86990.32,559.0,30,3757.1,5,36,0.043,4501.98,38379.33,16,281.37,0.617,salaried,auto,south,61815.39,0,0
27,17104.02,763.0,0,10712.51,3,24,0.626,477.48,408.22,30,15.92,0.693,self_employed,education,west,38934.46,1,0
22,66474.19,787.0,2,2146.73,3,36,0.032,1907.5,516.72,38,50.2,0.955,self_employed,personal,east,61144.27,0,0
43,48355.77,588.0,12,17214.91,7,24,0.356,2910.76,1106.65,30,97.03,0.845,contract,home,north,41116.91,0,0
59,18217.69,581.0,30,1945.47,3,36,0.107,1017.05,4975.41,27,37.67,0.803,self_employed,auto,south,47053.64,0,0
60,32544.47,703.0,28,4838.95,5,48,0.149,1787.94,18576.99,25,71.52,0.502,salaried,business,north,52452.1,0,0
59,44153.44,797.0,32,2129.97,9,12,0.048,1808.65,1281.55,29,62.37,0.741,unemployed,education,south,51807.58,0,0
41,79264.3,787.0,9,8671.69,3,24,0.109,3526.5,42878.5,20,176.32,0.927,salaried,home,central,59404.21,0,0
43,50045.75,617.0,8,5844.55,5,12,0.117,2345.68,18271.33,24,97.74,0.411,salaried,home,east,44841.95,0,0
49,57910.53,634.0,0,4220.16,2,12,0.073,1915.81,22030.46,20,95.79,0.778,contract,auto,south,47512.5,0,0
34,46154.15,545.0,31,5801.5,2,12,0.126,1528.3,22387.0,30,50.94,0.37,salaried,education,north,50917.77,0,0
46,88393.78,616.0,32,4921.81,4,48,0.056,2504.03,16541.38,27,92.74,0.875,self_employed,education,east,60557.34,0,0
25,68491.44,658.0,1,17389.47,5,60,0.254,3025.59,22410.84,24,126.07,0.638,salaried,auto,central,42019.69,1,0
51,58295.78,535.0,1,1194.24,5,36,0.02,1611.67,4243.13,28,57.56,0.628,self_employed,education,north,38389.62,0,0
45,32389.52,604.0,4,14183.22,2,24,0.438,946.24,18589.82,26,36.39,0.428,contract,auto,north,39654.62,1,0
51,57178.19,669.0,9,9586.5,10,48,0.168,3341.43,3412.42,19,175.86,0.612,self_employed,personal,north,45753.62,1,0
40,189442.78,521.0,1,3853.82,2,36,0.02,8098.37,6645.12,35,231.38,0.746,salaried,personal,east,61845.97,0,0
64,77487.37,690.0,24,22631.1,6,12,0.292,3613.07,42971.15,20,180.65,0.926,salaried,auto,south,45919.03,0,0
37,38843.49,737.0,17,1752.6,5,48,0.045,1026.59,19596.17,34,30.19,0.805,self_employed,personal,west,57235.72,0,0
22,124692.62,698.0,26,3343.33,7,12,0.027,3668.37,40512.14,22,166.74,0.743,salaried,personal,south,71574.34,0,0
45,38081.08,608.0,19,4227.74,5,60,0.111,949.22,14466.06,31,30.62,0.77,salaried,personal,east,45531.63,0,0
33,74715.05,750.0,33,9391.91,5,24,0.126,2401.83,33089.82,36,66.72,0.926,self_employed,personal,south,59647.78,0,0
59,53061.67,768.0,7,26337.76,4,48,0.496,3054.47,1126.37,26,117.48,0.83,self_employed,personal,central,38974.82,0,0
48,58803.58,677.0,3,8100.39,2,60,0.138,3402.4,11736.05,25,136.1,0.264,self_employed,personal,west,43415.44,0,1
62,59782.81,663.0,29,17460.63,3,36,0.292,2923.35,2993.07,24,121.81,0.617,salaried,auto,east,50155.86,0,0
26,48464.86,597.0,8,21182.38,1,60,0.437,2778.02,6274.14,23,120.78,0.921,contract,personal,east,33766.66,0,0
23,45469.5,615.0,11,5654.05,10,24,0.124,1309.03,7142.42,29,45.14,0.78,salaried,personal,west,43256.72,0,0
55,29954.2,741.0,13,5755.33,3,12,0.192,808.75,1088.95,30,26.96,0.845,salaried,education,central,49878.59,0,0
38,32654.61,807.0,34,2589.11,8,36,0.079,1721.86,8179.38,35,49.2,0.795,unemployed,auto,south,58907.41,0,0
31,62961.81,615.0,5,8282.38,7,12,0.132,3907.96,6048.97,28,139.57,0.862,salaried,home,west,40071.76,1,0
40,39846.05,635.0,22,1150.78,5,36,0.029,2021.6,2353.55,33,61.26,0.765,self_employed,auto,east,53095.81,0,0
25,35971.98,595.0,3,9054.18,5,48,0.252,804.91,10593.58,33,24.39,0.686,salaried,auto,south,39199.32,1,0
39,193357.44,613.0,0,20105.69,3,48,0.104,5509.68,11589.51,21,262.37,0.875,salaried,personal,north,64799.19,1,0
42,166076.77,543.0,8,12873.56,5,36,0.078,5172.63,4679.85,32,161.64,0.816,self_employed,auto,north,55040.86,0,0
39,70359.34,686.0,8,9427.55,5,36,0.134,2705.19,33448.16,34,79.56,0.689,self_employed,personal,east,46794.08,0,0
36,74957.78,542.0,14,16403.9,2,12,0.219,2251.68,32101.22,30,75.06,0.336,salaried,home,north,44367.01,0,1
44,37586.96,603.0,23,11777.84,4,36,0.313,878.01,786.3,31,28.32,0.55,salaried,home,west,51312.34,0,0
61,31781.56,645.0,7,6788.73,3,48,0.214,1004.2,2170.99,28,35.86,0.862,salaried,education,central,43240.02,0,0
24,46483.32,538.0,27,6625.7,6,24,0.143,1648.17,5019.79,25,65.93,0.647,salaried,home,east,44518.54,0,0
35,54183.59,584.0,16,1018.55,4,36,0.019,1769.12,2286.15,27,65.52,0.678,contract,auto,central,46825.96,1,1
45,74673.82,554.0,34,5129.05,2,24,0.069,1642.22,29953.85,26,63.16,0.566,contract,auto,north,60590.55,0,0
64,23774.02,743.0,30,6651.77,4,24,0.28,1414.17,1379.43,29,48.76,0.485,salaried,auto,south,55207.94,0,0
55,142380.91,771.0,3,5712.5,4,36,0.04,6178.09,27298.54,16,386.13,0.397,contract,auto,east,74989.35,0,0
34,60573.4,583.0,13,13465.54,4,48,0.222,3403.59,5237.87,23,147.98,0.704,self_employed,personal,north,43792.24,0,0
39,26962.07,850.0,24,1579.49,4,12,0.059,579.05,9664.7,26,22.27,0.96,self_employed,auto,central,60265.19,0,0
58,58154.8,571.0,6,14258.27,1,36,0.245,3142.96,24825.64,25,125.72,0.715,salaried,home,south,44215.99,1,0
56,36094.55,614.0,30,12181.4,4,12,0.337,1811.41,10048.93,35,51.75,0.696,unemployed,education,central,42952.49,1,0
27,34973.89,692.0,34,20797.58,3,60,0.595,2152.49,20130.63,29,74.22,0.73,unemployed,personal,south,49818.35,0,0
50,33587.83,700.0,19,4207.81,2,36,0.125,860.22,591.2,24,35.84,0.587,contract,education,north,46207.67,0,0
39,48270.76,623.0,15,1748.2,3,36,0.036,2298.19,2874.29,32,71.82,0.657,contract,personal,central,39313.87,0,0
45,139556.12,743.0,21,12792.77,4,12,0.092,3030.6,5015.19,29,104.5,0.882,contract,auto,north,72374.37,0,0
36,56483.25,752.0,18,7990.0,3,36,0.141,2016.9,2931.7,25,80.68,0.724,contract,auto,east,57692.59,0,0
60,74031.83,649.0,1,11218.55,3,36,0.152,3503.43,6632.71,26,134.75,0.816,salaried,business,south,48220.44,1,0
28,82646.8,637.0,3,51535.55,7,36,0.624,4931.56,48805.04,30,164.39,0.719,salaried,business,north,31804.43,1,0
38,50759.78,598.0,33,1947.07,3,24,0.038,1232.84,2324.44,24,51.37,0.856,salaried,education,central,56280.31,0,0
48,32129.86,562.0,6,4764.75,3,60,0.148,1324.35,1172.38,23,57.58,0.907,self_employed,home,south,35051.3,1,0
36,26385.4,582.0,13,1926.5,3,24,0.073,811.77,602.13,44,18.45,0.663,contract,home,north,39345.5,0,0
39,45508.14,696.0,31,17735.17,5,60,0.39,1358.11,1021.41,30,45.27,0.67,salaried,auto,north,48473.62,0,0
62,90650.92,650.0,16,154.14,3,12,0.002,4488.38,10693.53,24,187.02,0.505,salaried,auto,north,62566.7,0,0
37,82530.77,629.0,13,1307.55,5,36,0.016,1813.17,21142.67,28,64.76,0.704,unemployed,home,south,60790.84,0,0
33,60801.59,601.0,16,2563.62,4,24,0.042,2867.21,11651.1,32,89.6,0.827,salaried,auto,central,40268.61,0,0
27,64537.09,603.0,31,13279.01,3,24,0.206,1781.17,33097.83,22,80.96,0.747,self_employed,home,east,50984.25,0,0
47,50941.29,646.0,1,8910.75,2,24,0.175,1092.58,23220.13,32,34.14,0.804,salaried,home,north,42693.43,0,0
30,43622.71,639.0,3,4428.22,4,36,0.102,1897.07,23439.35,27,70.26,0.953,salaried,personal,south,44978.99,0,0
54,38863.76,650.0,29,1555.27,6,36,0.04,991.66,920.62,29,34.2,0.861,unemployed,business,east,51300.5,0,0
56,27940.92,612.0,29,3492.28,4,24,0.125,1235.79,13308.69,26,47.53,0.529,salaried,personal,west,47494.11,0,0
45,121626.07,593.0,32,12242.84,8,36,0.101,3955.29,6188.15,23,171.97,0.96,salaried,home,central,62129.01,0,0
26,58513.01,651.0,0,4330.7,4,60,0.074,1898.79,35009.07,28,67.81,0.559,salaried,education,west,52480.78,0,0
44,44395.38,705.0,32,5589.04,6,60,0.126,2414.69,20894.46,31,77.89,0.858,salaried,business,central,60076.7,0,0
38,122949.0,607.0,30,8442.83,1,48,0.069,6207.94,63689.9,26,238.77,0.981,contract,home,central,72234.01,0,0
43,133972.8,447.0,13,21965.0,3,24,0.164,7411.66,2629.2,21,352.94,0.925,salaried,home,south,45835.44,1,0
26,186338.7,534.0,5,2590.4,6,24,0.014,7181.79,7611.87,26,276.22,0.619,salaried,auto,east,72910.12,0,0
49,48448.31,741.0,6,5347.81,4,12,0.11,1236.14,19559.78,28,44.15,0.821,salaried,education,east,53570.98,0,0
45,56803.54,734.0,23,3343.77,4,48,0.059,2990.5,20357.18,25,119.62,0.697,salaried,auto,east,52447.49,0,0
37,72615.25,705.0,3,5649.39,4,24,0.078,4136.55,42027.58,20,206.83,0.947,self_employed,home,north,61929.18,0,0
44,114460.3,694.0,24,10730.22,0,60,0.094,5188.43,29996.85,23,225.58,0.836,salaried,business,west,66431.57,0,0
31,55709.75,737.0,2,5921.13,4,36,0.106,1672.26,29159.37,29,57.66,0.745,salaried,personal,west,50740.47,0,0
46,34804.09,621.0,27,16191.03,1,12,0.465,1837.07,182.57,23,79.87,0.739,self_employed,auto,east,41810.34,0,0
54,38598.91,662.0,22,7251.97,6,36,0.188,875.28,994.24,21,41.68,0.808,salaried,personal,east,50364.86,0,0
48,92027.63,584.0,12,4386.4,7,12,0.048,3235.76,5733.66,27,119.84,0.76,contract,education,north,54023.83,0,0
23,71644.08,635.0,21,13722.61,3,36,0.192,2659.22,26119.49,27,98.49,0.892,self_employed,home,central,56729.25,0,0
31,50120.75,811.0,24,5080.0,1,36,0.101,1736.58,18222.62,15,115.77,0.89,self_employed,home,north,56309.83,0,0
58,48659.09,580.0,23,6522.72,7,12,0.134,2929.35,1075.82,37,79.17,0.809,self_employed,auto,central,46287.64,1,0
34,50121.76,551.0,32,47110.25,5,48,0.94,2782.27,2734.37,25,111.29,0.57,salaried,auto,north,28102.51,1,0
46,94614.65,634.0,13,13894.19,8,24,0.147,4062.13,10808.36,28,145.08,0.526,salaried,education,west,56050.65,0,0
41,37985.93,616.0,23,17388.02,4,24,0.458,2271.47,10988.45,28,81.12,0.868,self_employed,home,north,41166.54,0,0
59,31381.22,673.0,21,8087.19,3,36,0.258,857.84,11367.36,23,37.3,0.561,salaried,personal,east,48334.66,0,0
50,122708.14,717.0,22,3852.38,4,60,0.031,3049.32,16563.78,29,105.15,0.685,contract,home,west,74045.31,0,0
28,54790.63,618.0,5,42668.51,3,60,0.779,2019.68,2713.23,28,72.13,0.816,self_employed,personal,east,24467.82,0,0
40,52276.49,829.0,18,2517.66,7,48,0.048,3247.49,14859.32,31,104.76,0.936,self_employed,business,west,54191.79,0,0
52,73272.93,755.0,11,18559.15,3,48,0.253,4285.55,23698.83,29,147.78,0.902,salaried,home,east,50995.27,0,0
42,34717.19,585.0,25,21802.59,3,36,0.628,1044.28,887.84,32,32.63,0.688,unemployed,home,east,40279.36,1,0
27,75941.85,643.0,28,15311.75,3,36,0.202,4524.91,2821.29,30,150.83,0.834,salaried,education,north,49488.33,0,0
29,45605.0,695.0,13,1090.2,10,36,0.024,2149.34,22442.86,18,119.41,0.718,salaried,home,east,49173.87,0,0
21,89908.94,580.0,16,17324.31,3,60,0.193,3031.28,19278.98,24,126.3,0.93,salaried,education,central,46595.67,0,0
49,27168.67,475.0,29,9809.85,9,12,0.361,1491.18,5339.55,34,43.86,0.809,salaried,education,east,40729.95,1,0
28,66356.68,814.0,6,10278.11,7,36,0.155,3751.12,36423.11,25,150.04,0.666,salaried,home,central,59598.94,0,0
24,48822.44,556.0,20,13898.4,4,24,0.285,1018.16,2927.27,32,31.82,0.945,contract,personal,north,36495.55,0,0
55,39454.78,722.0,0,6069.59,5,36,0.154,1043.42,6002.27,23,45.37,0.843,self_employed,education,central,40894.29,0,0
23,76657.68,710.0,3,2797.42,7,36,0.036,3990.7,1118.35,40,99.77,0.891,salaried,home,east,62189.2,0,0
60,50678.4,581.0,7,7699.56,6,60,0.152,2348.34,5363.7,22,106.74,0.422,salaried,auto,south,43191.51,1,0
27,66816.53,817.0,17,1035.42,4,24,0.015,2119.58,12681.86,34,62.34,0.646,salaried,auto,north,64035.17,0,0
47,95757.13,655.0,7,10109.98,2,48,0.106,3090.73,2948.29,40,77.27,0.37,salaried,auto,south,56747.72,1,0
21,77355.97,662.0,30,5936.38,6,48,0.077,1969.55,1764.5,26,75.75,0.315,self_employed,personal,north,57659.45,0,0
47,33317.33,519.0,30,6280.38,4,36,0.188,1287.33,5323.22,23,55.97,0.239,unemployed,education,east,48129.03,1,0
36,42455.6,470.0,27,1850.19,4,36,0.044,993.06,2199.0,30,33.1,0.784,salaried,education,north,36991.11,0,0
58,66614.74,629.0,2,379.43,3,36,0.006,3285.48,6117.62,34,96.63,0.958,salaried,auto,west,50377.74,1,0
27,77438.91,760.0,14,8503.83,3,60,0.11,2405.02,39185.51,27,89.07,0.775,salaried,home,south,64474.12,0,0
64,45436.44,492.0,3,9678.39,4,12,0.213,2614.8,15666.15,31,84.35,0.702,salaried,education,central,38746.98,1,1
43,59221.15,662.0,34,6207.63,4,36,0.105,1468.05,1029.51,23,63.83,0.772,salaried,auto,east,53169.31,0,0
61,59054.39,657.0,33,13061.58,10,24,0.221,2933.13,16801.18,27,108.63,0.324,salaried,auto,south,52337.15,0,0
31,62875.05,755.0,5,7465.16,2,12,0.119,3590.7,7488.99,19,188.98,0.863,salaried,personal,central,48739.58,0,0
62,31871.7,736.0,3,16966.49,2,24,0.532,1598.99,11655.34,26,61.5,0.537,self_employed,auto,north,44450.25,0,0
53,28659.36,662.0,29,3058.6,3,36,0.107,1703.08,193.17,21,81.1,0.631,self_employed,personal,south,49034.75,0,0
56,19601.15,642.0,17,2506.82,1,48,0.128,676.69,7338.67,26,26.03,0.554,salaried,education,central,46572.29,0,0
57,56811.98,589.0,21,2723.89,3,36,0.048,1503.63,16789.12,29,51.85,0.65,salaried,home,east,51588.63,0,0
61,29322.62,553.0,9,278.94,3,36,0.01,1038.0,605.68,29,35.79,0.746,salaried,personal,west,39106.33,0,0
37,141708.38,597.0,28,20779.61,7,36,0.147,6472.24,7919.18,24,269.68,0.782,self_employed,personal,east,58416.85,0,0
55,72718.58,556.0,22,64028.2,5,12,0.88,4380.59,2704.03,32,136.89,0.748,salaried,home,central,26472.34,1,0
25,31829.85,641.0,3,15260.97,0,24,0.479,1055.06,16362.6,30,35.17,0.893,self_employed,business,east,44461.56,1,0
52,90292.42,647.0,18,4788.38,5,60,0.053,4459.68,15162.82,29,153.78,0.496,self_employed,auto,east,61925.15,0,0
23,90388.67,627.0,25,3931.68,4,60,0.043,2261.96,53293.21,33,68.54,0.827,salaried,home,west,62352.77,0,0
55,93753.65,659.0,6,13412.21,4,48,0.143,3000.63,56236.73,40,75.02,0.651,contract,home,north,57367.37,0,0
34,37660.52,611.0,12,6419.14,6,48,0.17,1035.31,5849.78,25,41.41,0.87,self_employed,auto,north,44653.79,1,0
51,74773.92,722.0,2,25239.74,5,12,0.338,3048.99,12429.77,24,127.04,0.705,salaried,personal,south,46447.58,0,0
51,94471.2,669.0,10,2951.28,4,24,0.031,5655.62,48357.34,25,226.22,0.549,salaried,home,east,61432.46,0,0
37,109851.61,609.0,15,3521.64,3,36,0.032,6477.25,11155.4,33,196.28,0.669,salaried,home,east,60001.4,1,0
44,27291.09,551.0,19,60717.7,4,12,2.225,1054.26,599.29,32,32.95,0.746,salaried,personal,south,16766.97,1,0
43,49122.12,643.0,22,34422.2,7,12,0.701,2778.73,1892.89,23,120.81,0.595,contract,education,west,42667.56,0,0
38,37056.38,747.0,22,19480.43,4,24,0.526,1438.21,658.53,35,41.09,0.769,self_employed,business,north,46082.64,0,0
34,125348.85,700.0,31,4667.13,2,60,0.037,4747.86,2932.01,17,279.29,0.91,self_employed,personal,east,73747.31,0,0
35,67573.81,714.0,2,16359.94,3,60,0.242,3898.17,18890.57,32,121.82,0.902,salaried,home,central,49730.97,0,0
35,80907.48,712.0,7,2999.05,3,24,0.037,1788.69,14093.16,30,59.62,0.778,salaried,education,west,56257.04,0,0
26,67128.23,753.0,13,2646.38,4,60,0.039,3861.87,5964.12,30,128.73,0.708,unemployed,auto,south,58768.92,0,0
47,64143.53,723.0,7,7115.6,2,24,0.111,3567.12,27615.6,30,118.9,0.713,unemployed,auto,south,56101.91,0,0
35,36736.29,663.0,10,17711.93,4,48,0.482,1072.88,11237.7,29,37.0,0.705,salaried,education,central,40822.84,0,0
56,44314.66,615.0,32,923.01,6,24,0.021,1673.55,20643.62,36,46.49,0.973,contract,home,south,57449.1,0,0
28,55948.22,724.0,14,7498.01,6,12,0.134,3150.25,3054.47,16,196.89,0.746,self_employed,education,central,55793.81,0,0
35,40462.72,444.0,13,8468.44,1,60,0.209,1783.84,6117.25,46,38.78,0.698,contract,auto,east,35199.4,1,0
23,37237.54,758.0,25,7803.17,3,24,0.21,1906.03,20072.68,25,76.24,0.63,self_employed,auto,north,55660.69,0,0
33,49387.13,709.0,7,2218.83,3,12,0.045,1350.25,28388.54,36,37.51,0.326,salaried,auto,central,45205.78,0,0
61,41261.5,789.0,3,596.5,7,60,0.014,1674.37,7948.58,32,52.32,0.765,contract,auto,south,53732.52,0,0
54,55404.59,555.0,17,20283.46,4,36,0.366,2334.2,28561.31,31,75.3,0.947,contract,auto,east,39874.81,0,0
44,44387.28,749.0,26,7690.68,3,36,0.173,1100.2,7908.26,41,26.83,0.918,salaried,auto,north,52492.48,0,0
60,39807.62,706.0,18,13145.45,4,48,0.33,1368.23,20122.55,24,57.01,0.683,salaried,education,north,48091.77,0,0
52,35687.98,598.0,2,4079.2,5,48,0.114,1834.94,19491.71,20,91.75,0.783,contract,education,east,38027.6,0,0
52,54325.18,638.0,8,390.89,1,36,0.007,1516.68,31582.29,24,63.2,0.683,self_employed,auto,west,51277.56,1,0
50,80800.16,632.0,1,2704.66,1,12,0.033,3775.44,2849.8,32,117.98,0.678,salaried,home,central,49076.75,1,0
33,72612.49,619.0,8,685.77,7,36,0.009,1739.44,24490.97,30,57.98,0.804,salaried,home,central,57382.41,0,0
21,27252.22,535.0,5,733.25,6,48,0.027,655.6,2147.68,22,29.8,0.79,contract,auto,east,39816.65,1,0
54,79768.81,750.0,27,2172.45,0,36,0.027,3970.79,26553.84,25,158.83,0.89,salaried,education,north,69043.73,0,0
35,72382.08,570.0,33,9035.73,2,36,0.125,4501.56,36679.71,32,140.67,0.702,self_employed,auto,west,55678.46,0,0
64,80762.9,561.0,28,15322.42,4,48,0.19,2906.13,2043.35,24,121.09,0.697,contract,education,west,51416.12,0,0
34,88223.23,752.0,2,15501.29,3,60,0.176,4101.35,4826.37,26,157.74,0.906,self_employed,personal,west,56461.24,0,0
49,39048.35,531.0,15,24990.31,3,36,0.64,1820.93,13830.55,25,72.84,0.556,salaried,business,west,29881.29,1,0
54,47338.95,624.0,34,9614.01,3,12,0.203,1332.68,18585.29,30,44.42,0.898,unemployed,education,north,46627.19,0,0
38,121261.98,565.0,10,180.55,5,24,0.001,7277.98,53760.52,27,269.55,0.819,salaried,education,east,67382.18,0,0
27,118062.35,789.0,22,4264.69,3,60,0.036,5055.73,65938.31,28,180.56,0.715,self_employed,education,west,72558.04,0,0
49,52340.99,747.0,29,1063.59,1,48,0.02,1942.78,22125.7,32,60.71,0.665,salaried,auto,north,59443.7,0,0
51,71068.55,580.0,4,13524.03,4,36,0.19,1879.65,19554.38,35,53.7,0.642,salaried,home,central,32732.14,0,0
45,73922.31,565.0,7,1147.32,3,36,0.016,3272.06,38296.9,33,99.15,0.461,salaried,auto,west,50217.47,1,0
58,119484.28,715.0,9,1007.66,4,36,0.008,6982.58,68285.51,34,205.37,0.925,salaried,business,south,72711.1,0,0
34,63283.26,687.0,27,257.53,7,12,0.004,2664.05,2406.67,18,148.0,0.752,self_employed,education,south,60634.01,0,0
28,31397.1,620.0,9,28010.96,3,48,0.892,815.4,1455.91,18,45.3,0.513,salaried,home,north,27654.6,1,0
47,43730.34,612.0,13,13863.83,2,24,0.317,1416.73,14886.39,33,42.93,0.735,salaried,education,central,40656.07,1,0
22,221924.27,630.0,4,3648.88,2,36,0.016,13755.74,18732.78,23,598.08,0.782,self_employed,home,central,83949.07,0,0
37,30749.24,727.0,5,4250.78,4,36,0.138,1154.82,11510.39,25,46.19,0.849,salaried,personal,central,42234.32,0,0
57,55416.11,784.0,29,551.41,3,48,0.01,3429.12,19421.88,23,149.09,0.442,self_employed,business,east,69165.78,0,0
34,153443.86,805.0,18,1546.89,5,24,0.01,6685.91,4759.54,22,303.9,0.578,salaried,education,north,81195.41,0,0
45,37801.93,588.0,13,3358.52,3,36,0.089,1906.08,1313.16,29,65.73,0.689,contract,auto,west,41057.12,1,0
50,15881.26,655.0,10,4417.27,6,60,0.278,476.77,3440.98,26,18.34,0.852,salaried,business,west,36695.43,0,0
49,17251.45,764.0,4,8707.7,8,48,0.505,1069.07,8364.15,22,48.59,0.573,contract,auto,west,49321.89,0,0
40,37896.11,576.0,30,3881.65,2,24,0.102,803.07,610.15,26,30.89,0.265,unemployed,personal,north,47962.15,1,0
41,24506.15,592.0,31,27830.29,4,36,1.136,1385.26,6631.22,25,55.41,0.581,salaried,personal,north,38408.93,1,0
42,86398.47,718.0,23,3777.82,2,36,0.044,4278.72,37483.86,34,125.84,0.587,salaried,home,north,66468.87,0,0
55,61124.3,610.0,9,25563.24,5,36,0.418,2952.32,21156.96,20,147.62,0.611,self_employed,auto,west,40790.3,1,0
57,20739.04,525.0,12,11779.32,10,36,0.568,704.51,1984.56,31,22.73,0.624,salaried,education,west,36377.77,1,0
36,26425.69,580.0,12,20714.05,3,48,0.784,755.39,8121.94,28,26.98,0.673,unemployed,auto,north,38053.79,1,0
63,94661.55,734.0,21,10930.97,2,48,0.115,4432.48,42901.57,19,233.29,0.821,salaried,business,west,61771.68,0,0
37,59096.18,671.0,8,7566.14,3,36,0.128,3484.76,359.44,26,134.03,0.604,self_employed,education,south,45861.99,0,0
36,103273.3,517.0,18,6403.32,8,60,0.062,3229.45,53078.77,33,97.86,0.851,salaried,home,central,59988.15,0,0
22,89639.81,598.0,6,3099.39,4,36,0.035,4879.2,2837.18,26,187.66,0.541,contract,personal,east,54318.2,0,1
24,32282.02,805.0,14,3186.63,2,36,0.099,791.56,10536.82,34,23.28,0.699,self_employed,home,central,59900.29,0,0
41,80570.32,644.0,16,2273.22,3,24,0.028,2494.4,27967.95,30,83.15,0.524,unemployed,personal,north,57258.63,0,0
59,69792.58,629.0,13,4383.12,1,48,0.063,1614.55,11255.33,29,55.67,0.7,self_employed,home,west,49975.73,0,0
54,22409.17,651.0,1,1222.1,3,24,0.055,823.71,5397.1,26,31.68,0.765,salaried,business,north,38785.2,0,0
50,29351.82,667.0,13,4413.4,1,24,0.15,1463.02,11974.31,24,60.96,0.64,salaried,education,west,50984.69,0,0
26,162259.42,617.0,3,16148.02,2,24,0.1,6732.21,4041.82,21,320.58,0.916,unemployed,personal,south,62564.02,1,0
37,35687.72,764.0,2,18382.25,6,12,0.515,1543.27,20126.65,32,48.23,0.604,self_employed,personal,east,49195.04,0,0
59,65198.03,610.0,2,9265.9,5,24,0.142,2920.22,35577.21,27,108.16,0.701,salaried,personal,central,46963.27,0,0
45,49722.22,734.0,10,2671.23,3,36,0.054,1498.59,6070.04,26,57.64,0.794,contract,personal,central,53000.17,0,0
25,58845.8,805.0,4,2474.07,5,12,0.042,2043.68,7954.15,26,78.6,0.739,self_employed,personal,south,61660.81,0,0
25,51224.64,682.0,28,2930.69,2,24,0.057,2038.06,1323.61,33,61.76,0.843,salaried,home,central,49597.88,0,0
40,83644.78,561.0,27,6239.03,5,24,0.075,3742.18,2996.39,25,149.69,0.666,self_employed,personal,south,57036.01,1,0
36,82664.53,666.0,22,33735.56,1,24,0.408,4639.79,43960.81,31,149.67,0.528,self_employed,auto,central,49932.35,0,1
61,57128.94,602.0,29,1040.56,0,12,0.018,2289.56,530.4,30,76.32,0.73,unemployed,home,west,54630.09,1,0
57,36061.72,726.0,22,6247.55,4,24,0.173,1906.68,1735.71,29,65.75,0.651,self_employed,education,central,53284.57,0,0
60,41942.09,668.0,21,10318.25,5,60,0.246,1079.66,3792.95,36,29.99,0.94,self_employed,home,west,42336.13,0,0
29,26657.78,640.0,11,2537.22,7,48,0.095,699.52,911.98,26,26.9,0.657,self_employed,education,north,39996.89,0,0
25,46607.04,564.0,26,31296.57,3,60,0.671,1530.62,1659.87,23,66.55,0.892,salaried,education,south,35819.77,1,0
62,24467.69,492.0,14,3863.51,5,48,0.158,834.14,14169.9,31,26.91,0.784,salaried,education,north,31331.55,1,0
22,59783.28,581.0,22,24241.42,6,36,0.405,2805.49,27265.06,25,112.22,0.867,salaried,home,west,39115.32,0,0
29,61895.28,705.0,18,8187.31,7,24,0.132,1855.11,2720.58,20,92.76,0.873,salaried,auto,north,55396.99,0,0
63,85166.49,751.0,10,36.79,6,48,0.0,2275.84,2939.3,26,87.53,0.528,self_employed,personal,central,62737.29,0,0
56,31287.11,624.0,2,3354.09,6,60,0.107,1493.85,14348.61,25,59.75,0.884,salaried,home,west,37145.37,0,0
42,32257.7,570.0,15,196.06,6,48,0.006,2012.49,1333.23,21,95.83,0.781,contract,education,west,42363.77,1,0
42,107593.51,666.0,31,4323.77,3,36,0.04,6688.98,44535.7,38,176.03,0.599,contract,home,west,69321.32,0,0
42,29262.77,709.0,8,24265.19,7,36,0.829,1733.86,1445.07,35,49.54,0.978,salaried,education,east,40576.18,1,0
54,136359.12,716.0,4,13587.03,4,36,0.1,3193.47,33722.59,25,127.74,0.411,unemployed,home,north,66722.81,1,0
49,35747.88,667.0,0,8711.39,1,36,0.244,1883.14,3096.19,23,81.88,0.823,salaried,auto,west,39030.7,1,0
58,35860.48,826.0,34,6960.47,4,12,0.194,1321.12,19686.49,26,50.81,0.884,self_employed,personal,north,56383.27,0,0
53,79163.01,758.0,34,4195.28,6,24,0.053,4361.28,1842.76,31,140.69,0.852,unemployed,home,east,66248.8,0,0
38,69371.14,546.0,11,2139.06,4,12,0.031,1585.06,36642.46,34,46.62,0.844,salaried,business,west,48555.72,0,0
27,113401.69,525.0,20,581.09,4,36,0.005,6317.14,23166.68,32,197.41,0.477,unemployed,personal,north,65632.43,1,0
21,23130.63,554.0,7,1898.12,3,24,0.082,1079.25,9466.8,33,32.7,0.808,self_employed,personal,west,37751.48,0,0
53,68881.02,749.0,26,3898.12,2,24,0.057,1665.18,175.54,23,72.4,0.452,self_employed,auto,east,62806.03,0,0
21,53067.07,505.0,8,6605.56,3,60,0.124,3224.8,22533.65,25,128.99,0.789,salaried,education,east,36093.07,0,0
44,33372.0,689.0,27,2057.97,3,48,0.062,1908.46,14163.81,27,70.68,0.495,salaried,personal,central,52543.42,0,0
24,126331.26,636.0,29,32961.4,5,12,0.261,6259.0,12626.01,31,201.9,0.364,salaried,personal,west,62662.35,0,0
24,60228.89,544.0,13,719.67,2,48,0.012,2181.28,16835.38,34,64.16,0.357,contract,personal,east,50201.64,0,0
38,52665.61,671.0,22,896.31,5,36,0.017,2215.66,2192.28,23,96.33,0.846,salaried,home,east,49584.16,0,0
47,66456.49,635.0,28,10328.4,7,48,0.155,1460.09,21790.06,27,54.08,0.714,contract,home,north,51784.34,0,0
63,24890.48,719.0,25,12660.74,2,48,0.509,1215.34,13857.09,23,52.84,0.55,salaried,business,south,51950.64,0,0
52,30888.13,512.0,21,32326.25,2,36,1.047,1873.09,4395.29,33,56.76,0.682,salaried,auto,west,21043.31,1,0
53,46644.97,574.0,14,6803.71,3,48,0.146,1396.69,27042.16,30,46.56,0.787,salaried,auto,north,46994.18,1,0
48,62466.19,576.0,8,1632.98,6,60,0.026,2362.07,19110.22,25,94.48,0.672,salaried,home,central,49146.32,0,0
62,96142.38,706.0,25,25015.28,6,36,0.26,5455.58,57671.67,29,188.12,0.594,self_employed,personal,south,59355.61,0,0
61,36380.4,630.0,16,35314.31,3,12,0.971,858.19,9723.81,25,34.33,0.846,self_employed,home,central,30209.25,0,0
56,32827.4,750.0,8,23135.82,3,36,0.705,1121.59,17196.76,32,35.05,0.443,self_employed,business,west,41955.43,0,0
26,67889.85,616.0,2,18477.38,3,12,0.272,4077.62,34281.9,35,116.5,0.856,salaried,personal,north,45699.15,0,0
36,50962.53,669.0,15,726.73,2,36,0.014,2694.64,16948.54,24,112.28,0.849,unemployed,home,north,49118.83,0,0
54,22820.77,776.0,12,17371.32,7,24,0.761,552.38,1055.13,23,24.02,0.924,self_employed,auto,south,49698.77,0,0
43,35836.82,499.0,25,27562.02,6,36,0.769,1440.13,16156.08,27,53.34,0.598,self_employed,home,south,31327.05,1,0
62,49921.37,652.0,16,7232.98,2,24,0.145,2106.13,4841.16,31,67.94,0.601,salaried,home,central,51787.59,0,0
44,50544.45,647.0,31,13328.92,1,36,0.264,2612.35,22541.71,29,90.08,0.7,self_employed,education,west,50247.34,0,0
33,56411.95,583.0,23,9733.03,3,48,0.173,1679.15,24910.82,29,57.9,0.931,salaried,home,east,38971.16,0,1
38,30177.63,636.0,21,3057.83,8,36,0.101,924.9,8137.12,27,34.26,0.742,self_employed,home,west,45893.66,0,0
33,51074.64,677.0,8,7970.1,4,60,0.156,2878.66,557.51,23,125.16,0.444,self_employed,personal,west,44050.33,1,0
57,82965.93,587.0,21,19814.36,2,12,0.239,2504.28,2337.19,31,80.78,0.944,self_employed,auto,west,54899.87,0,0
63,15000.0,655.0,19,6173.49,5,48,0.412,592.23,679.81,26,22.78,0.57,unemployed,education,east,40827.7,1,0
59,47711.35,563.0,2,8027.57,5,24,0.168,2375.87,25295.7,23,103.3,0.805,self_employed,personal,west,37343.23,1,0
62,25645.24,633.0,32,6823.28,3,48,0.266,1095.15,6000.8,35,31.29,0.413,salaried,home,west,45902.16,0,0
37,53396.25,729.0,17,2986.65,3,36,0.056,3148.95,1153.87,26,121.11,0.411,self_employed,personal,north,52728.73,0,0
35,27524.91,733.0,9,9286.91,5,36,0.337,1159.66,3692.17,30,38.66,0.912,self_employed,home,central,42783.56,0,0
38,57545.63,750.0,20,6410.42,3,36,0.111,1696.46,13392.5,28,60.59,0.623,salaried,education,south,56643.97,0,0
43,112643.85,641.0,24,2382.09,6,24,0.021,6250.04,17862.39,32,195.31,0.645,contract,auto,east,72300.5,0,0
50,34865.16,622.0,8,20316.63,0,12,0.583,1857.75,7506.95,30,61.92,0.584,self_employed,business,north,30975.59,1,0
54,37216.28,713.0,26,26969.84,3,36,0.725,1088.94,12412.24,31,35.13,0.28,salaried,auto,east,43022.56,0,0
24,43851.62,749.0,14,512.68,7,12,0.012,2322.6,1532.12,22,105.57,0.647,salaried,education,central,48947.74,0,0
23,62530.33,657.0,31,8764.06,3,48,0.14,2142.35,2814.5,39,54.93,0.668,salaried,home,south,53180.13,0,0
27,34249.57,779.0,15,4825.99,3,24,0.141,1520.25,20212.35,25,60.81,0.791,self_employed,auto,central,52322.36,0,0
38,45656.67,710.0,27,6718.06,6,24,0.147,2798.17,328.47,27,103.64,0.709,self_employed,personal,south,49002.95,0,0
62,40083.87,601.0,5,4213.2,3,48,0.105,909.05,6279.03,33,27.55,0.655,self_employed,auto,east,36386.99,0,0
27,43917.26,612.0,5,5788.22,7,24,0.132,1227.28,11318.38,30,40.91,0.549,contract,home,west,40879.37,0,0
60,62861.24,647.0,1,3516.53,1,36,0.056,2897.12,3653.59,36,80.48,0.743,self_employed,personal,east,50267.63,0,0
26,69423.36,517.0,6,1126.02,4,36,0.016,1591.2,12714.02,25,63.65,0.623,self_employed,personal,south,44565.97,1,0
42,27873.72,603.0,26,3236.25,3,36,0.116,708.43,14739.44,32,22.14,0.867,salaried,home,south,45134.64,0,0
21,62750.93,747.0,27,9987.03,5,36,0.159,2910.04,16030.78,31,93.87,0.745,contract,business,south,55362.42,0,0
24,223148.49,764.0,15,465.25,2,24,0.002,12472.74,12854.37,29,430.09,0.59,salaried,home,east,93071.33,0,0
63,108542.96,674.0,8,4342.07,1,24,0.04,4729.47,4455.44,24,197.06,0.829,contract,home,west,64339.36,0,0
49,40585.42,689.0,14,388.98,5,12,0.01,1161.35,6507.31,44,26.39,0.562,contract,home,central,46453.12,0,0
41,57489.44,624.0,33,3964.23,3,36,0.069,1512.42,2450.32,30,50.41,0.612,self_employed,personal,central,52350.86,0,0
46,53363.9,596.0,19,825.21,6,60,0.015,2936.42,24332.38,20,146.82,0.68,self_employed,home,central,54578.71,0,0
34,66619.63,698.0,13,3734.73,2,48,0.056,3893.77,26522.88,21,185.42,0.763,contract,business,north,58432.39,0,0
29,44801.79,613.0,10,16386.3,6,12,0.366,2342.18,6925.69,21,111.53,0.669,self_employed,education,central,41969.45,0,0
32,47996.46,794.0,29,8553.48,4,24,0.178,1438.92,2493.52,30,47.96,0.489,contract,auto,central,64734.78,0,0
62,38992.68,685.0,2,10319.67,7,36,0.265,1384.3,18696.87,24,57.68,0.891,salaried,business,north,38121.34,0,0
26,88693.99,688.0,1,6306.99,4,12,0.071,3439.69,40867.45,27,127.4,0.584,contract,auto,north,49907.31,1,0
40,62313.73,560.0,13,23003.57,5,36,0.369,1620.76,34473.45,31,52.28,0.878,salaried,auto,south,38889.62,0,0
44,62526.78,453.0,28,7011.46,3,60,0.112,1962.85,7313.74,24,81.79,0.707,self_employed,education,south,40384.28,0,0
47,93739.09,688.0,4,991.29,5,24,0.011,4790.96,33081.35,25,191.64,0.851,salaried,auto,central,64712.37,1,0
58,94365.23,608.0,5,24341.42,3,48,0.258,5042.18,5214.15,31,162.65,0.446,self_employed,home,north,43390.17,1,0
28,86683.96,734.0,7,1285.1,6,12,0.015,2464.85,1206.79,28,88.03,0.908,salaried,auto,south,58403.2,0,0
21,93099.48,572.0,28,63850.47,3,12,0.686,3206.58,34656.56,35,91.62,0.37,unemployed,education,west,37331.39,1,0
44,109447.54,605.0,26,5144.49,4,24,0.047,4534.53,40727.67,36,125.96,0.734,self_employed,personal,west,66188.04,0,0
27,35067.2,745.0,15,686.93,5,36,0.02,986.38,1551.61,29,34.01,0.74,self_employed,business,east,55788.32,0,0
39,47362.92,687.0,26,17962.66,1,48,0.379,2690.12,22436.09,22,122.28,0.595,salaried,home,east,47387.03,0,0
42,74535.2,565.0,0,877.35,6,24,0.012,2492.44,35621.49,22,113.29,0.577,salaried,education,east,55769.01,1,0
55,36370.44,653.0,32,1725.16,5,24,0.047,1133.38,4771.14,21,53.97,0.89,salaried,auto,central,53204.61,0,0
50,46006.39,812.0,26,4861.47,5,36,0.106,2671.36,205.48,21,127.21,0.496,salaried,auto,south,60113.72,0,0
49,59129.65,662.0,16,10148.28,3,24,0.172,2891.52,2587.6,22,131.43,0.597,salaried,home,north,51040.83,1,0
42,48846.55,637.0,14,1162.17,1,12,0.024,2060.66,479.63,35,58.88,0.978,salaried,education,south,47203.35,1,0
31,55810.01,726.0,21,8770.65,1,24,0.157,1412.12,23433.74,35,40.35,0.573,salaried,business,central,58558.15,0,0
40,32356.61,680.0,18,13642.97,1,24,0.422,870.01,3467.75,26,33.46,0.86,contract,auto,north,42284.78,0,0
49,53263.7,773.0,27,1186.33,7,36,0.022,1606.41,27643.43,21,76.5,0.335,salaried,auto,east,67312.49,0,0
61,57544.33,714.0,22,9386.14,5,12,0.163,1722.83,21559.56,36,47.86,0.759,salaried,education,central,56212.53,0,0
62,112055.77,727.0,19,28720.44,6,36,0.256,6475.97,39726.89,14,462.57,0.781,self_employed,business,central,55727.96,0,0
54,48007.7,777.0,8,30809.62,3,24,0.642,2884.15,1583.82,31,93.04,0.826,self_employed,auto,north,45321.8,0,0
21,40432.18,625.0,22,1587.01,3,24,0.039,1544.67,1775.91,26,59.41,0.364,self_employed,home,south,52887.43,1,0
51,74669.34,599.0,6,12832.96,8,24,0.172,2179.76,37819.65,38,57.36,0.605,salaried,personal,east,42962.81,1,0
50,15000.0,536.0,30,16874.26,1,36,1.125,483.56,4242.61,29,16.67,0.583,salaried,auto,north,34946.85,1,0
38,46966.66,632.0,10,19781.05,0,48,0.421,1024.32,11020.07,23,44.54,0.816,salaried,auto,west,34385.01,0,0
37,42994.56,539.0,16,3519.82,6,36,0.082,1281.03,16595.25,34,37.68,0.431,salaried,business,east,42865.36,0,0
58,60925.97,681.0,25,2833.86,4,24,0.047,1308.66,18878.64,35,37.39,0.598,salaried,education,north,64518.4,0,0
34,94921.15,598.0,17,441.4,3,36,0.005,5781.35,17728.47,28,206.48,0.698,salaried,education,east,52383.89,0,0
43,108888.16,732.0,30,4589.51,6,24,0.042,5097.96,11534.64,32,159.31,0.83,self_employed,auto,north,65615.76,0,0
45,60544.05,716.0,34,1191.06,4,24,0.02,2961.92,4769.53,28,105.78,0.69,salaried,home,west,57819.9,0,0
35,26950.1,617.0,27,13886.84,5,36,0.515,653.93,423.58,32,20.44,0.56,contract,auto,central,40689.09,1,0
42,42985.41,733.0,25,1388.51,6,36,0.032,1721.22,2255.29,35,49.18,0.485,contract,home,east,59360.64,0,0
23,45159.34,663.0,5,15378.62,3,36,0.341,1753.12,377.99,28,62.61,0.942,salaried,home,west,33975.93,1,0
39,63911.01,499.0,33,1024.7,1,36,0.016,3559.3,31497.42,39,91.26,0.862,self_employed,personal,west,54819.18,0,0
64,55565.12,566.0,27,5896.0,4,36,0.106,2962.11,29091.5,33,89.76,0.943,self_employed,home,north,54098.62,0,0
54,39746.05,588.0,8,4369.85,5,60,0.11,1516.03,19814.94,25,60.64,0.759,salaried,home,west,41681.38,0,0
55,30845.87,651.0,28,8281.42,3,60,0.268,1577.91,16066.95,26,60.69,0.655,salaried,auto,south,53143.55,0,0
21,36648.96,614.0,33,6582.72,6,36,0.18,896.02,5303.61,34,26.35,0.652,salaried,auto,west,45415.26,0,0
41,36047.54,605.0,11,8215.77,3,48,0.228,1131.9,21532.85,24,47.16,0.535,unemployed,auto,central,41193.69,0,0
49,112387.69,699.0,15,8.68,5,36,0.0,3138.47,37631.49,28,112.09,0.954,contract,education,west,67539.39,0,0
26,38317.18,717.0,6,1227.57,4,60,0.032,1956.49,1878.17,34,57.54,0.604,self_employed,auto,south,50196.4,0,0
57,55662.46,597.0,30,6551.89,2,12,0.118,3207.71,1677.85,27,118.8,0.63,unemployed,home,central,44199.97,0,1
21,83767.35,578.0,32,2348.38,6,24,0.028,3904.55,1095.17,28,139.45,0.865,unemployed,personal,north,59693.94,1,0
21,59142.45,757.0,6,714.48,6,24,0.012,2870.97,3020.87,27,106.33,0.789,salaried,home,south,58627.72,0,0
47,33233.01,850.0,2,2209.67,4,24,0.066,1510.7,10121.77,24,62.95,0.788,self_employed,auto,east,56112.68,0,0
41,84397.1,570.0,19,13621.41,5,24,0.161,3834.98,49281.12,24,159.79,0.938,salaried,education,central,51860.04,1,0
36,63537.41,726.0,4,7021.97,3,36,0.111,1884.59,3116.93,30,62.82,0.72,contract,education,north,52745.72,0,1
64,20262.57,638.0,2,1897.34,5,48,0.094,437.63,922.53,30,14.59,0.767,salaried,auto,north,40542.09,0,0
60,94899.59,707.0,14,144.97,6,12,0.002,2737.32,41480.6,26,105.28,0.504,self_employed,auto,central,64522.79,0,0
46,80259.54,569.0,34,3982.84,4,48,0.05,2739.02,29961.33,24,114.13,0.851,contract,personal,north,60346.38,0,0
36,63090.48,544.0,22,3981.07,3,24,0.063,2366.59,34094.14,23,102.9,0.676,contract,home,south,48565.02,0,0
48,113056.57,555.0,32,11956.48,2,36,0.106,5753.37,42986.68,37,155.5,0.771,salaried,auto,north,61979.64,0,0
21,79436.28,602.0,1,22668.35,2,36,0.285,1706.45,47476.7,23,74.19,0.671,salaried,education,north,41371.64,0,0
56,90000.8,630.0,20,4187.14,6,36,0.047,4048.63,2907.0,30,134.95,0.887,salaried,education,central,60844.25,0,0
30,86368.71,730.0,13,10486.6,4,12,0.121,2859.01,5823.11,21,136.14,0.918,salaried,business,central,61596.52,0,0
63,76165.95,579.0,13,9068.39,9,36,0.119,2158.4,34983.75,25,86.34,0.861,contract,business,east,46885.05,0,0
37,24199.87,596.0,10,4934.88,6,12,0.204,790.51,1101.37,25,31.62,0.768,salaried,home,west,38131.82,0,0
43,25535.88,827.0,3,613.45,3,12,0.024,922.18,622.35,23,40.09,0.636,salaried,home,central,52179.26,0,0
27,79449.61,655.0,29,5772.93,1,24,0.073,4469.85,22299.26,33,135.45,0.543,salaried,home,central,65371.01,0,1
64,94300.6,674.0,19,3934.53,9,24,0.042,2949.89,50449.26,27,109.26,0.591,self_employed,home,north,68208.95,0,0
27,39445.37,713.0,15,7190.46,2,36,0.182,1689.15,13625.73,25,67.57,0.915,salaried,personal,central,60360.9,0,0
64,32820.44,605.0,33,1205.87,6,24,0.037,1691.14,18628.4,19,89.01,0.501,self_employed,education,central,47060.93,0,0
35,60973.37,648.0,7,11594.01,2,36,0.19,3625.79,9712.25,29,125.03,0.77,salaried,home,west,42067.23,0,0
54,28185.85,623.0,19,13949.93,2,36,0.495,626.11,5150.19,26,24.08,0.524,contract,business,east,41041.01,0,0
24,50211.33,643.0,20,4426.0,3,12,0.088,2670.2,11639.31,27,98.9,0.645,self_employed,auto,north,53584.74,0,0
34,46175.38,722.0,29,1734.36,5,24,0.038,1433.68,20469.89,30,47.79,0.657,self_employed,education,north,58509.12,0,0
34,48971.53,707.0,4,8793.4,4,36,0.18,2732.96,20298.67,23,118.82,0.775,self_employed,auto,south,49479.37,0,0
36,126499.54,456.0,20,28073.71,3,24,0.222,3413.41,17630.18,24,142.23,0.945,contract,business,south,51350.42,1,1
27,40729.33,735.0,22,10850.86,6,24,0.266,1984.41,1035.16,27,73.5,0.656,contract,education,north,53352.62,0,0
52,55494.21,621.0,18,1186.18,1,36,0.021,2865.01,12433.03,27,106.11,0.686,salaried,personal,north,54771.9,0,0
39,30017.32,684.0,9,4555.83,6,36,0.152,1275.82,13819.2,21,60.75,0.643,self_employed,education,south,39527.59,0,0
22,82716.0,615.0,26,22225.08,3,24,0.269,2910.4,19309.18,24,121.27,0.834,salaried,business,north,49274.26,0,0
30,49970.42,646.0,34,9056.5,1,36,0.181,1368.73,2290.76,18,76.04,0.865,salaried,auto,west,56388.96,0,0
37,92063.95,762.0,12,1432.57,3,48,0.016,2320.54,3112.17,37,62.72,0.832,salaried,business,west,64760.89,0,0
57,17931.28,679.0,8,11605.52,3,12,0.647,938.14,10161.66,30,31.27,0.576,self_employed,business,west,40101.4,0,0
32,52777.54,757.0,16,3925.9,4,24,0.074,1231.64,30982.89,25,49.27,0.436,self_employed,personal,central,62890.19,0,0
26,57495.24,646.0,30,6051.89,6,24,0.105,2593.55,2214.28,19,136.5,0.731,contract,home,central,49382.62,0,0
42,81649.05,637.0,23,4826.01,3,12,0.059,1799.41,4518.44,33,54.53,0.786,salaried,auto,west,58083.07,0,0
52,40582.84,651.0,18,11641.68,3,36,0.287,1624.83,17798.01,23,70.64,0.648,salaried,personal,east,45392.96,0,0
61,77193.55,542.0,29,2212.02,3,24,0.029,2053.16,31894.54,26,78.97,0.77,contract,personal,north,59848.45,0,0
40,42729.89,421.0,4,4424.65,4,60,0.104,2048.68,12391.26,20,102.43,0.628,salaried,home,west,33576.92,1,0
21,56511.01,584.0,7,12282.41,4,12,0.217,1754.35,19492.77,21,83.54,0.605,salaried,auto,north,43516.84,1,0
26,82033.11,737.0,24,10980.4,3,48,0.134,2906.77,20169.31,31,93.77,0.781,salaried,personal,east,64553.07,0,0
39,35653.54,771.0,4,2027.94,5,36,0.057,1872.11,433.13,32,58.5,0.51,contract,auto,east,49591.09,0,0
38,75603.9,480.0,32,3886.24,3,36,0.051,3476.71,42061.46,35,99.33,0.754,contract,personal,east,45769.39,0,0
26,62988.42,759.0,21,130.21,8,36,0.002,3210.34,900.03,35,91.72,0.632,self_employed,auto,south,66745.71,0,0
53,46622.88,600.0,24,6798.51,4,24,0.146,2324.21,15586.81,30,77.47,0.907,unemployed,home,east,45704.51,0,0
43,40107.03,529.0,28,2968.31,3,12,0.074,2323.09,17948.58,25,92.92,0.601,salaried,auto,east,43418.1,0,0
43,21049.39,740.0,29,107.43,4,60,0.005,1123.09,10475.2,27,41.6,0.868,self_employed,home,west,52954.69,0,0
46,52254.45,607.0,29,4975.85,4,12,0.095,2681.54,11822.66,29,92.47,0.846,self_employed,home,east,54581.27,0,0
33,46657.98,850.0,30,23539.61,4,36,0.505,1103.84,18736.5,25,44.15,0.904,contract,auto,north,57088.97,0,0
27,72229.89,593.0,33,23122.56,8,48,0.32,1852.54,20010.59,22,84.21,0.62,salaried,education,west,38674.77,0,0
35,69016.38,627.0,27,4188.41,1,12,0.061,2998.97,34273.92,29,103.41,0.729,salaried,home,south,58572.45,0,0
64,87689.09,567.0,9,5367.09,5,24,0.061,3039.01,35176.71,30,101.3,0.974,contract,education,central,52237.43,0,0
47,89145.77,663.0,3,2501.74,2,24,0.028,3755.24,4199.73,26,144.43,0.813,self_employed,home,central,55111.87,0,0
46,224132.36,718.0,32,636.77,6,24,0.003,11476.3,83776.16,27,425.05,0.632,self_employed,personal,south,96509.54,0,0
53,68264.63,503.0,16,10655.38,2,24,0.156,2347.09,29176.6,31,75.71,0.816,salaried,business,south,45449.34,0,0
35,36782.9,706.0,10,14487.31,5,24,0.394,2088.81,20120.4,24,87.03,0.527,salaried,education,north,43155.14,0,0
56,78573.27,615.0,6,19090.22,3,12,0.243,3042.34,3881.03,27,112.68,0.525,self_employed,home,east,39730.32,0,0
47,111597.82,577.0,16,24640.18,2,24,0.221,3863.23,4087.58,37,104.41,0.712,salaried,business,central,49669.23,1,0
25,67084.2,531.0,27,22288.52,4,36,0.332,2829.58,20824.48,30,94.32,0.956,salaried,personal,east,36091.14,0,0
22,20828.32,733.0,16,249.89,2,24,0.012,878.71,8161.46,23,38.2,0.85,salaried,business,central,53478.12,0,0
53,69557.71,674.0,9,34389.33,3,12,0.494,3937.37,32266.35,22,178.97,0.865,contract,personal,central,44605.53,0,0
36,40804.91,601.0,25,4295.1,8,48,0.105,1175.09,3995.64,26,45.2,0.766,self_employed,auto,west,45806.87,0,0
43,29885.64,716.0,5,19552.52,6,36,0.654,1268.61,999.11,28,45.31,0.692,contract,personal,north,42698.14,1,0
58,58924.31,695.0,16,5230.59,7,48,0.089,3219.73,18970.84,38,84.73,0.691,self_employed,home,west,55642.44,0,0
36,27265.66,724.0,15,4936.6,4,12,0.181,1327.02,8691.4,26,51.04,0.881,salaried,auto,north,45660.54,0,0
34,85855.09,789.0,25,101.28,3,36,0.001,3779.58,22299.98,28,134.98,0.907,contract,education,west,71447.4,0,0
49,75274.42,668.0,3,484.8,2,48,0.006,4233.25,38596.84,25,169.33,0.846,unemployed,home,central,57885.39,0,0
46,52104.1,814.0,19,10012.91,3,36,0.192,2764.36,2955.31,28,98.73,0.912,self_employed,auto,north,58841.42,0,0
55,42296.72,771.0,10,24973.57,4,48,0.59,992.31,10286.77,30,33.08,0.708,contract,home,central,38758.43,0,0
35,49869.02,717.0,22,2287.07,7,12,0.046,1970.27,18113.34,26,75.78,0.501,salaried,home,north,61720.55,0,0
23,34375.11,506.0,32,887.64,6,24,0.026,1724.73,18809.09,24,71.86,0.883,self_employed,education,south,47949.13,0,0
43,52330.26,659.0,30,2165.55,3,24,0.041,2485.05,20172.23,25,99.4,0.906,self_employed,home,west,59917.46,0,0
49,15062.95,671.0,6,2147.97,3,36,0.143,525.88,144.7,24,21.91,0.688,salaried,education,north,37783.38,0,0
54,56382.8,668.0,21,3122.25,4,60,0.055,2205.64,23396.78,26,84.83,0.838,self_employed,education,south,55152.74,0,0
53,57033.78,641.0,4,895.83,7,36,0.016,2394.13,12371.91,28,85.5,0.3,contract,business,south,46062.85,0,0
61,79246.41,705.0,0,2417.11,3,60,0.031,3065.66,28567.67,29,105.71,0.959,salaried,auto,east,57147.73,0,0
61,62001.58,716.0,5,22876.13,5,48,0.369,3207.85,2177.65,25,128.31,0.986,salaried,education,east,47738.8,0,1
43,84103.26,508.0,3,19883.43,6,48,0.236,3476.55,10090.02,29,119.88,0.428,self_employed,education,south,35787.35,1,0
27,69297.49,765.0,29,3422.18,3,36,0.049,3746.87,34298.45,21,178.42,0.755,salaried,education,south,63094.99,0,0
23,86373.48,525.0,29,51968.21,4,24,0.602,3429.64,28783.3,34,100.87,0.814,salaried,auto,north,42049.75,1,1
52,176246.93,615.0,16,3188.93,3,12,0.018,3978.62,4302.33,26,153.02,0.688,contract,education,north,77573.6,0,0
51,65447.77,575.0,23,11515.7,3,36,0.176,3706.59,9124.29,22,168.48,0.991,self_employed,home,south,50425.29,0,0
38,58853.75,589.0,30,9295.64,6,48,0.158,3025.28,32446.12,29,104.32,0.866,salaried,home,east,47049.91,0,0
63,92426.78,742.0,27,600.59,4,36,0.006,2588.27,14824.32,32,80.88,0.772,contract,home,south,68526.52,0,0
27,43883.59,660.0,3,3771.01,4,12,0.086,1538.61,24672.95,29,53.06,0.621,unemployed,education,south,46185.98,1,0
61,51347.19,708.0,18,27235.65,2,48,0.53,1208.05,17151.39,27,44.74,0.974,salaried,education,west,44980.95,0,1
21,65476.57,704.0,23,469.86,6,12,0.007,2675.91,20404.96,25,107.04,0.759,contract,personal,south,58245.98,0,0
34,55970.88,487.0,6,1730.09,4,24,0.031,2231.5,16434.84,30,74.38,0.891,contract,business,west,40469.08,0,0
52,55857.61,603.0,8,31847.32,2,24,0.57,1584.79,2968.06,27,58.7,0.506,salaried,auto,north,39659.28,0,0
26,81218.69,714.0,21,365.46,2,24,0.004,2319.26,39968.55,28,82.83,0.761,salaried,home,south,62970.33,0,0
59,25254.9,706.0,1,5325.19,5,48,0.211,783.81,10410.86,26,30.15,0.307,salaried,education,south,42991.51,0,0
30,135273.86,501.0,26,22547.94,6,60,0.167,6815.54,43804.09,26,262.14,0.652,self_employed,home,south,61437.65,0,0
27,67417.17,738.0,15,25890.16,2,12,0.384,2324.02,27028.74,25,92.96,0.735,contract,auto,central,53475.91,0,0
46,45246.58,702.0,4,34907.68,2,24,0.771,2036.11,7287.11,29,70.21,0.98,salaried,auto,central,33603.66,0,0
54,112715.68,568.0,11,5908.24,6,36,0.052,3474.25,34736.03,30,115.81,0.701,salaried,education,north,57540.07,0,0
50,56760.18,685.0,25,814.05,6,36,0.014,3217.29,5769.22,25,128.69,0.668,unemployed,auto,east,52373.78,1,0
56,57437.6,631.0,14,13333.49,6,24,0.232,2858.15,5422.7,20,142.91,0.512,salaried,business,north,40139.26,1,0
41,49186.95,692.0,2,11109.38,3,24,0.226,3049.82,2120.07,21,145.23,0.813,self_employed,home,north,42926.31,0,0
37,104868.47,497.0,8,7799.22,6,36,0.074,5977.7,5945.17,36,166.05,0.83,salaried,personal,central,48711.57,1,0
53,53948.87,620.0,27,19722.28,5,36,0.366,1427.16,2619.03,35,40.78,0.604,salaried,personal,north,45004.95,1,0
30,42138.32,750.0,24,21829.91,1,60,0.518,2118.12,23791.3,23,92.09,0.885,self_employed,home,west,51124.0,0,0
62,84918.55,696.0,27,10346.62,4,36,0.122,2778.93,12626.13,31,89.64,0.874,salaried,auto,central,55862.47,0,0
32,92256.68,717.0,20,1070.06,5,48,0.012,4207.89,1584.67,29,145.1,0.733,self_employed,home,south,66321.58,0,0
36,111633.2,630.0,28,903.61,3,60,0.008,5337.33,29677.88,39,136.85,0.81,salaried,home,east,72376.66,0,0
61,72050.29,698.0,24,4727.82,3,24,0.066,3761.97,17453.22,40,94.05,0.811,salaried,home,north,57355.87,0,0
52,90746.02,636.0,29,3116.71,5,24,0.034,3812.97,1750.41,28,136.18,0.504,self_employed,education,east,64843.14,0,0
35,48210.69,571.0,10,1284.27,5,60,0.027,1754.85,9139.99,19,92.36,0.883,salaried,auto,north,41683.75,0,0
47,85957.63,629.0,18,8502.0,4,36,0.099,5176.27,47240.15,23,225.06,0.734,salaried,personal,east,60787.42,0,0
48,75669.86,774.0,10,10354.74,7,24,0.137,2633.25,9452.85,28,94.04,0.798,contract,education,west,52247.62,0,0
37,68782.67,746.0,24,10775.01,3,24,0.157,2272.97,36258.63,29,78.38,0.917,salaried,personal,central,61055.77,0,0
22,26884.2,566.0,0,1734.37,6,12,0.065,910.96,8488.97,23,39.61,0.832,salaried,auto,west,45592.8,1,1
56,45493.36,615.0,31,3285.52,5,24,0.072,2510.59,25367.45,27,92.98,0.939,salaried,personal,west,54598.25,0,0
27,53073.25,571.0,20,1997.64,2,36,0.038,2509.43,1611.11,27,92.94,0.962,contract,personal,east,45004.48,0,0
33,68817.83,665.0,12,8276.69,5,24,0.12,1961.97,10236.76,32,61.31,0.644,salaried,personal,south,53007.87,1,0
35,159584.96,735.0,33,7534.85,5,24,0.047,4622.32,49369.59,26,177.78,0.871,salaried,auto,east,85327.57,0,0
45,79750.62,823.0,16,6298.16,1,12,0.079,2033.2,8139.1,35,58.09,0.612,self_employed,personal,west,62023.07,0,0
43,37627.63,529.0,18,3159.52,1,48,0.084,1441.65,5445.36,29,49.71,0.462,salaried,education,west,44525.76,1,0
42,43647.03,723.0,9,2435.1,4,36,0.056,1776.09,1287.81,23,77.22,0.853,contract,home,east,47116.06,1,0
46,101259.18,649.0,8,19898.9,1,60,0.197,3589.26,47115.06,31,115.78,0.673,salaried,home,north,58846.46,0,0
53,42791.76,619.0,10,450.79,4,12,0.011,1592.41,2034.62,29,54.91,0.782,salaried,auto,central,48363.63,0,0
31,85683.63,571.0,30,9614.45,5,60,0.112,3963.96,32305.62,35,113.26,0.37,self_employed,education,central,52816.84,0,0
30,57110.88,801.0,1,177.94,5,36,0.003,2491.95,31252.67,28,89.0,0.803,contract,education,central,52414.97,0,0
45,50268.05,512.0,23,1939.24,3,12,0.039,1966.24,19356.09,19,103.49,0.628,salaried,auto,north,40340.11,0,0
57,43084.59,608.0,4,3075.87,5,24,0.071,1788.68,1456.93,28,63.88,0.669,salaried,auto,north,43711.22,0,0
63,15000.0,681.0,29,19582.46,1,12,1.305,807.9,4806.41,24,33.66,0.635,salaried,education,north,35097.23,0,0
58,69070.85,689.0,34,1333.73,9,24,0.019,2924.22,40144.12,28,104.44,0.75,unemployed,home,west,60941.84,0,0
61,33743.45,756.0,16,24997.55,4,24,0.741,2049.59,13516.2,21,97.6,0.573,self_employed,auto,north,43400.79,0,0
44,28616.38,575.0,30,15208.82,2,36,0.531,1254.95,11998.27,25,50.2,0.488,salaried,home,north,35350.24,0,0
60,60566.58,703.0,1,10228.13,4,24,0.169,2087.32,522.04,25,83.49,0.645,salaried,auto,south,44969.88,0,0
53,86102.55,645.0,15,4775.37,2,36,0.055,5179.03,1968.5,26,199.19,0.796,salaried,auto,east,52900.9,0,0
37,25246.34,653.0,20,21209.27,2,36,0.84,629.14,12898.27,32,19.66,0.308,salaried,personal,central,37055.73,0,0
44,85095.38,611.0,29,6756.13,5,48,0.079,4869.38,7146.99,25,194.78,0.751,self_employed,business,south,52828.94,1,0
57,36082.29,664.0,0,4175.59,3,48,0.116,935.37,1828.49,43,21.75,0.378,salaried,education,central,42287.91,0,0
22,72549.11,638.0,13,7928.83,9,24,0.109,3453.03,25567.63,40,86.33,0.898,salaried,home,north,57547.12,0,0
52,70300.0,620.0,15,2378.83,3,36,0.034,4067.39,17465.37,16,254.21,0.952,salaried,home,north,53695.77,1,0
44,49365.67,605.0,8,2867.95,3,12,0.058,1246.93,27620.93,23,54.21,0.902,salaried,auto,east,51196.37,0,0
29,54909.56,682.0,7,22654.77,2,24,0.413,3430.81,2035.9,27,127.07,0.488,salaried,personal,south,38554.9,1,0
24,45329.34,537.0,8,14215.72,1,36,0.314,1854.52,2527.25,27,68.69,0.718,salaried,personal,east,35785.35,0,0
37,60997.72,634.0,33,6484.68,2,60,0.106,2517.37,32297.05,30,83.91,0.804,self_employed,auto,east,51089.85,0,0
37,60755.79,585.0,32,4849.44,3,36,0.08,2133.69,3599.0,28,76.2,0.776,salaried,home,north,54433.04,0,0
50,35748.07,640.0,21,14832.2,7,48,0.415,1333.15,935.53,27,49.38,0.692,contract,auto,west,45427.63,0,0
60,29406.64,641.0,29,7609.06,3,36,0.259,1170.4,8445.57,33,35.47,0.635,unemployed,education,west,52292.42,0,0
31,85285.47,724.0,6,4825.81,3,48,0.057,2413.63,36594.15,24,100.57,0.864,contract,business,east,60768.28,0,0
41,59385.47,706.0,17,6520.79,2,24,0.11,2440.2,4985.11,32,76.26,0.92,self_employed,personal,east,50540.67,0,0
41,80131.66,675.0,20,2384.01,6,36,0.03,3662.24,1292.33,27,135.64,0.505,contract,personal,central,61595.96,0,0
38,40067.4,665.0,4,2030.48,6,48,0.051,877.38,11073.04,25,35.1,0.968,self_employed,education,east,44510.07,0,0
49,37384.17,634.0,6,40663.32,3,36,1.088,1939.16,16309.59,18,107.73,0.88,salaried,personal,east,20956.56,1,0
44,34360.86,632.0,11,31437.39,5,12,0.915,1519.29,10581.27,17,89.37,0.793,contract,auto,east,34775.08,0,0
30,49944.07,501.0,16,4915.39,3,36,0.098,1268.66,7648.9,25,50.75,0.684,salaried,education,central,42794.8,1,0
37,60150.25,712.0,23,6517.31,1,24,0.108,3365.12,11382.11,30,112.17,0.724,salaried,home,north,54402.7,0,0
38,42415.91,673.0,18,15800.28,6,60,0.372,1761.63,19291.13,25,70.47,0.664,salaried,personal,west,42207.23,0,0
62,109553.8,752.0,15,11646.25,0,60,0.106,4224.34,53399.3,27,156.46,0.566,salaried,auto,north,65519.71,0,0
40,40580.12,603.0,24,943.74,6,48,0.023,1493.27,11077.44,34,43.92,0.866,contract,home,central,47227.44,0,0
57,60594.43,757.0,26,4224.43,9,24,0.07,3243.72,8006.45,21,154.46,0.688,salaried,auto,central,65233.19,0,0
38,36411.16,634.0,6,2590.95,5,12,0.071,881.42,1286.9,23,38.32,0.7,contract,auto,south,40144.61,0,0
37,40018.45,601.0,7,44193.27,3,48,1.104,2010.0,1008.73,26,77.31,0.792,salaried,personal,west,21874.24,1,0
29,52111.87,781.0,14,12430.03,2,36,0.239,2469.08,20354.02,22,112.23,0.785,salaried,home,west,56232.11,0,0
34,37246.52,681.0,15,440.49,4,48,0.012,1433.04,18564.88,26,55.12,0.77,self_employed,personal,east,51398.63,0,0
49,56400.71,792.0,7,20726.68,4,48,0.367,3410.77,1840.17,21,162.42,0.415,salaried,auto,north,43120.71,0,0
51,66046.41,664.0,31,23674.6,3,48,0.358,2891.51,35869.1,30,96.38,0.796,contract,personal,north,54233.46,0,0
24,88611.64,719.0,16,3648.32,4,24,0.041,4045.79,2072.2,30,134.86,0.544,salaried,auto,north,65256.33,0,0
38,33324.35,737.0,21,9244.44,3,36,0.277,1753.85,9959.43,25,70.15,0.656,salaried,home,west,55602.34,0,0
40,58426.75,626.0,31,10312.44,4,60,0.176,2739.56,20506.95,31,88.37,0.809,salaried,personal,central,47869.64,0,0
63,52686.96,679.0,10,11768.93,3,24,0.223,2948.02,23022.72,38,77.58,0.528,salaried,home,central,52978.83,1,0
64,23583.87,663.0,5,10643.05,4,36,0.451,716.3,7704.1,34,21.07,0.767,salaried,personal,east,40027.63,0,0
29,32599.29,721.0,21,7383.06,7,24,0.226,1746.44,15988.07,24,72.77,0.688,self_employed,home,south,56558.88,0,0
33,67085.71,559.0,13,27681.54,6,24,0.413,1575.35,28446.94,34,46.33,0.757,contract,home,west,47608.81,1,0
35,29475.2,701.0,27,6463.86,5,48,0.219,1453.19,6573.59,30,48.44,0.665,self_employed,education,south,50602.68,0,0
47,52415.67,728.0,11,1058.04,5,24,0.02,3244.08,20502.69,22,147.46,0.801,salaried,personal,north,55885.67,0,0
35,20845.66,592.0,26,754.6,2,12,0.036,1031.33,424.6,22,46.88,0.419,contract,business,north,47299.21,0,0
48,51723.7,575.0,0,166.93,2,24,0.003,1787.96,2253.15,24,74.5,0.634,salaried,education,central,40508.7,0,0
57,21502.42,509.0,9,5026.34,3,36,0.234,901.79,8579.59,30,30.06,0.589,salaried,auto,central,37001.6,0,0
39,41272.0,827.0,32,2872.38,2,48,0.07,2567.15,5070.19,31,82.81,0.902,self_employed,auto,south,62791.25,0,0
46,44489.9,588.0,15,20302.94,7,24,0.456,1814.64,18966.52,24,75.61,0.553,salaried,education,east,38005.19,1,0
46,57260.22,771.0,5,18166.67,0,60,0.317,3072.45,5485.85,33,93.1,0.603,contract,auto,central,45045.71,0,0
45,48356.31,632.0,24,16372.68,3,36,0.339,1374.77,354.58,30,45.83,0.806,self_employed,business,west,39007.1,1,0
46,31065.24,743.0,19,18175.5,4,48,0.585,1735.58,1220.32,29,59.85,0.664,salaried,personal,west,38793.48,0,0
46,31327.55,699.0,22,3179.34,5,24,0.101,882.85,6684.56,23,38.38,0.983,salaried,business,south,50902.3,0,1
48,26203.57,829.0,15,4997.98,5,48,0.191,1630.78,296.69,26,62.72,0.702,contract,home,north,50567.78,0,0
38,59451.64,773.0,0,3362.27,1,12,0.057,1505.61,35237.38,34,44.28,0.466,contract,personal,north,54068.52,0,0
52,58282.6,668.0,29,810.12,2,24,0.014,2140.99,3057.27,29,73.83,0.426,salaried,auto,east,57490.06,0,0
23,73220.72,676.0,26,23198.68,4,48,0.317,3668.29,8975.95,25,146.73,0.691,salaried,auto,north,50873.81,0,0
22,43257.95,708.0,1,8612.29,3,12,0.199,2244.25,2453.99,25,89.77,0.539,salaried,auto,south,49958.05,0,0
53,24823.49,850.0,20,1279.8,2,36,0.052,833.99,922.2,28,29.79,0.777,salaried,auto,central,56026.61,0,0
62,46995.18,656.0,8,2076.71,5,48,0.044,2150.23,15110.79,26,82.7,0.619,contract,education,east,47012.94,0,0
39,54446.35,540.0,23,5392.86,5,36,0.099,1327.25,12357.47,19,69.86,0.983,salaried,auto,east,47213.35,0,0
37,32075.99,671.0,6,479.6,4,12,0.015,716.08,6620.52,34,21.06,0.353,salaried,auto,west,48791.0,0,0
64,33475.6,596.0,29,2856.99,4,36,0.085,889.12,266.93,24,37.05,0.765,salaried,auto,east,49351.15,0,0
53,66364.36,668.0,1,10939.75,3,36,0.165,2480.05,8310.48,21,118.1,0.536,salaried,education,north,45242.25,0,0
32,56685.84,748.0,11,22777.4,7,36,0.402,2335.23,9980.95,30,77.84,0.607,salaried,home,east,42238.18,0,0
23,90200.59,693.0,12,23771.7,4,24,0.264,2251.59,40321.08,33,68.23,0.598,salaried,home,central,50423.25,0,0
63,117588.36,600.0,2,6606.27,4,24,0.056,4603.95,67822.56,35,131.54,0.849,self_employed,personal,north,64870.37,0,0
46,27549.4,633.0,17,3367.73,5,12,0.122,1619.14,7989.54,31,52.23,0.861,salaried,home,south,48981.85,0,0
55,44869.32,559.0,5,22815.84,1,12,0.508,2045.81,10553.66,16,127.86,0.974,unemployed,personal,west,30670.22,1,0
28,57275.92,758.0,26,13902.75,5,48,0.243,1928.24,29684.89,25,77.13,0.907,salaried,home,south,62398.8,0,0
56,63806.35,720.0,14,7961.21,0,36,0.125,1829.47,26469.09,32,57.17,0.601,salaried,auto,east,54178.81,0,0
27,85574.83,557.0,14,16191.93,5,12,0.189,3610.02,13861.73,36,100.28,0.615,self_employed,education,north,45072.46,1,0
56,75198.1,850.0,18,5526.2,5,12,0.073,2318.49,24976.28,30,77.28,0.779,salaried,business,north,71375.28,0,0
36,90426.58,632.0,19,1071.03,1,12,0.012,5435.32,4814.45,33,164.71,0.625,salaried,personal,central,62102.63,0,0
44,55693.13,675.0,19,25060.22,3,12,0.45,1920.12,2243.28,21,91.43,0.704,salaried,auto,south,41385.93,0,0
21,40830.04,621.0,17,6872.26,6,12,0.168,927.36,964.81,29,31.98,0.736,salaried,education,west,43542.74,0,0
45,130285.1,686.0,33,10695.57,7,48,0.082,6968.01,34964.53,31,224.77,0.819,unemployed,business,central,69052.86,0,0
30,58046.3,658.0,34,4482.55,2,24,0.077,3123.41,3141.4,30,104.11,0.736,salaried,auto,north,58976.2,0,0
36,48589.79,531.0,0,1312.95,5,24,0.027,2814.5,20926.39,27,104.24,0.81,self_employed,home,south,44671.42,0,0
36,33439.77,750.0,11,2855.63,2,36,0.085,1838.08,10561.21,42,43.76,0.909,contract,home,central,47997.64,0,0
28,58206.99,580.0,4,401.89,6,24,0.007,1933.1,24058.0,24,80.55,0.625,self_employed,education,central,50364.34,0,0
49,85137.3,728.0,26,824.89,4,36,0.01,4476.74,35548.63,33,135.66,0.877,salaried,home,central,72662.11,0,0
59,43251.65,630.0,19,2063.8,3,24,0.048,2447.81,15097.17,26,94.15,0.722,unemployed,auto,central,45325.27,0,0
48,51020.32,655.0,18,7409.53,1,36,0.145,2860.31,1959.08,18,158.91,0.885,salaried,personal,east,44091.1,0,0
26,60604.26,691.0,14,44509.62,3,24,0.734,2410.63,13622.7,21,114.79,0.932,salaried,auto,east,34800.09,1,0
36,67002.06,662.0,5,16705.14,4,36,0.249,3357.43,14928.44,23,145.98,0.694,salaried,home,central,45443.8,0,0
40,48198.07,713.0,8,808.01,6,48,0.017,2871.01,10445.08,33,87.0,0.843,salaried,home,north,49808.46,0,0
36,45382.23,590.0,22,16626.04,7,36,0.366,2128.36,1925.77,19,112.02,0.629,salaried,personal,central,37002.62,0,0
27,43051.7,738.0,9,6916.88,5,36,0.161,1473.82,2154.05,33,44.66,0.531,salaried,auto,west,47391.14,0,0
61,32926.45,562.0,0,9717.85,2,24,0.295,796.77,3665.98,25,31.87,0.891,salaried,education,central,32373.81,1,0
34,38308.22,572.0,10,1250.94,4,36,0.033,976.62,285.9,33,29.59,0.703,self_employed,personal,west,40227.6,0,0
63,37847.49,699.0,19,4529.29,4,36,0.12,1546.07,10039.51,26,59.46,0.812,contract,auto,east,53611.75,0,0
46,27065.64,739.0,27,19396.93,2,12,0.717,1246.03,806.61,20,62.3,0.655,salaried,auto,south,43087.48,0,0
46,84696.12,674.0,21,4986.19,4,36,0.059,2396.62,1462.2,25,95.86,0.782,contract,home,east,61020.23,0,0
34,63691.44,777.0,19,1223.55,9,36,0.019,1824.84,36609.83,31,58.87,0.886,salaried,personal,east,72560.14,0,0
27,57757.14,579.0,15,3353.61,4,60,0.058,1482.81,6736.98,30,49.43,0.67,salaried,home,central,44592.44,0,0
53,97445.31,551.0,1,2253.7,7,36,0.023,3322.77,34376.33,25,132.91,0.889,salaried,personal,north,50708.34,0,0
46,74834.28,721.0,24,10451.01,5,60,0.14,3364.62,28001.74,30,112.15,0.949,contract,personal,east,58542.44,0,0
40,37974.61,660.0,26,21774.88,5,48,0.573,1876.06,15196.19,26,72.16,0.302,unemployed,auto,central,46233.95,0,0
23,91860.46,719.0,2,11901.09,3,60,0.13,5399.7,44134.07,29,186.2,0.835,self_employed,home,west,58175.86,0,0
24,83911.48,563.0,22,16699.2,3,24,0.199,3834.25,43778.76,22,174.28,0.791,salaried,home,north,53759.47,0,0
46,32759.07,612.0,31,14750.62,3,24,0.45,997.94,619.71,35,28.51,0.648,salaried,home,south,45302.26,0,0
31,81328.48,798.0,16,132.41,3,36,0.002,4159.19,4813.8,28,148.54,0.833,self_employed,auto,east,60779.52,0,0
22,43902.99,633.0,19,1195.31,2,12,0.027,2548.53,1141.81,31,82.21,0.898,salaried,business,north,54827.98,0,0
34,84856.49,771.0,29,4955.13,4,48,0.058,2509.6,40290.58,28,89.63,0.899,salaried,auto,central,69213.35,0,0
64,46533.32,716.0,27,1069.96,4,24,0.023,2469.22,2035.44,31,79.65,0.531,salaried,business,north,48296.54,0,0
50,42616.65,626.0,22,11950.01,3,12,0.28,2320.66,19276.62,28,82.88,0.836,self_employed,personal,east,42305.72,0,0
32,44639.6,770.0,18,654.95,1,12,0.015,1499.86,2239.41,21,71.42,0.115,salaried,education,west,53120.82,0,0
46,34979.74,678.0,24,4844.42,8,36,0.138,1457.71,289.77,27,53.99,0.534,contract,business,north,53685.57,0,0
64,27829.16,651.0,23,4482.51,5,12,0.161,1061.22,549.68,32,33.16,0.622,contract,personal,west,49367.28,0,0
53,17596.43,643.0,0,7056.43,5,36,0.401,550.21,4921.57,15,36.68,0.584,salaried,business,south,42873.06,0,0
33,33704.85,687.0,27,8933.14,3,36,0.265,1426.08,1560.82,24,59.42,0.628,salaried,auto,central,49477.53,0,0
34,176977.96,554.0,28,26429.76,4,48,0.149,10135.78,57906.42,27,375.4,0.917,salaried,auto,central,70179.39,0,0
44,67185.81,726.0,34,2847.02,5,12,0.042,1599.01,25948.11,31,51.58,0.885,salaried,education,central,68760.52,0,0
54,125354.4,688.0,16,9869.11,3,48,0.079,7372.11,2931.3,31,237.81,0.697,salaried,personal,central,63658.12,0,0
64,46948.65,601.0,10,321.44,4,48,0.007,1086.25,24624.28,27,40.23,0.71,self_employed,education,west,43699.35,0,0
46,43881.82,542.0,6,9.07,5,36,0.0,1729.92,10204.45,28,61.78,0.746,contract,auto,west,45698.24,0,0
41,117294.52,629.0,25,231.17,2,60,0.002,2573.73,34613.28,17,151.4,0.773,salaried,education,south,68890.98,0,0
48,64157.3,671.0,22,5362.74,2,12,0.084,3269.04,17734.46,37,88.35,0.859,salaried,auto,south,54042.47,0,0
56,35246.66,663.0,17,7287.39,2,36,0.207,900.16,16765.03,27,33.34,0.954,salaried,education,south,40492.41,0,0
60,72028.19,663.0,28,56.08,3,48,0.001,4007.31,35739.69,28,143.12,0.274,contract,auto,west,62381.56,0,0
22,95120.34,707.0,33,4543.76,3,36,0.048,5541.82,51877.98,37,149.78,0.801,salaried,education,north,65084.82,0,0
62,28494.24,552.0,7,375.43,3,24,0.013,1072.33,4369.34,31,34.59,0.733,contract,home,south,40286.7,0,0
29,66775.82,644.0,20,9533.24,2,12,0.143,4134.33,36619.6,37,111.74,0.963,salaried,business,east,50454.66,0,0
43,29355.17,675.0,20,8978.29,3,36,0.306,1097.61,5521.08,31,35.41,0.716,contract,personal,south,42747.98,0,0
35,92831.37,689.0,16,13799.96,5,48,0.149,3703.11,49131.86,28,132.25,0.699,salaried,business,west,53092.61,0,0
33,60102.96,726.0,15,7112.1,7,48,0.118,2302.59,31081.19,26,88.56,0.899,contract,business,north,58024.07,0,0
43,71922.72,633.0,14,8778.39,6,12,0.122,3130.58,2040.85,32,97.83,0.411,contract,auto,south,48275.59,0,0
37,49126.32,655.0,14,2949.28,7,48,0.06,2905.89,23732.45,24,121.08,0.577,self_employed,home,north,58983.27,1,1
22,24301.15,587.0,16,803.95,0,48,0.033,615.5,10962.37,30,20.52,0.926,contract,home,south,46620.75,0,0
40,44416.02,683.0,0,12030.89,2,36,0.271,1655.34,204.73,33,50.16,0.768,salaried,home,central,44143.73,0,0
40,82324.81,576.0,12,8517.58,1,36,0.103,2938.63,289.77,20,146.93,0.82,salaried,home,south,50434.31,0,0
23,132870.86,699.0,9,25073.89,3,48,0.189,3321.27,9429.07,23,144.4,0.866,salaried,auto,west,57442.96,0,0
32,61514.64,750.0,32,40775.44,4,36,0.663,3270.15,35062.9,27,121.12,0.859,contract,home,south,53248.8,0,0
60,39780.87,690.0,25,16912.58,0,36,0.425,1058.35,17243.99,36,29.4,0.902,self_employed,home,east,44856.44,0,0
22,68945.13,759.0,11,38178.42,6,36,0.554,1570.76,17952.22,23,68.29,0.822,salaried,personal,east,41341.41,0,0
56,79059.23,611.0,18,9382.97,4,12,0.119,4854.24,1170.67,21,231.15,0.822,salaried,home,central,55271.23,0,0
34,57511.44,548.0,14,868.09,3,36,0.015,2869.05,32765.57,34,84.38,0.526,self_employed,auto,south,51169.46,0,0
36,55940.64,636.0,4,847.14,4,48,0.015,2866.32,9045.87,22,130.29,0.559,salaried,home,central,48578.66,0,0
39,59642.5,598.0,1,14811.17,5,36,0.248,2671.59,20001.8,34,78.58,0.77,salaried,home,central,42787.59,0,0
54,55248.57,608.0,13,2432.83,6,36,0.044,1545.45,889.73,24,64.39,0.427,salaried,auto,west,49306.37,0,0
64,61944.95,461.0,28,566.35,6,48,0.009,2668.84,27350.35,24,111.2,0.825,salaried,personal,east,48855.55,0,0
26,123303.42,665.0,0,5752.61,4,12,0.047,6559.37,14802.7,23,285.19,0.892,contract,home,south,61052.48,0,0
33,21698.83,652.0,12,3400.38,4,48,0.157,1092.61,7927.74,38,28.75,0.716,self_employed,home,west,43432.26,0,0
56,48664.01,722.0,31,7983.85,6,24,0.164,2315.19,19309.11,33,70.16,0.751,unemployed,education,west,50292.43,0,0
42,35612.1,697.0,33,8250.02,9,48,0.232,864.01,20622.79,24,36.0,0.706,salaried,business,west,50886.12,0,0
38,92167.36,635.0,13,10297.22,5,24,0.112,4407.06,34073.18,23,191.61,0.705,salaried,auto,north,53101.53,0,0
32,50848.35,728.0,14,7731.59,8,48,0.152,1201.67,1532.19,25,48.07,0.8,self_employed,auto,north,56258.1,0,0
50,69693.84,725.0,5,4315.66,3,48,0.062,4116.84,17269.4,28,147.03,0.842,self_employed,education,south,52908.44,1,0
60,102979.79,609.0,28,215.56,6,24,0.002,5810.74,8379.84,33,176.08,0.762,contract,auto,north,62506.43,0,0
27,33307.76,667.0,18,21193.29,4,48,0.636,726.34,14613.63,25,29.05,0.756,salaried,personal,north,38184.49,1,0
52,42728.31,778.0,0,3563.04,2,12,0.083,1270.87,6980.38,21,60.52,0.718,salaried,home,east,48942.9,1,0
39,98305.68,678.0,20,6367.96,6,48,0.065,4379.67,1979.05,36,121.66,0.705,self_employed,business,north,62492.08,0,0
26,32712.8,580.0,17,7326.4,2,12,0.224,742.71,879.15,27,27.51,0.902,salaried,personal,east,41251.11,1,0
40,43381.95,555.0,26,3403.1,3,60,0.078,2548.2,17449.46,25,101.93,0.415,contract,personal,north,45485.63,0,0
47,26366.25,525.0,27,3319.78,4,36,0.126,1536.61,12132.16,25,61.46,0.427,self_employed,auto,west,40819.77,0,0
63,100058.82,476.0,7,2720.43,1,48,0.027,2789.44,747.72,29,96.19,0.734,salaried,education,west,51573.98,1,0
57,41707.62,609.0,30,2509.73,4,36,0.06,2468.63,4149.0,36,68.57,0.914,salaried,personal,central,47066.64,0,0
27,63450.94,635.0,11,277.81,2,36,0.004,3180.64,31555.35,25,127.23,0.676,salaried,education,west,58830.2,0,0
25,73437.59,567.0,5,28512.49,3,36,0.388,2943.39,32763.6,34,86.57,0.842,salaried,personal,east,34367.21,1,0
31,37742.55,592.0,25,8141.4,7,12,0.216,1508.63,3464.19,24,62.86,0.772,salaried,home,east,46763.3,0,0
35,22998.86,569.0,15,1029.28,3,24,0.045,780.87,6098.81,36,21.69,0.673,contract,home,east,41916.1,0,0
23,49081.68,516.0,29,8067.48,6,60,0.164,2220.44,985.65,32,69.39,0.698,salaried,business,north,36630.73,1,0
25,48721.59,636.0,18,2378.59,7,24,0.049,2236.48,5605.41,30,74.55,0.6,salaried,business,south,49549.21,0,0
43,52721.23,707.0,17,3348.47,7,12,0.064,1472.16,14458.76,24,61.34,0.512,salaried,auto,central,54530.3,0,0
57,52852.36,607.0,23,14537.66,5,48,0.275,2166.64,2717.34,29,74.71,0.664,salaried,auto,west,41693.05,0,0
29,43284.6,747.0,19,19528.39,3,48,0.451,1100.8,2135.82,29,37.96,0.967,salaried,auto,central,49917.14,0,0
35,42536.09,663.0,6,10830.47,4,24,0.255,2256.27,15310.69,32,70.51,0.848,salaried,education,north,47564.99,0,0
23,61942.8,726.0,6,24271.52,4,24,0.392,3342.78,21346.3,35,95.51,0.747,contract,personal,south,45977.98,0,0
49,37393.95,653.0,15,21187.47,4,36,0.567,2112.09,1494.61,31,68.13,0.476,contract,auto,central,42170.85,1,0
26,51901.58,707.0,13,7210.0,5,12,0.139,1179.2,3039.8,24,49.13,0.898,self_employed,education,west,51077.64,0,0
37,42052.27,530.0,11,21458.71,3,60,0.51,2043.54,20921.69,35,58.39,0.888,self_employed,auto,north,28787.93,1,0
46,61884.34,722.0,28,7087.08,4,24,0.115,3547.66,8893.44,40,88.69,0.485,self_employed,business,south,55436.95,0,0
41,89219.89,651.0,14,991.09,5,48,0.011,3105.23,25941.25,35,88.72,0.895,self_employed,home,west,61414.6,0,0
28,90873.16,743.0,7,15918.82,6,48,0.175,4893.1,4116.18,38,128.77,0.368,salaried,business,south,50998.61,0,0
41,96778.57,629.0,8,1265.81,5,24,0.013,2039.25,49543.46,20,101.96,0.951,self_employed,auto,south,59912.87,0,0
31,46614.1,798.0,27,3417.65,3,12,0.073,2263.27,3217.96,27,83.82,0.717,salaried,home,central,61973.74,0,0
58,48410.83,695.0,26,4299.31,3,36,0.089,1494.05,2045.09,29,51.52,0.958,self_employed,home,east,63466.8,0,1
28,30606.62,573.0,6,14818.93,2,24,0.484,737.35,332.6,24,30.72,0.422,self_employed,home,east,36141.46,0,0
62,46437.05,746.0,13,785.1,4,24,0.017,1935.29,378.31,32,60.48,0.864,salaried,auto,east,53502.48,0,0
44,47189.32,560.0,10,5298.14,4,60,0.112,1703.86,2403.09,26,65.53,0.674,self_employed,home,east,41603.35,1,0
55,41039.22,555.0,31,5165.74,4,36,0.126,1875.22,19544.39,25,75.01,0.961,salaried,education,east,43121.19,0,0
34,40953.52,760.0,27,7853.92,3,36,0.192,2314.17,1855.29,42,55.1,0.892,salaried,home,south,51348.78,0,0
34,25236.23,679.0,5,3930.77,1,36,0.156,937.99,858.92,28,33.5,0.81,self_employed,personal,north,44453.79,0,0
30,29618.05,656.0,34,7746.91,5,12,0.262,1760.71,5004.81,30,58.69,0.937,contract,auto,central,54151.04,0,0
32,55273.26,607.0,5,38350.57,3,48,0.694,1769.87,14926.2,35,50.57,0.866,salaried,personal,south,29894.64,0,0
58,56214.67,721.0,23,668.14,4,36,0.012,2993.25,29817.73,24,124.72,0.543,contract,home,central,63607.82,0,1
64,67330.94,627.0,8,18688.26,3,60,0.278,3200.04,21777.39,25,128.0,0.72,salaried,personal,east,44960.15,0,0
54,48218.47,667.0,1,3321.71,3,24,0.069,2039.71,1490.96,27,75.54,0.665,salaried,business,west,50790.47,0,0
61,54461.23,554.0,13,5641.46,8,24,0.104,2154.16,1235.01,32,67.32,0.417,salaried,home,east,37672.84,0,0
30,95104.28,645.0,30,12162.43,3,24,0.128,5601.7,4767.18,29,193.16,0.852,salaried,home,central,59582.14,0,0
37,52901.91,665.0,29,21675.16,6,48,0.41,2531.3,19010.64,23,110.06,0.673,unemployed,home,south,44652.0,1,0
37,40764.58,695.0,26,82.05,3,36,0.002,1462.67,9595.5,21,69.65,0.7,salaried,home,south,59052.99,0,0
23,31700.05,679.0,30,9767.51,2,24,0.308,1389.8,3585.17,30,46.33,0.954,salaried,home,east,46910.57,0,0
51,77564.56,622.0,5,648.81,5,48,0.008,3397.48,2041.58,29,117.15,0.525,contract,business,central,53485.63,0,0
21,25172.21,674.0,17,6712.83,4,48,0.267,1444.25,3988.74,32,45.13,0.886,self_employed,auto,west,44475.11,1,0
32,37149.72,733.0,13,12468.02,6,60,0.336,838.3,10443.25,24,34.93,0.719,contract,business,south,42585.72,0,0
59,65405.44,524.0,19,1671.92,4,48,0.026,2563.88,12935.16,26,98.61,0.916,salaried,home,west,49942.92,1,0
24,22972.45,636.0,10,12987.11,2,12,0.565,966.88,104.53,34,28.44,0.489,unemployed,business,east,37721.31,1,0
62,41090.83,668.0,3,3333.55,5,24,0.081,1116.23,24474.41,20,55.81,0.489,salaried,business,north,45163.06,0,0
33,57418.7,572.0,5,8487.2,4,36,0.148,1198.1,16062.3,23,52.09,0.546,salaried,auto,south,40954.98,0,0
54,45592.48,729.0,22,9657.58,5,48,0.212,953.9,22425.17,31,30.77,0.966,salaried,personal,east,59118.42,0,0
62,34814.53,701.0,7,9422.23,5,48,0.271,2153.22,304.12,31,69.46,0.86,self_employed,auto,east,47237.72,0,0
41,41479.31,735.0,29,168.47,1,12,0.004,995.34,15475.05,25,39.81,0.813,salaried,home,west,58176.36,0,0
42,78248.34,834.0,10,1486.78,7,24,0.019,1924.35,25388.43,31,62.08,0.55,salaried,home,east,67747.9,0,0
24,123515.24,678.0,4,17454.15,8,36,0.141,3212.78,70785.59,20,160.64,0.55,salaried,education,west,64171.65,0,0
38,57686.01,626.0,2,25297.07,8,36,0.439,3578.34,28040.76,29,123.39,0.698,contract,home,south,36757.62,0,0
25,22142.89,730.0,14,7464.16,4,24,0.337,1148.33,5750.54,27,42.53,0.643,self_employed,business,south,48703.12,0,0
39,69957.7,600.0,1,8178.73,4,12,0.117,2648.69,33628.36,29,91.33,0.73,salaried,auto,central,46930.01,1,0
22,45325.61,689.0,1,12659.6,3,12,0.279,2808.38,11633.25,22,127.65,0.746,salaried,business,north,44917.15,0,0
32,33092.43,738.0,7,4689.48,3,12,0.142,1462.09,1526.47,21,69.62,0.798,salaried,personal,south,43942.32,0,0
37,37792.92,721.0,29,3577.69,3,36,0.095,2058.17,7144.72,25,82.33,0.556,salaried,business,north,57796.3,0,0
30,38522.38,770.0,4,13156.99,3,48,0.342,923.87,910.31,30,30.8,0.284,salaried,personal,central,50963.25,0,0
54,28713.38,627.0,29,258.24,5,12,0.009,1722.0,1066.09,34,50.65,0.856,contract,home,south,41500.27,0,0
26,52660.4,710.0,9,19492.55,2,36,0.37,3187.1,17573.38,27,118.04,0.939,self_employed,personal,west,47943.55,0,0
28,123335.81,658.0,32,5232.88,3,12,0.042,7007.23,30757.2,27,259.53,0.52,salaried,auto,east,64753.46,0,0
31,33036.36,672.0,23,6314.76,4,36,0.191,909.93,1862.67,33,27.57,0.731,salaried,business,north,42976.69,0,0
32,121638.18,672.0,18,9052.94,8,24,0.074,2550.8,3799.29,30,85.03,0.673,self_employed,home,east,59718.51,0,0
29,59495.29,696.0,29,2886.63,3,48,0.049,3466.8,2607.83,30,115.56,0.819,unemployed,personal,north,61585.88,0,0
22,51958.27,647.0,24,8188.03,5,36,0.158,1747.36,13604.52,24,72.81,0.791,salaried,home,central,47997.69,0,0
28,46869.29,529.0,10,10629.31,6,24,0.227,1685.38,20599.19,28,60.19,0.876,salaried,personal,south,31937.69,0,0
31,37693.21,663.0,34,1129.37,3,36,0.03,1523.94,18076.91,35,43.54,0.537,salaried,education,central,52874.49,0,0
56,61779.92,681.0,0,6614.55,5,48,0.107,2104.75,2083.94,25,84.19,0.338,self_employed,auto,central,43977.78,0,0
30,68520.66,646.0,16,3596.51,3,48,0.052,3125.65,2669.91,21,148.84,0.732,salaried,business,north,59344.28,0,0
41,18191.06,687.0,30,7334.94,3,36,0.403,684.76,5683.54,29,23.61,0.527,salaried,home,east,46080.1,0,1
40,170138.36,640.0,5,193.72,4,36,0.001,8731.95,92105.63,29,301.1,0.814,contract,auto,west,78097.67,0,0
28,23981.94,627.0,12,12216.93,3,12,0.509,531.51,1646.1,33,16.11,0.775,contract,home,east,38804.44,1,0
56,42828.2,768.0,25,1659.68,1,36,0.039,1258.18,15368.51,25,50.33,0.94,self_employed,education,central,65035.26,0,0
49,17133.15,842.0,4,10522.87,1,48,0.614,1009.92,682.57,29,34.82,0.895,salaried,education,west,42086.64,0,0
62,48023.26,725.0,13,13180.83,3,36,0.274,1091.04,14531.79,34,32.09,0.656,self_employed,business,west,47810.61,0,0
32,44017.44,601.0,14,12571.18,3,12,0.286,1792.74,18544.62,24,74.7,0.942,self_employed,auto,south,41912.99,0,0
34,43033.66,669.0,11,15309.15,2,36,0.356,1221.8,1035.81,26,46.99,0.917,self_employed,business,west,46246.37,0,1
41,62127.88,663.0,7,3310.21,2,36,0.053,3310.62,5348.31,30,110.35,0.889,self_employed,business,north,52570.15,0,0
42,48546.86,707.0,30,30732.15,4,36,0.633,2062.66,27647.13,22,93.76,0.673,salaried,auto,east,52110.49,0,0
41,69029.45,666.0,25,216.96,5,48,0.003,3505.28,38738.84,23,152.4,0.864,salaried,personal,west,58111.46,0,0
64,31045.25,702.0,28,5906.13,2,24,0.19,1719.76,14939.95,27,63.69,0.41,self_employed,home,west,53635.96,0,0
50,56096.15,802.0,3,2835.91,4,48,0.051,2924.22,7878.95,29,100.84,0.791,self_employed,home,east,55276.29,0,0
59,40771.7,493.0,27,12119.53,2,24,0.297,1544.48,19092.14,24,64.35,0.303,salaried,personal,east,37298.57,0,0
40,45859.94,607.0,24,14723.11,0,24,0.321,1825.05,9825.45,22,82.96,0.83,self_employed,auto,north,43809.05,0,0
44,61184.97,732.0,31,15553.61,1,36,0.254,2944.54,22838.11,30,98.15,0.475,salaried,home,east,56882.92,0,0
43,43176.97,646.0,10,3170.36,5,48,0.073,2245.49,12064.22,32,70.17,0.533,salaried,home,south,54161.92,0,0
27,51672.21,700.0,9,2883.59,1,36,0.056,1877.73,8538.39,26,72.22,0.606,salaried,education,south,48358.32,0,1
29,32227.96,634.0,26,10169.14,6,12,0.316,1716.41,1285.17,30,57.21,0.724,salaried,education,west,43226.02,0,0
21,88696.93,783.0,16,23702.88,6,60,0.267,1866.08,38765.88,39,47.85,0.573,contract,business,south,64717.35,0,0
46,75191.98,749.0,6,2639.74,5,24,0.035,4424.08,2454.47,28,158.0,0.595,contract,home,north,59768.23,0,0
58,56669.57,675.0,8,21731.68,3,60,0.383,2587.35,6459.14,33,78.4,0.528,contract,home,central,42942.05,0,1
58,48572.02,792.0,34,8056.52,1,48,0.166,2156.63,14903.3,22,98.03,0.897,salaried,education,central,60132.36,0,0
64,51690.68,676.0,8,12052.57,7,24,0.233,2285.54,24089.07,26,87.91,0.879,salaried,home,west,41560.08,0,0
42,87843.36,656.0,29,5216.63,4,48,0.059,1976.17,44885.47,26,76.01,0.898,self_employed,auto,south,53875.5,0,0
64,72832.86,775.0,30,14798.93,5,24,0.203,4398.55,2595.17,33,133.29,0.468,salaried,education,north,58347.53,0,0
30,88510.81,531.0,18,31708.12,4,12,0.358,4662.0,11349.98,23,202.7,0.678,contract,personal,east,36431.24,1,0
26,46450.8,664.0,22,1683.21,6,24,0.036,2353.06,25986.47,32,73.53,0.879,unemployed,business,east,56706.67,1,0
37,67341.35,680.0,19,4383.39,2,24,0.065,3370.21,3187.86,25,134.81,0.929,salaried,personal,central,57238.55,0,0
58,92494.39,631.0,5,17854.34,1,24,0.193,4022.12,4039.54,32,125.69,0.781,salaried,auto,south,53915.16,0,0
44,35711.73,587.0,23,1749.62,4,36,0.049,1670.53,357.15,29,57.6,0.72,self_employed,home,south,50795.36,0,0
30,34715.12,644.0,21,4794.01,3,24,0.138,2060.36,782.1,25,82.41,0.669,salaried,personal,east,49108.97,0,0
28,61318.82,522.0,5,1634.94,1,12,0.027,2198.61,22166.6,28,78.52,0.56,unemployed,business,south,48389.05,1,0
41,31078.64,782.0,23,9406.54,6,36,0.303,1421.43,16232.49,27,52.65,0.443,salaried,home,south,56322.08,0,0
26,23929.77,786.0,21,2450.05,5,24,0.102,887.77,1467.53,32,27.74,0.772,salaried,home,east,55920.91,0,0
41,91912.34,656.0,17,4313.97,3,36,0.047,2369.58,5536.77,29,81.71,0.707,salaried,auto,south,56188.16,0,0
59,99409.64,624.0,15,6080.13,3,60,0.061,2669.61,59562.37,34,78.52,0.471,salaried,auto,central,59392.48,0,0
44,31856.32,524.0,12,3173.24,5,24,0.1,749.47,5004.7,23,32.59,0.524,salaried,education,east,31530.47,0,0
53,28441.54,594.0,23,10252.12,4,36,0.36,1054.65,11543.39,32,32.96,0.719,salaried,personal,south,42396.7,0,0
38,40378.98,776.0,18,1061.45,3,36,0.026,1428.74,13871.61,29,49.27,0.732,self_employed,home,south,57489.44,0,0
48,95202.72,651.0,19,19067.44,3,48,0.2,2474.36,24793.27,30,82.48,0.839,salaried,education,west,55535.58,0,0
52,45033.76,606.0,26,5908.57,6,60,0.131,1780.88,2187.28,28,63.6,0.637,salaried,home,east,48853.37,0,0
32,56534.86,654.0,16,7654.82,3,36,0.135,1679.64,8930.25,26,64.6,0.595,salaried,auto,east,53761.86,1,0
62,62706.15,604.0,15,8758.84,5,24,0.14,1570.8,1143.25,25,62.83,0.51,salaried,home,east,42428.45,1,0
47,58584.86,516.0,0,553.83,8,24,0.009,2006.35,1022.33,24,83.6,0.751,self_employed,home,central,42124.57,1,0
30,106120.66,624.0,20,12731.9,8,48,0.12,5192.21,35800.2,21,247.25,0.922,salaried,auto,east,63140.25,0,0
62,39184.99,561.0,26,26259.26,5,12,0.67,877.17,15693.97,31,28.3,0.724,salaried,auto,south,42256.22,1,0
52,51741.06,686.0,0,6604.0,2,36,0.128,2557.11,3815.34,28,91.33,0.385,salaried,home,central,51071.97,0,0
62,60149.69,729.0,29,4461.49,2,48,0.074,1610.79,6320.36,28,57.53,0.608,contract,home,north,59403.73,0,0
46,52994.95,589.0,19,13825.51,2,24,0.261,3110.48,4693.58,26,119.63,0.793,salaried,home,east,40354.06,1,0
45,31300.97,667.0,23,11468.04,2,36,0.366,779.34,12451.62,36,21.65,0.812,self_employed,auto,north,40551.42,1,0
31,27927.27,649.0,1,9473.53,4,24,0.339,804.52,10689.06,33,24.38,0.782,salaried,auto,central,40536.64,0,0
43,27665.33,587.0,14,30262.49,4,24,1.094,838.75,13873.7,25,33.55,0.876,self_employed,home,south,29342.42,0,0
54,75117.94,456.0,28,7845.61,5,48,0.104,3641.64,1398.52,36,101.16,0.845,salaried,education,south,44764.27,1,1
60,37452.12,563.0,34,2569.67,3,36,0.069,2046.01,1666.26,26,78.69,0.636,salaried,home,south,50760.11,0,0
43,66914.68,584.0,12,225.7,3,48,0.003,2870.47,1240.6,28,102.52,0.573,salaried,personal,east,49236.89,0,1
49,56332.92,662.0,18,5437.36,4,48,0.097,2920.3,2568.62,31,94.2,0.93,contract,business,north,47400.35,0,0
51,34937.44,671.0,0,9508.35,2,60,0.272,2019.77,13018.7,29,69.65,0.814,salaried,auto,west,45118.51,0,0
27,35332.04,756.0,15,1700.19,3,60,0.048,1635.04,918.96,31,52.74,0.703,unemployed,personal,west,51168.59,0,0
60,57544.04,562.0,2,234.91,2,48,0.004,1943.19,2234.71,29,67.01,0.654,contract,auto,west,43726.32,1,0
53,56103.76,580.0,5,21580.91,4,36,0.385,1526.73,28628.89,28,54.53,0.777,contract,auto,west,34244.11,0,1
41,67603.46,595.0,30,3235.15,2,24,0.048,3066.69,10053.73,41,74.8,0.391,salaried,business,west,55674.82,0,0
22,44095.94,634.0,4,5647.07,4,36,0.128,2455.48,16611.0,35,70.16,0.808,unemployed,auto,east,43348.19,0,0
38,37011.41,669.0,25,859.39,4,36,0.023,1064.64,22063.67,18,59.15,0.878,salaried,personal,south,51402.19,0,0
53,56922.26,687.0,27,4325.77,7,12,0.076,3556.4,27464.87,28,127.01,0.596,contract,home,north,60033.09,0,0
57,102638.01,490.0,14,4961.29,2,24,0.048,2681.83,1987.24,41,65.41,0.753,self_employed,home,south,46376.37,1,0
54,23283.36,752.0,8,20973.73,3,36,0.901,522.99,11060.52,31,16.87,0.711,contract,business,central,45019.01,0,0
40,37813.68,690.0,21,18052.87,2,12,0.477,1868.52,1160.97,21,88.98,0.509,salaried,business,east,39255.67,0,0
55,70664.46,725.0,20,1885.41,5,24,0.027,2547.03,33415.26,34,74.91,0.817,salaried,personal,west,61755.68,0,0
38,59719.78,447.0,28,7308.64,7,12,0.122,2912.42,4579.62,20,145.62,0.401,contract,personal,west,44113.72,1,0
44,71129.59,721.0,25,11825.69,3,24,0.166,2018.3,36709.36,16,126.14,0.815,contract,home,central,51811.96,0,0
28,44652.04,565.0,5,3105.9,3,36,0.07,1277.76,26647.01,27,47.32,0.599,salaried,personal,central,40048.23,0,0
50,26229.44,612.0,10,4514.31,4,36,0.172,1095.46,724.53,23,47.63,0.619,salaried,home,west,35804.91,0,0
64,114940.71,772.0,19,37726.4,2,12,0.328,6921.69,36466.58,33,209.75,0.404,self_employed,home,west,61438.87,0,0
30,88232.1,706.0,19,12834.01,2,24,0.145,3218.27,11338.97,28,114.94,0.828,contract,personal,north,61105.9,0,0
43,53590.11,592.0,26,5173.16,5,24,0.097,1279.25,22318.47,30,42.64,0.822,self_employed,home,west,48533.34,0,0
31,37095.57,718.0,5,6873.7,2,36,0.185,1912.27,2410.14,26,73.55,0.586,contract,education,west,48494.16,0,0
22,43444.72,681.0,32,8846.26,6,12,0.204,2574.51,15146.73,26,99.02,0.525,salaried,personal,central,52292.96,0,0
46,60059.29,615.0,29,6217.48,1,36,0.104,2160.15,1577.77,28,77.15,0.942,self_employed,auto,north,50882.66,0,0
56,48376.31,690.0,33,4773.44,3,48,0.099,1929.15,6578.41,22,87.69,0.701,salaried,home,west,56217.39,0,0
53,53824.03,618.0,4,4007.44,2,12,0.074,3255.15,26830.3,22,147.96,0.54,salaried,education,central,42742.0,0,0
33,111810.61,683.0,15,1665.93,7,36,0.015,5814.35,50946.2,39,149.09,0.647,salaried,business,north,69083.88,0,0
60,82096.76,682.0,11,32716.73,2,36,0.399,3999.24,1591.25,20,199.96,0.938,salaried,home,west,45831.38,1,0
45,31989.07,693.0,11,862.78,3,24,0.027,837.69,780.65,28,29.92,0.86,salaried,personal,east,47656.67,0,0
24,56084.43,814.0,10,8269.65,5,60,0.147,2526.88,9338.11,35,72.2,0.744,contract,home,central,58382.8,0,0
62,42866.09,730.0,20,28880.87,3,24,0.674,2429.18,6073.44,25,97.17,0.801,self_employed,home,north,44009.59,1,0
39,61949.47,735.0,6,4229.05,4,36,0.068,3165.92,9193.31,28,113.07,0.794,salaried,home,north,45835.78,0,0
38,52654.18,605.0,33,2618.24,3,12,0.05,1351.81,5139.32,30,45.06,0.403,salaried,personal,east,45931.87,0,0
57,205965.6,521.0,28,28015.04,2,24,0.136,10052.04,44609.78,16,628.25,0.861,contract,auto,north,68415.45,0,0
50,65720.6,634.0,5,14563.55,4,36,0.222,3573.0,27758.52,28,127.61,0.911,salaried,home,west,41131.75,0,0
39,51001.85,609.0,33,9578.55,4,12,0.188,1873.59,880.3,27,69.39,0.894,salaried,home,west,44871.78,0,0
43,124163.28,701.0,7,8520.48,3,12,0.069,6488.02,5310.33,22,294.91,0.645,self_employed,home,central,61941.2,0,0
36,59426.6,633.0,9,4018.36,0,24,0.068,3001.66,2756.77,28,107.2,0.683,salaried,home,north,51338.85,0,0
21,27352.8,763.0,15,9227.9,3,48,0.337,948.77,5912.47,27,35.14,0.851,salaried,auto,east,43713.66,0,0
32,51225.81,502.0,1,11619.69,3,48,0.227,2651.55,2738.41,21,126.26,0.765,contract,home,north,35846.02,1,0
44,71408.09,626.0,18,290.21,2,48,0.004,3390.78,3115.74,24,141.28,0.777,self_employed,home,east,55535.11,0,0
54,67375.6,682.0,6,1126.91,6,36,0.017,2279.58,6774.81,15,151.97,0.627,unemployed,home,south,57280.27,1,0
28,85163.53,567.0,1,3406.48,6,48,0.04,3676.61,1523.52,30,122.55,0.89,salaried,business,north,47221.29,0,0
38,58056.53,727.0,22,3512.46,3,12,0.06,2314.73,21081.61,22,105.22,0.938,salaried,home,south,59348.51,0,0
25,56240.92,724.0,30,20769.82,4,60,0.369,1290.15,3111.96,29,44.49,0.513,salaried,home,south,54784.14,0,0
46,28821.77,613.0,3,10382.52,5,48,0.36,1420.65,13200.68,24,59.19,0.666,self_employed,home,east,41427.54,0,0
50,107773.82,850.0,15,4208.52,3,36,0.039,2857.68,18984.36,26,109.91,0.633,contract,home,central,74813.06,0,0
33,47215.54,555.0,9,14908.87,4,36,0.316,1460.27,23202.28,36,40.56,0.485,salaried,auto,north,44789.62,1,0
39,34863.97,536.0,20,3513.35,7,12,0.101,2118.35,8983.85,32,66.2,0.773,self_employed,home,east,41869.67,1,0
49,176761.84,610.0,27,42154.17,3,48,0.238,5382.03,18314.46,33,163.09,0.827,salaried,home,north,65077.04,0,0
23,115386.03,666.0,11,13693.66,4,36,0.119,4287.85,23015.46,40,107.2,0.724,salaried,auto,east,54786.9,0,0
46,44289.95,513.0,12,14870.64,2,48,0.336,2694.14,2199.66,23,117.14,0.723,salaried,home,west,30542.55,0,0
60,23241.57,703.0,16,2721.78,1,24,0.117,1210.78,546.52,23,52.64,0.641,unemployed,personal,south,50158.91,1,0
32,39210.03,850.0,17,1410.24,6,12,0.036,1928.68,942.5,26,74.18,0.727,self_employed,personal,south,58574.81,0,0
22,110261.6,532.0,9,4441.87,3,36,0.04,6068.25,64648.49,33,183.89,0.869,self_employed,home,north,52147.5,0,0
31,58660.45,667.0,27,3661.38,1,48,0.062,1367.24,18737.9,24,56.97,0.492,unemployed,home,south,58337.04,0,0
64,29517.94,731.0,12,13220.52,5,12,0.448,1706.06,9095.85,31,55.03,0.733,self_employed,education,central,43102.22,1,0
48,77094.84,715.0,33,1723.58,5,36,0.022,2416.4,34179.44,23,105.06,0.315,salaried,home,west,60874.96,0,0
38,49294.31,833.0,5,6746.82,3,48,0.137,1342.42,28481.48,17,78.97,0.873,self_employed,education,north,55159.67,0,0
33,40460.61,610.0,11,8904.43,9,24,0.22,2241.37,24025.5,29,77.29,0.543,contract,personal,north,43391.4,0,0
57,41865.68,819.0,28,4377.62,1,24,0.105,1361.31,1978.32,35,38.89,0.6,salaried,education,east,57615.76,0,0
42,97526.23,645.0,12,2015.13,4,36,0.021,3001.21,51246.36,22,136.42,0.614,self_employed,personal,south,73009.11,0,0
32,69285.18,607.0,25,20341.49,7,48,0.294,3726.59,3784.65,26,143.33,0.776,self_employed,auto,south,42934.82,0,0
22,27757.85,810.0,3,1345.28,5,36,0.048,642.74,12549.23,20,32.14,0.573,salaried,auto,central,49000.93,0,0
57,63910.24,619.0,14,3259.12,4,12,0.051,1534.29,22200.77,28,54.8,0.686,salaried,home,east,49598.72,0,0
27,56864.51,741.0,15,12716.24,3,60,0.224,3110.94,9385.71,27,115.22,0.881,salaried,personal,west,55960.8,0,0
46,44838.24,608.0,18,8366.93,4,36,0.187,1716.69,1984.82,32,53.65,0.864,contract,auto,east,45343.76,1,0
46,45914.83,542.0,25,11805.54,1,24,0.257,2575.77,1428.22,27,95.4,0.772,salaried,business,north,45870.98,1,0
44,36707.13,542.0,31,14888.35,4,48,0.406,1972.01,20260.97,22,89.64,0.888,salaried,personal,west,37823.29,1,0
32,40209.68,710.0,5,20317.89,6,36,0.505,1771.92,83.62,20,88.6,0.931,salaried,auto,west,37853.91,0,0
36,61720.76,560.0,5,3268.96,5,24,0.053,3213.47,34176.6,32,100.42,0.881,salaried,home,north,42890.07,0,0
43,47814.95,632.0,4,5787.31,6,48,0.121,1281.44,27301.14,30,42.71,0.868,self_employed,personal,west,47749.75,1,0
60,69255.42,595.0,1,10491.72,3,12,0.151,1992.2,10200.75,36,55.34,0.551,self_employed,home,west,41092.9,0,0
29,38053.91,575.0,1,14251.55,3,48,0.374,2128.85,20162.49,29,73.41,0.889,self_employed,auto,west,34546.68,0,0
52,74486.46,586.0,2,7760.84,2,12,0.104,2610.98,26985.67,27,96.7,0.555,contract,business,west,46235.66,1,0
35,97880.25,668.0,5,6489.26,3,12,0.066,2059.38,18613.08,25,82.38,0.788,salaried,personal,north,56894.3,0,0
57,54011.24,397.0,30,10591.99,3,48,0.196,3270.72,22241.0,26,125.8,0.839,salaried,business,central,37935.59,1,0
33,68478.97,722.0,4,4331.82,5,12,0.063,3457.68,33044.94,29,119.23,0.857,salaried,personal,west,60435.89,0,0
25,69691.89,540.0,9,20173.77,4,60,0.289,3906.76,18431.88,27,144.69,0.716,self_employed,personal,north,38892.46,1,0
31,43219.88,551.0,26,2146.82,5,12,0.05,2544.11,1643.64,20,127.21,0.905,unemployed,home,west,47618.93,1,0
30,69808.72,527.0,23,19387.81,5,48,0.278,3290.42,9555.09,29,113.46,0.763,salaried,personal,east,46386.4,0,0
33,19520.19,673.0,21,9285.74,4,60,0.476,815.85,759.51,31,26.32,0.775,salaried,home,north,46699.87,0,0
61,16318.34,774.0,24,8261.44,2,36,0.506,442.51,9180.54,29,15.26,0.685,self_employed,home,east,53349.09,0,0
35,46710.99,638.0,2,5713.14,5,24,0.122,1340.06,511.3,37,36.22,0.898,salaried,auto,north,42821.59,0,0
62,72045.97,687.0,15,1513.06,4,24,0.021,2853.68,2290.96,32,89.18,0.781,salaried,business,east,55562.17,0,0
27,52142.0,696.0,29,18017.93,2,48,0.346,1231.19,3619.36,24,51.3,0.601,salaried,auto,north,50469.34,0,0
60,75784.05,713.0,3,485.68,4,12,0.006,4063.12,39131.79,17,239.01,0.763,self_employed,home,north,57085.17,0,0
48,31546.53,565.0,15,2831.97,6,36,0.09,1391.24,14746.72,26,53.51,0.527,self_employed,home,north,38654.62,0,0
52,80601.92,785.0,7,1045.84,4,24,0.013,4789.23,10653.77,27,177.38,0.676,self_employed,home,south,57828.71,0,0
55,112754.22,622.0,23,1016.86,6,60,0.009,5284.06,5547.41,28,188.72,0.375,self_employed,business,east,62696.01,0,0
35,39601.22,674.0,15,4454.91,6,36,0.112,2429.19,8631.05,32,75.91,0.737,self_employed,education,south,46457.89,0,0
56,76645.75,637.0,26,1573.74,1,24,0.021,2486.99,38838.3,26,95.65,0.734,self_employed,home,north,59347.94,0,0
41,54735.53,612.0,1,7837.25,3,48,0.143,1938.35,9053.19,26,74.55,0.924,contract,auto,west,39095.05,0,0
26,66093.67,730.0,19,8879.43,7,60,0.134,2542.74,19399.72,34,74.79,0.69,salaried,personal,north,54670.85,0,0
21,112652.73,704.0,19,19240.79,3,48,0.171,3733.21,1934.07,21,177.77,0.736,unemployed,home,west,60874.95,0,0
24,62773.39,464.0,19,3205.81,2,36,0.051,3388.86,25646.18,27,125.51,0.854,unemployed,personal,central,41623.46,0,0
31,76419.94,686.0,18,3328.86,5,48,0.044,3290.92,394.01,29,113.48,0.838,self_employed,auto,west,56096.79,0,0
64,30688.09,828.0,17,2545.67,2,12,0.083,1221.28,10920.29,33,37.01,0.744,contract,auto,west,53567.75,0,0
46,75368.02,666.0,12,13701.52,3,48,0.182,3003.29,33743.24,28,107.26,0.971,contract,personal,east,50151.0,0,0
57,111804.07,607.0,16,5028.49,3,24,0.045,6123.31,14906.72,29,211.15,0.604,self_employed,auto,central,55739.85,0,0
43,35754.26,617.0,32,7235.14,4,36,0.202,1103.95,562.9,29,38.07,0.493,salaried,home,west,49694.1,0,0
49,46846.88,602.0,27,4224.53,4,36,0.09,1602.4,20654.23,35,45.78,0.691,salaried,auto,central,42517.72,0,0
41,73773.66,552.0,4,1535.1,5,36,0.021,4394.3,19262.37,23,191.06,0.833,contract,personal,north,50185.76,0,0
47,66270.68,634.0,27,973.58,6,36,0.015,2477.58,2526.77,29,85.43,0.617,salaried,personal,south,51691.18,0,0
59,29381.56,634.0,24,18243.24,4,36,0.621,1831.02,785.86,32,57.22,0.608,salaried,home,west,38863.37,0,0
60,58349.74,701.0,19,2776.86,6,36,0.048,2278.93,1534.03,36,63.3,0.556,salaried,home,east,57400.75,0,0
33,46643.7,606.0,20,25567.02,4,24,0.548,1793.0,9063.6,33,54.33,0.765,salaried,business,west,32541.01,0,0
43,35035.08,821.0,12,26487.14,4,60,0.756,1596.19,12589.18,25,63.85,0.926,self_employed,auto,east,45099.81,0,0
36,99760.36,570.0,5,5866.69,4,60,0.059,5597.72,36673.08,29,193.02,0.426,self_employed,home,west,48094.37,0,0
50,54309.65,663.0,28,28657.71,4,24,0.528,2759.11,24779.67,25,110.36,0.943,salaried,auto,east,48391.54,0,0
24,84319.79,586.0,8,260.11,7,36,0.003,4432.58,26220.36,30,147.75,0.859,salaried,business,west,52686.6,1,0
60,31951.17,604.0,28,865.14,6,36,0.027,1966.18,1105.23,34,57.83,0.687,contract,personal,south,43077.32,0,1
36,70616.95,626.0,0,2509.21,1,24,0.036,3814.31,36126.57,34,112.19,0.524,salaried,home,north,47605.09,0,0
51,87357.16,667.0,29,2112.32,3,48,0.024,3520.63,3792.47,28,125.74,0.826,self_employed,auto,south,62947.61,0,0
62,48583.2,718.0,31,2620.85,5,24,0.054,2341.47,15609.97,29,80.74,0.503,salaried,education,west,62788.09,0,0
45,43315.64,610.0,22,5418.16,3,36,0.125,2401.27,403.82,24,100.05,0.905,salaried,home,east,48432.19,0,0
64,30124.01,523.0,9,584.89,4,48,0.019,840.3,12579.5,32,26.26,0.673,salaried,home,west,38015.45,0,0
32,36657.61,766.0,20,7294.99,4,36,0.199,1294.64,19748.12,26,49.79,0.575,salaried,education,south,59225.68,0,0
46,44192.71,567.0,25,3332.46,3,12,0.075,2034.3,1176.85,32,63.57,0.376,salaried,auto,south,44395.16,0,0
57,34920.87,629.0,14,668.12,2,24,0.019,1280.52,13576.18,25,51.22,0.584,self_employed,personal,west,44390.43,0,0
53,38346.71,655.0,16,12592.93,2,48,0.328,885.32,8983.69,27,32.79,0.583,contract,auto,central,46608.53,0,0
48,58171.08,641.0,34,9537.03,4,36,0.164,3491.02,26666.69,30,116.37,0.931,salaried,home,north,55701.82,0,0
29,61390.15,530.0,24,14194.05,4,36,0.231,2659.86,22211.64,27,98.51,0.72,contract,home,west,45376.75,1,0
32,88510.84,723.0,14,25206.52,2,48,0.285,4184.73,3293.6,23,181.94,0.939,self_employed,education,central,53423.0,0,0
25,38453.38,410.0,32,7931.9,4,24,0.206,1953.82,463.63,37,52.81,0.738,self_employed,auto,east,34511.11,1,0
48,54744.56,733.0,10,13906.18,4,60,0.254,1223.49,1311.99,28,43.7,0.572,salaried,home,east,47212.84,0,0
55,44892.97,748.0,23,1999.1,7,48,0.045,1275.36,1719.18,19,67.12,0.73,contract,personal,south,54366.49,0,0
25,43487.8,727.0,5,4754.29,4,12,0.109,2543.12,3701.1,23,110.57,0.813,contract,education,south,49041.85,1,0
54,46992.22,624.0,27,6796.56,2,36,0.145,2520.4,457.81,23,109.58,0.747,self_employed,personal,north,47773.22,0,0
54,49598.76,661.0,28,7012.54,2,24,0.141,1169.86,5700.43,18,64.99,0.854,salaried,auto,east,57096.26,0,0
33,60638.08,593.0,20,11403.41,2,36,0.188,3253.44,15278.94,22,147.88,0.813,salaried,auto,south,49448.33,0,0
59,46692.5,656.0,11,14304.12,4,24,0.306,2723.29,756.14,31,87.85,0.466,contract,home,west,48879.51,0,0
62,94117.45,703.0,21,9892.54,8,48,0.105,2615.87,53934.01,37,70.7,0.745,contract,auto,south,59424.43,0,0
34,25160.23,557.0,26,435.58,1,12,0.017,589.84,10380.41,36,16.38,0.393,salaried,home,central,47021.52,0,0
31,87053.59,639.0,20,3893.91,3,36,0.045,4944.03,1154.68,27,183.11,0.626,salaried,auto,north,53276.03,1,0
62,45897.84,609.0,14,7646.93,5,12,0.167,2105.15,22317.91,32,65.79,0.715,self_employed,personal,north,41539.74,0,0
58,49762.91,750.0,17,6381.1,6,24,0.128,3089.44,9085.26,35,88.27,0.478,self_employed,home,south,61907.69,0,0
24,53942.45,570.0,9,412.48,3,24,0.008,2708.95,2610.23,20,135.45,0.793,salaried,business,south,46445.89,0,0
53,74424.38,703.0,21,35499.32,4,36,0.477,3135.41,21734.96,21,149.31,0.813,salaried,personal,north,48702.13,0,0
27,36456.27,646.0,19,28133.7,3,36,0.772,1132.55,10877.96,34,33.31,0.934,salaried,auto,central,32588.72,1,0
61,40312.36,639.0,18,13375.5,5,36,0.332,2015.24,9748.13,23,87.62,0.953,salaried,business,south,47871.26,0,0
28,67863.38,706.0,27,512.5,5,36,0.008,1631.21,11074.18,21,77.68,0.824,salaried,education,central,63893.62,0,0
57,25230.77,617.0,0,5062.35,5,48,0.201,962.62,10558.46,26,37.02,0.957,salaried,home,north,36512.31,0,0
30,53349.77,659.0,33,4745.18,5,48,0.089,1882.05,16642.91,25,75.28,0.842,salaried,home,central,56325.55,0,0
63,37836.2,744.0,34,7348.54,9,60,0.194,1738.78,951.46,42,41.4,0.833,contract,personal,north,60701.84,0,0
35,34416.69,584.0,25,517.98,3,12,0.015,1035.3,7107.5,19,54.49,0.73,salaried,personal,central,53984.09,0,0
58,25917.96,673.0,29,4959.47,4,36,0.191,715.91,12036.97,31,23.09,0.831,salaried,auto,west,49422.01,0,0
35,76690.72,725.0,11,12763.38,3,24,0.166,2075.63,1467.57,37,56.1,0.844,salaried,home,south,55637.83,0,0
25,58190.17,690.0,13,55967.32,1,48,0.962,1965.2,24289.69,23,85.44,0.668,salaried,home,north,29974.62,1,0
49,40033.56,759.0,3,8144.67,4,36,0.203,2274.35,5513.01,22,103.38,0.866,self_employed,education,north,49946.94,0,0
39,50309.49,640.0,11,25413.02,2,12,0.505,1880.79,23086.19,28,67.17,0.707,unemployed,auto,west,32558.75,1,0
30,33130.28,707.0,23,58754.51,6,12,1.773,1920.56,888.15,30,64.02,0.644,salaried,auto,south,22651.87,1,0
32,42561.97,744.0,30,5134.89,3,36,0.121,2212.11,1047.94,28,79.0,0.824,salaried,auto,central,54240.03,0,0
24,49550.33,506.0,0,9942.32,3,24,0.201,2509.33,1966.11,31,80.95,0.646,self_employed,auto,north,32826.18,0,0
51,55758.09,615.0,0,2158.2,5,36,0.039,2945.83,19751.67,35,84.17,0.781,salaried,auto,central,47378.87,0,0
38,64629.65,682.0,14,5810.3,6,24,0.09,2703.16,22659.93,23,117.53,0.546,self_employed,personal,west,56501.76,0,0
36,24037.4,728.0,12,734.91,8,24,0.031,770.27,13751.73,28,27.51,0.677,contract,personal,north,48354.11,0,0
60,64720.23,671.0,28,266.25,8,60,0.004,1830.07,15329.48,25,73.2,0.762,self_employed,education,north,58686.34,0,0
56,24922.51,769.0,3,20107.56,4,24,0.807,1035.24,1351.56,32,32.35,0.634,unemployed,education,north,40372.91,0,0
45,65787.82,605.0,14,17592.76,5,12,0.267,2400.06,1402.69,26,92.31,0.602,contract,personal,central,40294.35,1,0
43,49217.77,545.0,11,3366.54,5,60,0.068,2374.41,28465.81,27,87.94,0.877,salaried,home,central,36462.72,0,0
32,88535.33,718.0,24,5495.04,3,48,0.062,3132.33,30106.72,24,130.51,0.841,contract,personal,north,66322.14,0,0
54,39994.1,640.0,26,6124.04,1,36,0.153,928.44,12621.32,29,32.02,0.489,salaried,home,west,49966.08,0,0
56,76985.93,579.0,5,6618.88,4,36,0.086,2820.32,41340.13,29,97.25,0.703,salaried,auto,north,48679.72,0,0
57,32037.84,795.0,22,1300.77,3,24,0.041,1848.14,1246.2,29,63.73,0.593,self_employed,personal,east,60987.67,0,0
23,56820.33,713.0,14,13427.24,2,12,0.236,2855.99,1832.44,30,95.2,0.765,salaried,education,north,48349.5,0,0
29,21653.01,705.0,4,3846.85,3,24,0.178,799.34,525.97,26,30.74,0.615,salaried,education,south,46956.84,0,0
38,80610.03,785.0,22,289.88,5,24,0.004,2386.35,3243.16,32,74.57,0.898,self_employed,home,east,67941.78,0,0
63,117841.18,617.0,14,10158.72,5,36,0.086,5235.09,5988.35,27,193.89,0.471,salaried,home,east,54646.24,0,0
55,39568.95,770.0,24,15941.13,5,24,0.403,2366.31,647.89,24,98.6,0.793,salaried,home,north,46663.69,0,0
54,57250.05,686.0,29,22523.25,3,24,0.393,2576.61,4493.54,34,75.78,0.601,unemployed,personal,west,48986.42,1,0
61,66153.1,600.0,3,10098.92,7,36,0.153,3829.67,20721.36,36,106.38,0.844,salaried,business,west,45609.88,0,0
34,26967.43,649.0,12,1910.71,5,24,0.071,1354.7,2047.56,21,64.51,0.744,self_employed,home,east,51605.12,0,0
24,38673.19,666.0,22,8019.57,7,60,0.207,999.36,18972.41,28,35.69,0.89,contract,home,central,50816.21,0,0
49,37610.76,745.0,15,21849.46,3,36,0.581,1885.1,7107.12,26,72.5,0.857,salaried,personal,south,46853.53,0,0
61,160039.93,535.0,34,3884.8,3,48,0.024,7376.58,6097.84,32,230.52,0.498,self_employed,auto,south,74889.49,0,0
35,86734.85,501.0,15,27585.88,2,36,0.318,3109.75,18526.21,33,94.23,0.868,salaried,auto,south,41572.53,0,0
48,49134.3,583.0,6,925.07,2,12,0.019,2975.79,2091.47,27,110.21,0.744,salaried,education,central,41345.98,1,0
62,76923.63,644.0,12,11719.32,6,48,0.152,2659.49,17318.55,31,85.79,0.752,contract,personal,south,58337.74,0,0
36,59579.23,711.0,28,1149.59,4,24,0.019,1450.29,14299.32,26,55.78,0.643,salaried,home,central,58323.64,0,0
32,70747.1,611.0,19,14434.47,4,48,0.204,2203.9,21113.87,25,88.16,0.708,self_employed,business,west,49387.23,0,0
25,33722.44,685.0,28,924.83,5,48,0.027,1315.65,7003.28,25,52.63,0.744,salaried,personal,south,47490.18,0,0
54,100510.69,786.0,17,3547.06,4,48,0.035,5820.54,1195.08,34,171.19,0.507,self_employed,home,central,72503.16,0,0
62,38350.27,506.0,21,13499.67,8,24,0.352,844.85,10486.11,35,24.14,0.608,salaried,education,central,36719.22,0,0
21,39254.16,638.0,7,5548.9,4,24,0.141,2121.99,15892.76,16,132.62,0.688,salaried,personal,south,39914.53,0,0
59,70657.69,850.0,2,19286.15,4,48,0.273,2286.76,14779.29,31,73.77,0.653,contract,home,north,55880.8,0,0
52,63296.94,590.0,28,4623.54,1,24,0.073,2907.6,30989.32,33,88.11,0.893,contract,auto,east,55951.47,0,0
46,54743.86,581.0,8,47609.79,3,36,0.87,2003.91,2715.48,24,83.5,0.505,salaried,auto,east,29835.19,1,0
37,79048.75,694.0,7,169.66,7,36,0.002,2515.79,11146.51,28,89.85,0.798,self_employed,personal,central,53132.03,0,0
47,32129.35,605.0,29,10718.39,1,24,0.334,1348.66,567.27,30,44.96,0.645,salaried,auto,west,39974.91,0,0
44,124238.59,741.0,11,22280.41,1,48,0.179,4526.82,265.17,32,141.46,0.851,salaried,home,east,63245.1,1,0
55,43247.95,850.0,27,6910.57,4,24,0.16,1609.63,9712.39,39,41.27,0.742,contract,auto,north,58179.82,0,0
62,52063.27,656.0,9,40195.91,4,12,0.772,1434.0,28604.75,24,59.75,0.621,self_employed,home,south,34237.11,0,0
59,125106.67,850.0,12,11079.77,6,48,0.089,3347.5,59269.9,40,83.69,0.859,self_employed,business,west,77450.37,0,0
46,39369.71,612.0,1,5051.59,3,24,0.128,1248.67,2271.9,28,44.6,0.674,salaried,business,east,41020.07,0,0
58,85851.05,636.0,0,6519.46,5,48,0.076,3893.44,12384.43,26,149.75,0.797,self_employed,auto,south,54894.31,0,0
43,49195.39,568.0,21,18894.56,4,36,0.384,1502.53,17313.6,35,42.93,0.889,self_employed,personal,south,40055.02,0,0
42,37092.66,612.0,32,28441.96,5,48,0.767,1967.98,8588.32,21,93.71,0.685,salaried,personal,south,43527.7,0,0
24,45584.24,630.0,15,7305.07,5,24,0.16,2496.91,1719.48,38,65.71,0.622,self_employed,education,west,46859.05,0,0
29,69900.36,685.0,28,3302.48,2,36,0.047,1926.66,3156.49,20,96.33,0.875,contract,home,south,61994.29,0,0
24,85512.67,544.0,9,2461.94,5,12,0.029,5259.33,641.92,27,194.79,0.602,salaried,education,central,46190.52,0,0
27,59965.38,606.0,6,5834.39,0,24,0.097,1914.94,4253.57,21,91.19,0.7,salaried,personal,west,50502.7,1,0
43,26394.88,608.0,0,3163.12,2,48,0.12,629.92,2193.57,33,19.09,0.875,salaried,personal,east,41611.67,0,0
22,72112.97,726.0,25,4915.54,3,36,0.068,2819.58,13187.18,16,176.22,0.718,salaried,auto,east,58703.95,0,0
44,50819.77,660.0,4,16187.25,2,36,0.319,1443.23,22968.03,20,72.16,0.531,salaried,education,west,48092.91,0,0
60,32987.46,660.0,34,5747.72,4,24,0.174,1765.39,1287.77,28,63.05,0.887,self_employed,personal,central,47304.23,0,0
51,63314.97,657.0,12,9216.86,6,48,0.146,1622.4,1229.45,34,47.72,0.782,unemployed,personal,west,56551.53,0,0
51,90239.97,502.0,26,849.85,5,36,0.009,3698.37,4660.98,32,115.57,0.81,self_employed,home,north,57596.63,1,0
60,54340.42,787.0,11,12924.17,7,60,0.238,1321.55,24051.15,25,52.86,0.668,self_employed,auto,north,50551.5,0,0
63,82084.11,571.0,29,5935.74,4,24,0.072,4783.84,4795.72,25,191.35,0.684,self_employed,auto,west,56881.29,0,0
54,66707.87,726.0,31,4029.85,3,48,0.06,2247.5,27861.77,29,77.5,0.326,salaried,home,south,61737.23,0,0
44,67096.48,631.0,30,8497.34,8,12,0.127,3122.2,2925.24,33,94.61,0.376,salaried,auto,south,54700.76,0,0
46,47218.02,598.0,4,968.12,0,36,0.021,2418.81,2349.37,29,83.41,0.767,salaried,home,west,46758.77,1,0
36,78308.66,739.0,1,4809.9,5,24,0.061,1736.14,43599.67,25,69.45,0.737,salaried,home,south,59186.17,0,0
33,81746.68,549.0,6,14992.76,2,12,0.183,3002.53,14784.96,24,125.11,0.812,self_employed,home,south,40266.18,1,0
35,77396.79,556.0,0,2735.08,4,36,0.035,2525.93,30543.97,18,140.33,0.781,salaried,auto,west,48953.49,1,0
47,47041.99,663.0,2,22090.74,2,12,0.47,2050.45,12190.35,25,82.02,0.927,self_employed,home,central,37233.15,0,0
24,84396.9,666.0,19,8328.97,9,24,0.099,4469.42,1292.03,28,159.62,0.831,self_employed,education,south,56422.47,0,0
36,64462.67,720.0,1,7004.1,7,24,0.109,1693.72,8472.38,28,60.49,0.863,salaried,personal,east,46151.31,0,0
50,34977.26,711.0,20,4591.0,9,36,0.131,1421.19,2688.38,24,59.22,0.742,contract,education,central,51974.98,0,1
64,45630.36,644.0,31,12193.14,3,60,0.267,1198.42,23366.72,24,49.93,0.642,unemployed,auto,west,48384.16,1,0
50,42672.76,659.0,19,7480.68,5,24,0.175,2293.61,1136.34,26,88.22,0.763,salaried,personal,central,45560.1,0,0
56,22146.76,638.0,30,14330.67,3,12,0.647,1185.79,13220.1,34,34.88,0.819,self_employed,home,north,41914.07,0,0
23,85096.05,771.0,32,3626.88,4,60,0.043,2945.44,49314.51,25,117.82,0.822,salaried,personal,east,68637.14,0,0
42,218717.02,567.0,23,10896.39,4,48,0.05,7546.19,71705.52,26,290.24,0.922,salaried,auto,north,86375.83,0,0
42,93316.9,653.0,17,25852.5,5,24,0.277,4274.06,42068.54,29,147.38,0.557,contract,personal,west,53420.93,0,0
32,58295.88,715.0,19,2955.52,8,36,0.051,3636.89,16662.21,27,134.7,0.907,contract,auto,north,52762.11,0,0
41,42953.85,744.0,31,35670.64,1,24,0.83,2649.75,6328.76,30,88.32,0.529,salaried,home,east,45327.64,0,0
24,35728.8,593.0,4,4756.74,6,60,0.133,1214.29,1602.99,24,50.6,0.817,self_employed,auto,north,39488.83,1,0
51,57976.35,568.0,1,353.65,5,36,0.006,3211.85,16237.38,25,128.47,0.612,salaried,business,east,46882.2,0,0
64,83762.27,544.0,25,3984.31,5,36,0.048,2846.11,43754.05,21,135.53,0.623,contract,education,central,57502.43,0,0
51,39992.13,621.0,24,1458.88,5,48,0.036,1685.43,20758.74,28,60.19,0.352,salaried,personal,north,49876.28,0,0
43,171770.93,672.0,21,3265.34,4,12,0.019,3805.54,9890.81,27,140.95,0.714,contract,home,south,82834.32,0,0
40,29062.47,610.0,21,908.03,6,24,0.031,1744.26,1235.45,30,58.14,0.684,self_employed,home,east,45010.5,0,0
35,59935.5,709.0,10,1766.36,5,48,0.029,3083.54,18315.47,27,114.21,0.52,contract,personal,south,58586.04,1,0
43,55917.49,644.0,10,1219.27,1,36,0.022,3181.16,1931.0,26,122.35,0.503,contract,personal,east,62132.72,0,0
48,54338.15,702.0,3,400.05,7,24,0.007,2395.24,12395.34,28,85.54,0.47,self_employed,home,central,55856.37,0,0
36,41940.84,663.0,32,3161.18,3,24,0.075,988.16,16879.65,28,35.29,0.798,salaried,auto,central,50005.91,0,0
57,56224.61,507.0,17,25465.86,2,48,0.453,2200.17,4132.02,27,81.49,0.572,salaried,home,west,26539.63,1,0
41,44249.66,552.0,30,26853.04,3,48,0.607,1599.17,26335.37,23,69.53,0.868,salaried,home,east,41782.24,0,0
35,96717.56,748.0,27,16875.09,3,12,0.174,4091.62,5477.57,36,113.66,0.753,salaried,home,west,55859.09,0,0
37,112347.09,570.0,21,109.93,3,60,0.001,3324.66,41514.92,22,151.12,0.917,contract,personal,west,69052.92,0,0
57,45485.8,722.0,2,256.74,4,36,0.006,1803.6,8577.46,36,50.1,0.61,salaried,auto,north,56765.87,0,0
33,25842.18,661.0,6,93.7,4,36,0.004,570.05,12839.96,18,31.67,0.767,salaried,home,central,42263.58,0,0
39,62501.21,566.0,19,4110.45,5,24,0.066,1690.41,24084.7,37,45.69,0.979,self_employed,personal,east,55751.71,0,0
50,61495.39,714.0,6,35325.04,0,24,0.574,3514.08,22893.54,27,130.15,0.807,contract,home,north,38316.95,0,0
38,56803.06,609.0,6,20443.08,7,36,0.36,2077.9,25797.81,27,76.96,0.765,salaried,business,west,33516.02,0,0
34,68859.86,663.0,28,2595.56,2,24,0.038,2665.55,609.34,19,140.29,0.828,self_employed,auto,east,57433.05,0,0
56,100880.05,632.0,25,4751.67,3,12,0.047,3603.27,20256.72,34,105.98,0.648,self_employed,home,south,58615.16,0,0
56,78813.33,420.0,2,15657.37,1,36,0.199,3680.17,2470.13,24,153.34,0.663,salaried,home,central,30018.84,1,0
40,68812.86,707.0,16,12791.09,3,36,0.186,1447.74,14146.69,28,51.7,0.457,self_employed,education,west,54623.91,0,0
39,76058.8,715.0,19,1280.48,0,36,0.017,4590.13,638.06,26,176.54,0.911,salaried,home,west,59354.44,0,0
64,60667.54,608.0,33,1026.35,4,36,0.017,2664.85,1210.6,28,95.17,0.83,self_employed,business,west,52533.8,0,0
27,35402.99,705.0,32,7061.85,4,24,0.199,1299.54,1012.07,28,46.41,0.871,salaried,home,north,51289.87,0,0
64,104058.17,576.0,15,969.39,5,24,0.009,5911.03,1100.09,28,211.11,0.31,salaried,personal,south,67954.77,0,0
24,56735.91,578.0,22,15687.68,9,36,0.276,2355.99,22913.48,18,130.89,0.726,salaried,auto,central,45044.96,0,0
54,35395.05,670.0,3,2629.15,6,24,0.074,874.43,2199.06,30,29.15,0.799,salaried,education,south,47468.74,0,0
22,32611.15,591.0,32,1877.95,2,48,0.058,1919.77,17516.47,33,58.17,0.584,self_employed,home,south,47871.26,0,0
25,35846.11,639.0,7,1848.52,3,48,0.052,1324.2,8261.44,30,44.14,0.689,self_employed,home,central,40749.4,0,0
30,31109.94,570.0,4,416.58,2,36,0.013,1389.49,7098.41,32,43.42,0.559,salaried,personal,south,38006.64,0,0
52,73203.46,541.0,32,9240.85,3,24,0.126,4405.62,1037.31,30,146.85,0.811,self_employed,home,south,51632.55,0,0
62,50071.12,668.0,24,1617.48,5,36,0.032,1658.84,14997.12,26,63.8,0.801,contract,auto,central,54698.37,0,0
61,76818.6,668.0,6,2391.38,5,36,0.031,2170.12,38613.68,19,114.22,0.818,salaried,personal,south,61823.45,0,0
33,91698.67,652.0,6,12523.79,3,36,0.137,5216.79,33040.2,25,208.67,0.781,salaried,business,west,58024.06,0,0
59,81621.82,625.0,32,532.8,5,24,0.007,3475.81,39985.95,24,144.83,0.918,contract,auto,north,64234.77,1,0
25,72064.05,590.0,32,2039.23,3,36,0.028,3588.64,41933.77,22,163.12,0.714,salaried,education,north,55445.14,0,0
30,61659.84,558.0,28,1455.77,2,60,0.024,1568.84,23594.75,21,74.71,0.767,salaried,education,central,58888.76,0,0
30,49728.66,555.0,31,43.75,4,12,0.001,2478.63,5859.06,35,70.82,0.678,contract,home,east,50041.43,0,0
58,51244.28,599.0,28,6975.9,1,12,0.136,2293.35,1002.33,32,71.67,0.327,self_employed,home,east,47613.33,1,0
47,70471.49,737.0,21,1896.87,8,60,0.027,2430.66,28442.98,37,65.69,0.583,salaried,education,north,62949.65,0,0
41,35150.99,670.0,1,9019.25,11,36,0.257,1976.68,1664.64,21,94.13,0.645,self_employed,business,east,36466.62,0,0
28,52878.49,681.0,8,6270.41,4,36,0.119,2116.37,21132.7,20,105.82,0.729,salaried,home,central,50457.18,0,0
21,38782.37,543.0,28,9920.28,4,12,0.256,1468.51,13798.5,29,50.64,0.685,salaried,home,north,39800.12,0,0
48,91843.56,666.0,32,35941.22,2,36,0.391,2615.25,51215.09,27,96.86,0.776,salaried,personal,west,47704.39,0,0
59,74807.68,679.0,9,2234.7,6,48,0.03,2352.2,23040.45,27,87.12,0.906,salaried,business,west,52013.95,0,0
34,141754.86,785.0,27,9866.22,3,36,0.07,4567.16,57646.13,18,253.73,0.633,salaried,home,east,82739.24,0,0
41,38523.91,648.0,11,16140.83,2,12,0.419,1453.95,7749.37,30,48.46,0.634,salaried,auto,south,42320.11,0,0
50,40428.36,617.0,21,28400.2,8,36,0.702,1685.93,9926.39,30,56.2,0.464,contract,auto,central,36444.91,0,0
41,55596.5,585.0,5,8763.71,4,24,0.158,3452.3,8671.46,33,104.62,0.722,contract,personal,north,49605.34,0,0
29,39086.94,655.0,22,1261.99,5,36,0.032,1701.92,18923.8,24,70.91,0.466,self_employed,auto,central,51937.76,0,0
37,69004.63,633.0,33,498.17,7,24,0.007,2780.73,9350.36,39,71.3,0.701,contract,home,central,61944.69,0,0
25,52948.29,745.0,15,2937.97,4,12,0.055,2514.44,8194.75,35,71.84,0.661,salaried,personal,central,55048.67,0,0
51,43484.56,727.0,9,23699.49,4,12,0.545,2274.91,357.29,26,87.5,0.585,salaried,home,east,41441.36,1,0
60,88381.86,565.0,20,6928.93,4,36,0.078,5447.99,39423.94,31,175.74,0.933,self_employed,home,south,50225.53,0,0
58,23568.94,648.0,9,7792.64,1,36,0.331,1471.19,1509.31,34,43.27,0.894,salaried,personal,west,46404.61,1,0
63,69144.3,850.0,10,8488.39,2,24,0.123,3920.75,377.42,31,126.48,0.917,salaried,home,east,60620.36,0,0
39,42276.66,525.0,20,3634.1,3,60,0.086,955.7,1617.73,27,35.4,0.826,self_employed,home,south,37037.19,0,0
56,78240.32,634.0,24,1803.54,3,48,0.023,1766.69,18605.1,21,84.13,0.589,salaried,auto,south,57961.22,0,0
53,87143.81,714.0,33,27759.44,3,24,0.319,2988.71,48600.45,28,106.74,0.627,contract,education,central,60825.54,0,0
33,19450.78,630.0,30,12672.63,2,36,0.651,1108.59,10284.33,24,46.19,0.672,contract,home,north,44284.07,1,0
34,49255.19,623.0,26,6439.46,2,36,0.131,2588.66,15176.66,28,92.45,0.769,contract,auto,west,53179.84,0,0
53,55613.78,610.0,24,4254.62,8,24,0.077,2616.94,3759.17,18,145.39,0.677,self_employed,personal,west,53335.86,0,0
49,18750.47,560.0,31,5933.45,9,24,0.316,541.26,6360.25,29,18.66,0.552,salaried,business,east,39524.91,1,0
63,60023.29,636.0,10,308.2,4,36,0.005,3680.1,3581.71,33,111.52,0.849,salaried,home,east,53345.3,1,0
56,42718.02,737.0,25,2559.11,1,36,0.06,2489.41,1721.61,32,77.79,0.656,contract,auto,east,49310.7,0,0
64,31489.92,542.0,32,2597.61,4,24,0.082,1854.38,1513.41,28,66.23,0.607,salaried,home,east,48130.7,0,0
30,40428.08,673.0,32,5304.72,6,36,0.131,1697.55,10271.39,28,60.63,0.757,unemployed,auto,east,52231.48,0,0
51,37403.1,742.0,12,2425.86,3,36,0.065,1352.56,236.29,29,46.64,0.823,self_employed,home,north,48041.1,0,0
26,41903.06,648.0,13,1846.15,3,60,0.044,1985.39,23679.03,31,64.04,0.857,salaried,education,north,49245.05,0,0
21,58882.87,614.0,0,13053.76,4,60,0.222,2836.93,12436.24,25,113.48,0.864,contract,auto,south,40881.4,0,0
27,84251.44,707.0,4,20156.95,1,48,0.239,5010.71,9076.79,30,167.02,0.851,unemployed,auto,south,57786.79,0,0
47,52311.62,573.0,29,625.5,7,36,0.012,2335.51,5759.88,34,68.69,0.651,salaried,home,east,50178.91,0,0
41,88986.61,686.0,17,2117.56,6,60,0.024,5112.17,880.49,26,196.62,0.81,self_employed,personal,west,56529.99,0,0
48,33837.3,636.0,11,13372.52,4,24,0.395,1149.71,9107.61,34,33.82,0.762,unemployed,home,east,37225.22,1,0
36,58034.92,655.0,33,15227.3,4,36,0.262,1311.82,30109.87,29,45.24,0.866,salaried,home,west,47367.17,0,0
43,139800.99,793.0,13,6241.21,4,36,0.045,5454.34,14735.42,24,227.26,0.826,self_employed,business,west,76133.62,0,0
40,26482.67,748.0,15,10683.53,5,60,0.403,772.29,12132.13,29,26.63,0.873,contract,personal,north,52674.04,0,0
58,26031.41,776.0,10,726.99,2,36,0.028,1386.23,1614.79,22,63.01,0.585,self_employed,business,south,51232.99,0,0
45,96373.57,580.0,32,17045.85,4,36,0.177,5239.42,8662.96,32,163.73,0.809,salaried,auto,west,52182.93,0,0
48,59828.43,563.0,14,16093.25,4,24,0.269,3198.45,5229.96,28,114.23,0.903,salaried,auto,south,42044.65,1,0
25,41329.22,690.0,9,10639.96,6,36,0.257,1658.03,13205.52,31,53.48,0.875,salaried,auto,south,44825.0,0,0
41,32586.29,678.0,2,22327.55,4,36,0.685,1891.18,1727.71,26,72.74,0.9,salaried,auto,east,31849.71,0,0
38,53306.05,482.0,10,439.26,5,24,0.008,2100.19,24073.36,39,53.85,0.813,self_employed,personal,south,40061.46,0,0
26,57532.81,679.0,10,2363.55,6,36,0.041,2636.74,29979.93,27,97.66,0.99,self_employed,auto,central,55874.03,0,0
49,57661.06,824.0,15,4052.45,8,36,0.07,1714.12,30052.45,30,57.14,0.92,salaried,education,central,67515.99,0,0
39,32443.28,811.0,29,1554.07,3,24,0.048,708.17,279.9,20,35.41,0.784,salaried,business,south,61552.35,0,0
53,46554.22,591.0,0,15178.21,5,36,0.326,2142.37,1581.2,25,85.69,0.795,salaried,home,central,35413.04,0,0
21,41955.41,710.0,33,12739.4,3,48,0.304,2015.77,20036.8,29,69.51,0.747,salaried,business,south,54993.68,0,0
23,72467.96,574.0,18,13355.26,5,36,0.184,4315.0,4136.27,30,143.83,0.882,salaried,personal,west,44250.99,1,0
62,33316.16,642.0,33,3098.82,1,24,0.093,1866.83,13886.18,31,60.22,0.741,salaried,business,north,51050.88,0,0
41,56061.94,580.0,3,12945.35,3,24,0.231,2980.7,2897.21,29,102.78,0.715,salaried,auto,east,37829.82,1,0
55,177265.15,551.0,9,1181.82,7,48,0.007,8865.48,41769.9,28,316.62,0.876,contract,education,east,74049.28,1,0
61,32308.04,725.0,16,1016.51,2,24,0.031,1254.42,1387.38,27,46.46,0.464,salaried,business,east,57169.7,0,0
60,38705.29,674.0,15,7894.87,1,12,0.204,1594.54,9089.33,35,45.56,0.674,contract,business,north,53547.74,0,0
23,51935.71,688.0,20,449.04,1,48,0.009,2768.49,6906.54,34,81.43,0.739,contract,home,central,59453.82,0,0
45,15000.0,704.0,27,25120.53,9,12,1.675,411.76,867.68,31,13.28,0.733,salaried,home,south,38686.4,0,1
58,28507.65,667.0,7,3588.82,3,36,0.126,1446.14,15195.3,22,65.73,0.771,self_employed,auto,central,39771.38,0,0
40,62305.92,562.0,28,5834.13,3,24,0.094,2920.45,3577.33,28,104.3,0.814,salaried,auto,east,51474.72,0,0
64,50058.54,668.0,5,15100.86,3,48,0.302,1510.9,30026.46,29,52.1,0.769,self_employed,personal,south,40106.69,0,0
54,87083.11,631.0,29,4598.22,2,12,0.053,3430.71,27536.35,26,131.95,0.885,salaried,personal,east,60983.04,0,0
41,48671.25,634.0,1,5069.27,6,48,0.104,2600.37,15196.07,27,96.31,0.555,salaried,home,south,46186.04,0,0
43,46781.13,570.0,30,3848.62,3,36,0.082,1200.03,2929.51,39,30.77,0.87,salaried,auto,north,50275.3,0,0
26,39486.26,522.0,24,3900.94,6,24,0.099,1849.44,2498.35,18,102.75,0.784,salaried,auto,west,41748.88,1,0
33,46430.87,602.0,22,5679.25,3,36,0.122,1781.58,20267.8,27,65.98,0.865,self_employed,personal,north,48083.27,0,0
43,31406.98,696.0,20,26257.04,8,12,0.836,982.2,869.52,31,31.68,0.81,self_employed,home,central,46286.14,1,0
29,50697.93,644.0,15,24742.4,4,36,0.488,2939.25,6236.29,30,97.98,0.77,self_employed,auto,east,39637.34,1,0
37,34994.09,802.0,3,7090.32,5,48,0.203,1425.34,4810.33,36,39.59,0.732,contract,personal,north,53261.84,0,0
22,31418.61,644.0,7,5478.59,3,36,0.174,1947.76,4851.04,29,67.16,0.742,self_employed,business,west,43030.21,1,0
39,40629.28,667.0,5,14859.9,3,12,0.366,1921.63,19909.41,32,60.05,0.391,self_employed,personal,east,41804.85,0,0
39,66371.22,651.0,26,10281.08,5,24,0.155,2296.98,24872.22,36,63.8,0.527,salaried,auto,west,53186.83,0,0
27,57757.87,560.0,23,19200.4,0,12,0.332,1923.74,3575.8,34,56.58,0.917,self_employed,personal,central,38209.77,1,0
62,73161.38,648.0,5,11804.42,6,36,0.161,3638.94,3076.95,22,165.41,0.943,salaried,personal,east,45193.14,0,0
62,35758.52,559.0,32,27393.78,7,24,0.766,1264.13,1149.6,27,46.82,0.735,salaried,home,north,36815.38,1,0
40,53855.6,644.0,1,19563.43,4,24,0.363,2417.77,19187.01,26,92.99,0.747,self_employed,home,west,44656.17,0,0
29,116518.63,500.0,15,17394.67,6,12,0.149,5175.85,22753.06,28,184.85,0.623,salaried,education,south,45132.53,1,0
37,101608.41,644.0,8,4471.54,7,24,0.044,2182.53,308.44,33,66.14,0.692,salaried,education,west,62203.41,0,0
47,30528.42,663.0,4,4392.96,2,60,0.144,1517.44,961.84,29,52.33,0.701,salaried,home,central,39595.33,0,0
22,34413.98,669.0,9,12165.4,3,12,0.353,1530.15,1256.71,32,47.82,0.698,self_employed,education,south,37678.14,0,0
56,116292.25,528.0,29,787.18,3,36,0.007,6349.2,45848.03,34,186.74,0.442,contract,auto,west,67635.27,0,0
39,66383.09,691.0,6,3500.32,4,36,0.053,3980.43,18351.27,33,120.62,0.783,salaried,home,east,51296.93,0,0
37,49720.44,706.0,28,24223.9,4,24,0.487,2047.76,1716.42,26,78.76,0.746,salaried,home,central,50904.99,1,0
25,47283.41,569.0,1,5382.19,4,48,0.114,2513.65,15863.84,27,93.1,0.819,salaried,auto,south,40965.97,0,0
59,60015.43,734.0,19,2831.14,1,24,0.047,2422.87,14065.48,25,96.91,0.862,salaried,home,central,63888.24,0,0
38,60354.88,666.0,3,5824.14,5,48,0.096,1992.61,29488.78,28,71.16,0.604,salaried,auto,west,44618.43,0,0
27,42619.94,645.0,27,3064.55,5,36,0.072,2487.77,11560.91,31,80.25,0.696,unemployed,personal,east,52184.48,0,0
37,50340.23,698.0,7,13159.29,6,36,0.261,2342.23,7935.06,31,75.56,0.908,self_employed,home,south,40979.16,0,0
59,41952.81,788.0,34,17110.46,4,60,0.408,979.92,1056.73,28,35.0,0.672,self_employed,personal,north,50754.9,0,0
56,58450.37,638.0,1,13736.56,3,48,0.235,3493.55,1090.65,33,105.87,0.726,unemployed,auto,south,41604.06,0,0
60,38874.53,608.0,27,1452.59,6,36,0.037,1485.69,3109.93,41,36.24,0.895,contract,personal,east,50602.97,0,0
24,30623.23,827.0,10,3686.03,3,36,0.12,1490.85,9514.0,18,82.82,0.465,salaried,business,east,51538.71,0,0
58,105231.62,635.0,8,2166.85,2,48,0.021,6398.36,25386.37,30,213.28,0.878,contract,home,south,58814.4,1,0
45,52506.43,681.0,0,393.68,1,24,0.007,2262.18,8695.33,28,80.79,0.953,self_employed,personal,east,45608.05,0,0
25,116270.49,635.0,26,12095.17,6,36,0.104,5319.92,1104.19,22,241.81,0.816,self_employed,home,central,62709.86,0,0
50,22708.0,513.0,2,5033.21,4,24,0.222,651.48,1106.53,35,18.61,0.611,self_employed,home,west,31696.62,0,0
32,28218.61,624.0,8,2914.42,4,12,0.103,1502.65,16682.68,22,68.3,0.924,salaried,education,central,40685.27,0,0
24,66840.04,744.0,27,3307.38,3,60,0.049,2845.26,34734.44,28,101.62,0.568,self_employed,education,east,57274.11,0,0
44,52526.36,581.0,20,1305.4,4,48,0.025,2159.66,25020.03,35,61.7,0.821,self_employed,auto,north,54505.49,0,0
49,32178.04,762.0,27,15777.73,4,48,0.49,908.44,10557.51,40,22.71,0.94,salaried,auto,north,53679.49,0,0
29,90347.89,715.0,23,1398.57,5,36,0.015,3542.91,45591.54,19,186.47,0.907,salaried,auto,north,66652.88,0,0
24,36627.26,565.0,17,3716.71,3,24,0.101,2211.02,12079.48,26,85.04,0.621,salaried,home,central,42186.89,0,0
44,92906.4,548.0,8,66.74,4,48,0.001,3435.88,19210.54,30,114.53,0.886,salaried,business,east,60135.05,0,0
34,52486.14,545.0,25,5160.88,5,36,0.098,1578.56,793.47,20,78.93,0.821,contract,auto,north,39787.2,0,0
25,33474.23,615.0,23,3943.76,3,24,0.118,1532.24,4861.4,18,85.12,0.788,contract,home,north,50464.38,0,0
38,40097.44,557.0,5,11427.87,4,24,0.285,1684.18,11410.33,32,52.63,0.853,self_employed,personal,central,34965.09,1,0
62,100455.37,754.0,11,11307.3,1,48,0.113,4100.8,39202.52,25,164.03,0.527,self_employed,home,central,58832.54,0,0
39,47382.77,549.0,8,354.57,7,24,0.007,1309.46,5125.96,28,46.77,0.774,salaried,business,central,43130.46,0,1
32,83914.47,574.0,9,1108.3,3,24,0.013,4925.34,227.03,19,259.23,0.841,contract,auto,west,50893.83,0,0
38,101742.26,779.0,2,21149.54,4,12,0.208,4696.53,3379.7,29,161.95,0.857,self_employed,auto,central,56372.1,0,0
37,52250.75,628.0,28,14123.23,5,48,0.27,2441.45,1038.7,25,97.66,0.557,self_employed,personal,north,45383.87,0,0
50,48999.39,686.0,6,4441.07,5,36,0.091,1263.01,2146.21,25,50.52,0.707,salaried,home,north,52024.68,0,0
44,45150.85,689.0,25,1637.74,1,36,0.036,1797.83,1002.4,29,61.99,0.465,salaried,home,central,49403.82,0,0
31,63477.7,526.0,7,2719.45,4,24,0.043,2864.57,18475.5,22,130.21,0.753,unemployed,home,north,39807.72,1,0
55,106688.48,718.0,12,9657.2,2,36,0.091,6328.3,20536.15,33,191.77,0.291,salaried,home,east,60313.58,0,0
43,31189.4,702.0,34,26184.83,6,36,0.84,1403.94,17156.9,38,36.95,0.685,salaried,personal,west,43542.22,0,0
37,59791.49,705.0,18,8607.88,4,24,0.144,3633.68,34443.72,30,121.12,0.608,contract,auto,north,53138.35,0,0
21,58638.44,592.0,21,241.21,1,24,0.004,2912.15,1473.38,31,93.94,0.803,unemployed,auto,north,50365.82,0,0
35,24055.42,674.0,15,9466.88,4,24,0.394,657.68,14116.28,25,26.31,0.24,self_employed,auto,east,42724.83,0,0
52,36338.77,635.0,14,26063.25,4,24,0.717,855.52,2119.32,24,35.65,0.72,salaried,home,central,30224.98,0,0
29,39849.16,658.0,1,3997.49,2,24,0.1,1740.68,14111.76,22,79.12,0.736,salaried,home,north,44875.27,0,0
35,76405.75,584.0,20,24402.52,2,36,0.319,4598.14,18608.75,26,176.85,0.707,salaried,home,east,43878.3,0,0
48,82663.04,634.0,29,9994.88,4,60,0.121,2821.25,6715.68,17,165.96,0.978,salaried,auto,north,52264.37,0,0
44,23297.0,733.0,6,1894.66,8,24,0.081,1343.64,7946.14,29,46.33,0.9,salaried,personal,central,44910.51,0,0
55,72232.18,486.0,30,1413.1,3,36,0.02,1944.47,36421.39,21,92.59,0.618,self_employed,personal,south,52757.23,1,0
42,68150.08,619.0,34,1745.54,7,24,0.026,3524.36,1701.05,30,117.48,0.665,self_employed,home,east,55951.38,0,0
47,70282.21,704.0,3,10812.52,5,24,0.154,2682.85,22003.88,33,81.3,0.444,salaried,business,south,43258.65,0,0
39,58031.18,558.0,33,8013.88,3,60,0.138,1240.27,1456.8,32,38.76,0.775,self_employed,personal,east,48297.79,0,0
32,83091.52,684.0,0,5471.71,3,36,0.066,2733.12,35571.25,20,136.66,0.713,self_employed,business,north,48231.38,0,0
40,91783.18,690.0,9,2750.84,3,36,0.03,3444.61,31159.66,34,101.31,0.759,self_employed,education,north,56771.55,0,0
21,25971.64,637.0,29,21398.8,3,24,0.824,1014.73,826.19,26,39.03,0.608,self_employed,auto,central,41260.57,0,0
41,53001.42,676.0,31,2164.25,4,48,0.041,1483.1,7752.97,29,51.14,0.594,self_employed,auto,central,54351.58,0,0
21,48314.16,788.0,2,3001.73,1,48,0.062,2247.76,17585.84,25,89.91,0.909,salaried,personal,east,53949.65,0,0
30,41867.44,593.0,9,508.35,5,36,0.012,2348.94,12850.29,32,73.4,0.631,self_employed,personal,central,43230.26,0,0
52,44155.44,532.0,8,2898.29,8,24,0.066,2186.57,18865.56,22,99.39,0.621,self_employed,business,west,42569.36,0,0
59,58926.88,614.0,16,23063.6,5,24,0.391,3189.58,22788.97,34,93.81,0.472,unemployed,home,east,36271.12,1,0
42,30228.06,565.0,2,1869.91,6,12,0.062,1068.32,575.64,35,30.52,0.786,salaried,personal,west,35276.77,0,0
38,73260.72,683.0,26,2052.99,6,36,0.028,4103.28,2822.97,25,164.13,0.839,salaried,home,east,63586.19,0,0
52,45885.07,611.0,34,8246.11,5,36,0.18,966.81,2125.04,35,27.62,0.889,self_employed,home,east,51746.39,0,0
47,80305.31,702.0,3,7532.19,4,36,0.094,4442.87,31931.72,31,143.32,0.846,salaried,home,east,57279.24,0,0
48,40987.85,675.0,3,1741.81,4,36,0.042,901.06,12698.94,38,23.71,0.951,salaried,auto,south,50794.66,0,0
38,40000.57,592.0,31,1507.94,2,48,0.038,1910.18,16134.81,22,86.83,0.657,unemployed,auto,south,47594.21,0,0
59,35402.63,572.0,10,1119.64,4,24,0.032,1041.53,1042.41,22,47.34,0.689,salaried,education,central,41015.35,0,0
49,41090.84,532.0,5,17765.07,6,36,0.432,1701.06,8908.15,26,65.43,0.77,salaried,personal,north,35724.39,0,0
38,37773.25,739.0,34,9563.18,3,24,0.253,1423.15,14375.12,37,38.46,0.462,salaried,home,central,53576.96,0,0
64,65883.03,695.0,31,27604.22,3,36,0.419,4001.55,2044.68,30,133.39,0.857,salaried,personal,west,46009.78,0,0
28,86785.8,615.0,22,1631.9,3,12,0.019,2976.5,6410.0,25,119.06,0.429,salaried,personal,east,58768.08,0,0
51,64507.75,702.0,25,5555.74,0,12,0.086,3130.06,814.29,32,97.81,0.662,salaried,education,south,54588.07,0,0
54,52321.36,556.0,33,12229.74,2,24,0.234,2217.29,30756.33,27,82.12,0.707,salaried,personal,east,40719.65,0,0
27,67447.13,576.0,10,2162.02,4,36,0.032,2469.98,1255.9,25,98.8,0.799,unemployed,personal,east,47244.47,1,0
56,53295.71,567.0,20,10387.41,1,36,0.195,2556.18,16525.82,26,98.31,0.809,self_employed,auto,north,43760.81,1,0
38,54877.46,674.0,23,5778.72,1,12,0.105,1462.9,19233.7,28,52.25,0.917,self_employed,home,south,59215.08,0,0
58,47193.55,599.0,14,5072.17,4,48,0.107,2424.03,129.74,34,71.3,0.523,salaried,business,south,46126.52,1,0
29,78941.79,526.0,2,9320.68,0,48,0.118,3573.42,5088.61,25,142.94,0.812,contract,business,south,42416.6,0,0
29,17074.32,658.0,1,5674.84,5,24,0.332,903.74,1885.86,22,41.08,0.753,salaried,home,west,37561.73,0,0
28,20748.27,699.0,6,15433.84,2,12,0.744,1084.39,3036.82,33,32.86,0.79,salaried,auto,west,39860.51,0,0
55,86012.77,638.0,4,24000.62,2,36,0.279,3498.55,5347.42,32,109.33,0.629,self_employed,home,north,47818.06,0,0
38,49590.91,747.0,28,7999.37,4,48,0.161,1897.37,1970.16,28,67.76,0.728,salaried,education,west,55359.5,0,0
25,81859.14,718.0,31,3217.72,6,24,0.039,4624.34,7315.5,31,149.17,0.911,self_employed,auto,west,72821.16,0,0
34,41207.05,745.0,29,13514.22,6,60,0.328,2424.57,22215.4,33,73.47,0.534,contract,home,north,58054.87,0,0
48,115083.11,717.0,7,1682.28,3,60,0.015,4408.78,35888.06,23,191.69,0.893,salaried,auto,north,60849.09,0,0
50,50948.3,670.0,31,898.29,1,12,0.018,3034.28,654.38,31,97.88,0.552,unemployed,education,west,57470.74,0,0
24,66318.63,544.0,1,6581.97,6,36,0.099,3927.51,1022.66,23,170.76,0.917,self_employed,home,south,39622.85,1,0
59,44301.96,621.0,9,9364.85,5,24,0.211,1162.28,1750.48,25,46.49,0.947,salaried,auto,east,42242.94,0,0
40,36181.05,606.0,2,16216.18,6,12,0.448,1453.64,3092.67,29,50.13,0.611,salaried,auto,south,30691.86,0,0
45,24750.03,574.0,22,27952.42,5,48,1.129,1346.2,1137.87,35,38.46,0.981,self_employed,auto,east,26390.61,1,0
48,77154.63,601.0,33,18596.1,2,48,0.241,2088.81,37320.39,24,87.03,0.746,salaried,home,central,53176.43,0,1
32,64727.27,526.0,17,40346.23,4,12,0.623,1996.86,19767.34,20,99.84,0.721,salaried,auto,east,29687.62,1,0
22,56509.37,725.0,32,5811.22,3,12,0.103,2480.01,28987.4,28,88.57,0.908,self_employed,personal,east,63274.36,0,0
63,32455.42,560.0,32,3425.25,0,12,0.106,841.01,18540.34,26,32.35,0.754,salaried,business,east,43385.25,1,0
34,102432.54,719.0,16,5540.78,8,36,0.054,3570.44,29037.2,28,127.52,0.58,salaried,home,north,64356.4,0,0
42,56819.94,763.0,5,9298.72,4,24,0.164,2402.33,11136.48,23,104.45,0.743,salaried,home,central,52844.14,0,0
51,74332.23,585.0,12,6369.9,7,36,0.086,3999.89,17448.86,24,166.66,0.856,contract,auto,east,47609.5,0,0
43,54103.59,603.0,20,9049.04,4,36,0.167,1482.65,29111.62,29,51.13,0.623,contract,education,east,38249.73,0,0
40,33181.92,692.0,30,19601.24,8,24,0.591,1688.95,19879.63,32,52.78,0.531,salaried,auto,west,48904.39,0,0
58,84676.75,613.0,20,1631.67,3,24,0.019,5108.32,20418.92,28,182.44,0.642,salaried,business,central,56484.66,0,0
24,66359.74,582.0,32,1153.2,5,48,0.017,1954.9,38451.25,29,67.41,0.912,self_employed,personal,west,55280.42,0,0
35,49929.41,687.0,27,6211.7,4,24,0.124,1512.78,15634.49,30,50.43,0.744,salaried,business,west,52786.35,0,0
44,65851.12,587.0,5,36041.25,7,24,0.547,3524.39,271.68,31,113.69,0.475,self_employed,personal,west,32169.44,1,0
45,78268.04,832.0,7,547.73,2,36,0.007,2069.06,10761.29,31,66.74,0.683,self_employed,home,west,63182.89,0,0
21,72918.14,698.0,12,38783.87,6,12,0.532,2947.89,17835.97,28,105.28,0.52,self_employed,auto,west,43943.76,0,0
27,25081.94,707.0,33,30896.04,3,24,1.232,954.63,5653.31,38,25.12,0.506,self_employed,home,south,35936.41,0,0
51,27706.14,642.0,21,3115.42,7,12,0.112,1167.45,13620.22,37,31.55,0.319,salaried,personal,south,41443.5,0,0
32,75341.18,808.0,0,19947.98,6,48,0.265,3198.97,35915.55,22,145.41,0.852,salaried,auto,central,48357.65,0,0
62,39606.4,587.0,12,70.1,9,24,0.002,1745.59,3692.69,40,43.64,0.669,salaried,personal,central,44602.64,1,0
25,33796.9,715.0,0,5447.23,2,36,0.161,1856.06,1791.0,17,109.18,0.876,salaried,education,west,45584.19,1,0
64,64051.77,536.0,9,4629.34,8,12,0.072,2477.32,27651.92,22,112.61,0.666,salaried,auto,east,39731.13,0,0
62,33338.74,845.0,4,20965.72,4,36,0.629,994.01,8896.63,35,28.4,0.815,salaried,personal,south,45178.87,0,0
58,43668.68,720.0,19,5752.98,2,36,0.132,2339.52,522.18,24,97.48,0.872,unemployed,auto,north,51949.32,0,0
32,79500.73,570.0,12,4870.62,4,12,0.061,4900.19,5573.87,36,136.12,0.632,self_employed,education,south,43794.94,0,1
59,27409.26,695.0,9,9184.73,2,24,0.335,714.73,395.21,39,18.33,0.632,salaried,home,south,38036.2,0,0
38,29268.91,740.0,2,4241.55,8,36,0.145,927.41,16853.06,23,40.32,0.737,salaried,auto,central,48182.62,0,0
22,26240.3,574.0,33,6921.7,3,60,0.264,1615.28,1849.64,39,41.42,0.55,salaried,auto,east,46056.64,0,0
30,36771.41,611.0,33,28023.87,4,48,0.762,1105.48,12481.66,30,36.85,0.769,self_employed,business,south,45832.07,0,0
35,56230.91,566.0,29,2037.78,2,36,0.036,2161.01,1978.67,27,80.04,0.565,contract,personal,north,56335.62,0,0
50,41008.94,691.0,3,5527.57,6,24,0.135,997.29,22307.35,21,47.49,0.873,salaried,auto,east,47652.13,0,0
64,106564.65,665.0,33,139.47,6,60,0.001,3574.78,33775.07,29,123.27,0.826,self_employed,home,west,72599.41,0,0
37,66495.49,653.0,31,16619.96,3,24,0.25,2103.45,37483.45,26,80.9,0.936,salaried,business,west,53586.92,0,0
24,53719.53,582.0,20,868.77,3,24,0.016,3262.73,11190.15,23,141.86,0.798,salaried,business,south,51425.77,0,0
27,95830.28,632.0,23,896.02,4,36,0.009,2557.8,24439.35,21,121.8,0.332,salaried,education,south,61614.42,0,0
61,29766.44,589.0,8,19297.89,5,48,0.648,1004.61,13536.13,28,35.88,0.821,contract,home,central,35389.9,1,0
51,80014.02,691.0,23,4737.96,7,12,0.059,1932.58,45313.96,29,66.64,0.835,contract,home,central,61241.39,0,0
59,48712.14,561.0,24,10462.47,4,24,0.215,2378.74,4930.9,32,74.34,0.892,salaried,home,south,45516.19,1,0
54,44139.26,582.0,7,17557.62,3,36,0.398,2733.47,11066.14,23,118.85,0.821,self_employed,home,central,44499.24,0,0
26,71323.57,719.0,28,4222.51,1,12,0.059,1941.14,41577.33,32,60.66,0.737,self_employed,personal,south,65507.3,0,0
58,44997.9,613.0,24,2728.79,6,36,0.061,2113.37,9404.31,23,91.89,0.452,self_employed,personal,east,50381.21,0,0
54,58797.62,800.0,34,1671.74,3,12,0.028,1600.56,33128.02,24,66.69,0.605,salaried,auto,south,60786.7,0,0
64,51794.55,667.0,27,8408.25,5,24,0.162,1567.84,19665.93,28,55.99,0.552,contract,auto,east,57533.33,0,0
35,62187.13,496.0,18,2616.45,4,36,0.042,2700.44,18583.19,33,81.83,0.84,salaried,personal,south,47304.91,0,0
34,43123.09,537.0,31,9053.18,5,36,0.21,2604.84,9165.94,28,93.03,0.712,salaried,business,central,39671.01,1,0
26,82210.89,600.0,27,3433.22,4,24,0.042,3340.23,25919.67,36,92.78,0.859,salaried,education,south,56568.3,0,0
57,21592.89,713.0,34,3846.32,4,12,0.178,855.18,861.99,26,32.89,0.515,self_employed,education,south,52806.38,0,0
52,72287.15,704.0,7,2578.52,5,12,0.036,1918.53,3124.01,37,51.85,0.879,contract,auto,north,50845.18,0,0
23,23131.3,609.0,22,4878.81,3,36,0.211,1025.03,1486.36,19,53.95,0.525,contract,auto,east,39352.29,1,0
23,38597.71,755.0,22,1592.03,1,36,0.041,1547.85,1510.69,29,53.37,0.694,self_employed,auto,central,60173.95,0,0
42,68532.38,678.0,31,3467.08,5,60,0.051,2383.21,36843.37,25,95.33,0.557,salaried,auto,central,65681.46,0,0
42,21891.39,623.0,9,13540.84,3,36,0.619,1122.53,585.81,24,46.77,0.523,salaried,auto,east,41188.36,0,0
30,58390.96,750.0,16,2185.74,6,48,0.037,1941.3,965.15,26,74.67,0.651,unemployed,home,west,59261.38,0,0
23,29228.35,581.0,34,26456.42,3,24,0.905,1708.5,12439.01,26,65.71,0.489,salaried,business,central,35383.88,0,0
32,35028.54,697.0,34,6111.81,11,60,0.174,2003.54,3012.12,23,87.11,0.701,self_employed,personal,north,47723.02,1,0
49,34310.85,706.0,2,1017.71,7,12,0.03,1410.47,1924.83,33,42.74,0.684,salaried,home,east,47024.33,0,1
37,29599.13,703.0,28,25792.01,5,36,0.871,1736.46,939.95,24,72.35,0.607,salaried,business,north,40384.39,0,0
27,24876.41,637.0,26,5490.48,2,60,0.221,1514.93,1004.42,31,48.87,0.979,salaried,personal,east,43843.13,0,0
33,137590.11,724.0,30,7326.96,4,36,0.053,3075.09,30881.24,30,102.5,0.844,self_employed,business,central,77408.71,0,0
22,49905.57,807.0,33,1843.26,7,60,0.037,2812.26,13447.67,25,112.49,0.913,self_employed,auto,central,62882.23,0,0
24,31043.97,637.0,11,3648.86,4,36,0.118,1167.37,11009.56,23,50.76,0.638,salaried,business,east,47977.3,1,0
30,42068.07,656.0,24,10945.56,5,48,0.26,2620.84,24928.44,39,67.2,0.438,salaried,auto,east,44838.46,0,0
59,55077.55,729.0,1,1191.19,5,48,0.022,1934.4,23538.61,44,43.96,0.628,self_employed,home,central,51398.35,0,0
44,45687.83,627.0,29,7605.34,7,36,0.166,2537.93,25685.96,16,158.62,0.893,salaried,auto,south,52663.49,0,0
37,30635.7,625.0,8,10643.51,4,12,0.347,919.49,17587.52,34,27.04,0.697,salaried,auto,central,34725.02,0,0
26,36146.87,551.0,22,16.54,6,24,0.0,2154.06,17095.24,28,76.93,0.702,salaried,auto,central,50411.06,0,0
39,92371.37,503.0,8,16357.93,2,12,0.177,4782.79,4052.85,35,136.65,0.78,self_employed,personal,north,44190.93,1,0
25,28818.68,554.0,19,521.84,3,36,0.018,941.21,509.48,33,28.52,0.686,unemployed,home,west,40901.06,1,0
52,22056.51,723.0,0,2552.26,2,36,0.116,1091.16,10762.05,22,49.6,0.794,salaried,personal,north,43953.7,0,0
30,45497.85,563.0,22,29805.06,3,36,0.655,1773.27,127.04,25,70.93,0.76,self_employed,education,central,34424.41,0,0
29,22713.79,691.0,17,760.62,6,24,0.033,1286.58,6850.13,34,37.84,0.585,unemployed,education,south,48576.29,1,0
47,35975.81,776.0,31,15735.23,5,48,0.437,758.4,16708.24,18,42.13,0.885,self_employed,auto,central,55731.1,0,0
33,30841.86,663.0,8,9499.93,6,36,0.308,1315.07,17269.61,28,46.97,0.744,salaried,business,west,45655.3,1,0
39,30963.52,575.0,10,8210.21,4,24,0.265,1524.0,8539.95,35,43.54,0.483,self_employed,home,north,35621.43,1,0
41,55898.25,639.0,0,7843.63,3,24,0.14,2088.83,28002.35,39,53.56,0.828,salaried,business,east,46785.48,0,0
44,60820.1,682.0,10,1638.65,5,24,0.027,2466.48,17320.72,23,107.24,0.65,self_employed,home,central,49015.05,0,0
58,37697.32,683.0,32,9945.89,1,48,0.264,1162.29,3871.37,28,41.51,0.631,self_employed,personal,west,54644.28,0,0
24,51923.57,660.0,29,27260.2,6,24,0.525,1984.88,14799.71,29,68.44,0.561,self_employed,personal,north,45107.99,0,0
44,36861.6,704.0,4,721.47,1,24,0.02,2182.67,1018.36,19,114.88,0.308,contract,home,central,46074.16,0,0
55,64885.37,735.0,0,3636.76,1,48,0.056,2391.59,21042.73,28,85.41,0.805,self_employed,business,central,53505.67,0,0
23,27862.9,609.0,9,5752.22,3,48,0.206,1728.01,1559.45,32,54.0,0.537,contract,auto,north,45366.69,0,0
24,58358.38,769.0,12,2379.1,2,36,0.041,2347.72,2209.14,30,78.26,0.964,self_employed,auto,south,56566.42,0,0
57,60384.41,678.0,26,12154.57,7,48,0.201,2819.1,435.95,28,100.68,0.873,self_employed,education,west,46268.11,0,0
60,155001.59,461.0,7,10500.75,3,48,0.068,3259.14,41823.04,21,155.2,0.419,salaried,auto,south,68076.43,1,0
55,24599.97,634.0,27,1127.79,0,36,0.046,704.17,6994.54,25,28.17,0.89,salaried,education,south,47330.02,0,0
51,178991.25,635.0,1,7584.49,5,36,0.042,6381.86,8933.36,25,255.27,0.833,self_employed,business,south,70795.15,0,0
64,76153.63,742.0,11,4142.23,3,60,0.054,2627.26,24362.46,25,105.09,0.446,salaried,auto,south,58760.59,0,0
45,123289.63,601.0,26,2333.39,7,24,0.019,6263.54,33380.6,22,284.71,0.652,salaried,business,east,71900.01,0,0
60,81419.44,663.0,12,16972.28,6,48,0.208,3557.24,797.63,24,148.22,0.941,salaried,personal,west,52621.17,0,0
33,35433.28,529.0,21,506.03,5,24,0.014,1058.19,1673.58,25,42.33,0.676,salaried,home,south,38486.74,0,0
24,72840.54,579.0,14,5669.7,6,36,0.078,3355.58,3405.14,21,159.79,0.776,salaried,education,east,46188.06,0,0
34,40153.15,718.0,30,5804.56,4,48,0.145,1055.9,546.91,29,36.41,0.978,salaried,business,west,48272.03,0,0
33,52069.51,546.0,6,7598.29,2,48,0.146,2966.71,20995.64,26,114.1,0.52,salaried,auto,central,40645.29,1,0
47,31932.89,732.0,34,1981.27,1,48,0.062,1662.75,219.15,23,72.29,0.605,salaried,auto,south,59619.06,0,0
26,39918.14,747.0,6,18445.53,4,36,0.462,1407.05,14178.26,26,54.12,0.582,contract,home,north,44521.8,0,0
37,81116.32,756.0,11,30249.83,3,48,0.373,1853.37,27165.26,24,77.22,0.959,salaried,education,west,52324.19,0,0
56,65978.25,781.0,13,7165.69,5,24,0.109,3526.45,6102.47,29,121.6,0.71,salaried,auto,north,54972.92,0,0
60,85896.95,716.0,33,2662.94,4,60,0.031,2660.73,34730.55,29,91.75,0.484,contract,personal,west,72645.9,0,0
55,28882.31,686.0,8,18847.45,7,12,0.653,913.36,2033.03,26,35.13,0.722,salaried,auto,west,37876.0,0,0
37,23348.82,703.0,32,39936.26,1,36,1.71,906.26,11477.95,19,47.7,0.715,salaried,home,north,42182.3,0,0
61,88944.87,656.0,11,12188.96,4,36,0.137,4108.38,961.77,30,136.95,0.766,salaried,education,west,52792.0,1,0
22,86030.12,618.0,33,3654.2,9,24,0.042,1915.53,23004.62,36,53.21,0.788,salaried,auto,central,60035.32,1,0
33,59586.95,715.0,26,2422.93,8,48,0.041,3291.4,30598.55,26,126.59,0.701,salaried,auto,south,54812.62,0,0
22,65424.46,688.0,21,1533.03,5,24,0.023,1456.07,3764.57,35,41.6,0.748,salaried,home,west,56651.01,0,0
48,79958.83,725.0,17,2410.2,8,36,0.03,2248.48,38749.38,33,68.14,0.705,salaried,education,east,62576.4,0,0
63,58787.58,632.0,17,2321.36,4,48,0.039,1780.27,26657.64,28,63.58,0.782,contract,home,west,48519.24,0,0
46,68975.06,640.0,6,30816.2,4,24,0.447,3878.15,13051.11,29,133.73,0.68,salaried,business,east,39996.05,1,0
42,78172.27,668.0,3,9276.19,2,48,0.119,4058.11,42173.08,23,176.44,0.795,contract,personal,west,53751.91,1,0
63,51943.84,639.0,15,1644.23,6,12,0.032,2403.69,28602.79,26,92.45,0.423,salaried,personal,west,49908.47,0,0
23,46373.45,850.0,21,6025.6,5,12,0.13,1654.28,2060.45,32,51.7,0.543,self_employed,personal,central,60208.47,0,0
55,64339.17,814.0,19,1837.08,3,24,0.029,2822.57,3214.61,35,80.64,0.723,salaried,home,south,64596.89,0,0
32,150102.9,650.0,30,8383.02,4,24,0.056,3445.7,15626.4,29,118.82,0.713,salaried,auto,central,73832.01,0,0
44,36995.16,639.0,32,3758.83,8,60,0.102,2105.78,10229.33,27,77.99,0.68,salaried,education,central,43332.91,0,0
25,44630.24,688.0,12,1958.85,4,12,0.044,2216.63,25998.62,27,82.1,0.643,self_employed,home,south,51424.75,0,0
40,24578.2,613.0,19,2503.04,3,12,0.102,1194.93,1856.24,27,44.26,0.557,salaried,auto,south,38738.42,0,0
59,65884.7,612.0,21,10118.1,3,24,0.154,4074.64,17216.83,23,177.16,0.851,salaried,education,central,53701.24,0,0
59,42681.88,654.0,22,4718.78,2,36,0.111,1837.54,24669.2,18,102.09,0.837,salaried,home,south,55152.05,0,0
33,28849.57,618.0,32,6478.36,5,36,0.225,688.86,1038.31,27,25.51,0.563,salaried,personal,north,52551.41,0,0
61,52648.04,666.0,29,15500.38,1,48,0.294,1597.19,1934.44,22,72.6,0.799,salaried,personal,north,50770.81,0,0
32,106147.42,681.0,13,9588.9,5,24,0.09,2921.63,54589.67,31,94.25,0.682,salaried,home,south,66137.93,0,0
33,46239.44,380.0,7,5585.99,6,12,0.121,2776.72,9583.79,36,77.13,0.767,salaried,auto,east,28919.36,1,0
30,48183.34,486.0,21,27723.15,1,24,0.575,1260.0,1968.12,31,40.65,0.574,salaried,home,north,27131.59,1,0
53,104304.33,578.0,3,2172.97,3,48,0.021,2270.96,52354.81,26,87.34,0.738,salaried,home,north,57556.72,0,0
60,54054.4,674.0,34,3069.64,5,48,0.057,1806.75,24458.02,28,64.53,0.449,salaried,business,south,58191.24,0,0
36,31462.82,584.0,7,21815.81,3,48,0.693,815.41,10319.65,25,32.62,0.936,salaried,auto,south,25456.36,1,0
55,73869.08,846.0,33,17269.71,1,36,0.234,3448.16,17034.26,25,137.93,0.809,unemployed,auto,west,63885.93,0,0
23,89865.28,726.0,21,1253.95,6,36,0.014,2709.98,41331.29,24,112.92,0.852,salaried,education,north,65108.23,0,0
25,49505.11,816.0,24,23926.54,8,12,0.483,2769.66,18160.77,37,74.86,0.806,salaried,auto,north,57301.08,0,0
46,57452.96,727.0,24,91.99,1,24,0.002,1539.55,8995.93,32,48.11,0.866,contract,auto,north,66318.94,0,0
31,30030.4,515.0,16,15555.05,3,24,0.518,816.39,1592.24,31,26.34,0.789,self_employed,personal,south,26870.45,0,0
27,36615.82,551.0,15,2941.58,4,12,0.08,1689.96,12073.66,30,56.33,0.372,salaried,personal,east,45090.46,0,0
30,46636.19,607.0,14,1881.58,5,60,0.04,1130.76,24142.27,21,53.85,0.836,contract,home,west,46707.42,0,0
62,56084.72,548.0,16,5359.44,2,36,0.096,1286.66,3813.33,14,91.9,0.594,salaried,business,central,37140.56,0,0
54,40991.23,742.0,34,20464.48,2,48,0.499,1168.08,6271.59,29,40.28,0.612,salaried,home,north,50072.49,0,0
23,45850.86,637.0,32,13871.72,7,24,0.303,1961.49,926.46,24,81.73,0.888,contract,personal,central,48300.15,0,0
28,51240.34,667.0,17,30720.02,3,48,0.6,2237.02,26152.1,25,89.48,0.926,self_employed,business,east,38359.77,1,0
51,34575.08,767.0,29,7008.32,3,48,0.203,1274.56,1817.81,41,31.09,0.844,self_employed,home,central,59295.01,0,0
31,48004.0,814.0,22,6430.44,2,12,0.134,1934.31,22430.15,34,56.89,0.708,salaried,education,south,62788.04,0,0
27,91141.91,627.0,6,118.06,3,12,0.001,3626.24,3261.68,28,129.51,0.682,self_employed,education,central,55213.96,0,0
22,41431.22,534.0,9,1792.73,5,60,0.043,1653.01,11771.73,29,57.0,0.493,salaried,personal,south,36371.63,0,0
26,36119.24,549.0,15,6195.59,1,36,0.172,1153.2,270.57,33,34.95,0.302,salaried,auto,central,37074.77,0,0
61,138455.74,748.0,27,12569.54,5,24,0.091,3862.31,55410.14,21,183.92,0.402,salaried,auto,south,82148.09,0,0
52,59965.29,673.0,22,15564.26,2,24,0.26,2227.44,30252.09,22,101.25,0.722,contract,auto,north,50364.87,0,0
40,38262.39,574.0,33,2997.46,6,48,0.078,1536.02,1983.06,21,73.14,0.564,self_employed,home,north,53807.1,0,0
54,72372.03,710.0,17,11217.45,5,24,0.155,4382.76,11564.84,36,121.74,0.901,self_employed,business,south,49566.2,0,0
36,60794.11,559.0,22,15870.09,3,48,0.261,3162.44,21912.24,25,126.5,0.698,salaried,business,central,41965.97,1,0
45,41915.72,499.0,19,4227.22,3,36,0.101,2377.73,23776.14,21,113.23,0.895,salaried,auto,north,41783.38,0,0
32,52996.0,479.0,30,10703.41,6,36,0.202,1957.01,27299.73,27,72.48,0.744,contract,auto,east,32349.14,0,0
27,47517.45,527.0,13,5174.78,4,36,0.109,2123.66,5285.52,38,55.89,0.798,unemployed,home,central,38687.08,1,0
59,84587.13,748.0,22,38197.46,5,12,0.452,4378.54,2093.23,22,199.02,0.958,contract,personal,south,46234.03,0,0
37,73615.0,633.0,1,60.21,7,36,0.001,2096.43,5655.11,28,74.87,0.322,salaried,home,east,49824.93,0,0
31,20654.22,647.0,28,4815.22,5,48,0.233,825.52,10393.4,24,34.4,0.84,salaried,education,south,47694.46,1,0
26,127555.78,666.0,8,2755.26,4,12,0.022,4508.56,4744.21,30,150.29,0.58,salaried,auto,south,64172.5,1,1
43,47584.26,564.0,32,17058.29,2,12,0.358,2077.44,20283.43,28,74.19,0.696,salaried,home,west,45058.63,0,0
47,117602.25,609.0,11,3046.05,6,60,0.026,3881.51,1358.26,29,133.85,0.634,contract,business,west,63169.62,0,0
26,74773.81,617.0,18,7064.31,4,36,0.094,2662.79,32975.17,27,98.62,0.615,salaried,personal,central,54868.12,0,0
58,60578.99,571.0,19,12132.99,3,48,0.2,3362.8,9129.9,29,115.96,0.807,contract,education,central,38901.02,0,0
22,51928.7,609.0,30,6188.61,5,12,0.119,2764.1,30342.04,28,98.72,0.632,salaried,education,north,50832.85,0,0
42,187484.18,640.0,34,4754.84,1,36,0.025,7086.26,98906.38,33,214.74,0.466,contract,personal,west,88333.25,0,1
40,47942.5,629.0,20,391.04,3,48,0.008,1194.39,1404.19,29,41.19,0.817,salaried,business,north,49500.82,0,0
45,40050.68,687.0,12,208.79,5,12,0.005,1311.2,16446.97,30,43.71,0.744,unemployed,home,central,45265.11,0,0
35,41706.44,609.0,26,28386.69,2,24,0.681,2140.81,8986.15,30,71.36,0.777,self_employed,home,east,37654.86,1,0
49,54202.19,781.0,24,9276.33,3,36,0.171,2835.79,22607.54,31,91.48,0.904,contract,personal,east,60987.75,0,0
28,54159.64,562.0,1,15699.79,1,48,0.29,1860.77,6632.68,24,77.53,0.909,salaried,personal,central,34120.66,0,0
57,85119.45,605.0,34,5892.93,6,24,0.069,5106.11,15182.79,28,182.36,0.738,unemployed,home,south,57823.43,0,0
53,76207.26,683.0,7,2729.19,2,48,0.036,3180.83,3570.38,23,138.3,0.901,self_employed,home,west,47350.78,0,0
42,76249.86,702.0,32,3140.12,2,12,0.041,4379.14,17824.91,35,125.12,0.731,self_employed,personal,west,67143.73,0,0
25,48888.28,547.0,24,400.19,0,24,0.008,2097.72,1808.41,31,67.67,0.802,salaried,auto,south,43310.67,0,0
59,73455.49,641.0,20,14083.77,4,24,0.192,1567.32,38434.67,19,82.49,0.899,contract,home,south,54702.05,0,0
38,77001.75,718.0,12,7841.23,5,48,0.102,1923.49,1096.25,31,62.05,0.606,salaried,auto,north,56389.75,0,0
58,52276.55,514.0,8,5899.23,5,36,0.113,1318.33,27676.63,29,45.46,0.774,self_employed,auto,south,38081.33,0,0
57,61429.17,643.0,34,17212.97,2,24,0.28,3116.67,29843.91,27,115.43,0.464,salaried,auto,west,49507.26,0,0
50,76957.93,524.0,9,5296.57,4,36,0.069,4361.67,3046.52,34,128.28,0.328,salaried,home,north,52017.39,0,0
51,59576.97,581.0,4,26596.52,3,48,0.446,2546.19,3094.19,33,77.16,0.918,self_employed,personal,south,37426.38,1,0
30,62190.67,657.0,30,119.92,8,36,0.002,3509.29,1300.35,26,134.97,0.497,salaried,education,central,53561.11,0,0
35,102047.42,632.0,23,37570.06,3,36,0.368,3707.01,5778.29,23,161.17,0.653,salaried,education,east,46712.82,0,0
62,59787.75,553.0,31,15229.68,7,24,0.255,1499.42,7412.7,20,74.97,0.972,salaried,auto,south,48925.01,1,1
64,41213.48,754.0,2,3945.7,2,48,0.096,1303.36,1465.25,36,36.2,0.945,salaried,auto,south,48765.92,0,0
38,29567.88,622.0,15,8142.9,4,48,0.275,761.4,860.03,18,42.3,0.866,self_employed,personal,south,42215.58,0,0
43,57006.35,697.0,19,17996.03,5,36,0.316,3291.54,25950.2,15,219.44,0.542,unemployed,auto,north,49877.23,0,0
53,46669.2,778.0,23,5913.04,3,24,0.127,1437.3,10373.64,25,57.49,0.583,salaried,education,east,61719.04,0,0
36,77943.64,593.0,33,471.59,1,48,0.006,4061.74,43111.21,28,145.06,0.94,salaried,home,south,57086.47,0,0
58,110190.3,702.0,22,21062.22,5,60,0.191,2623.15,8353.61,23,114.05,0.642,salaried,auto,south,56829.2,0,0
55,34085.68,685.0,1,6549.95,2,12,0.192,1810.87,12806.3,27,67.07,0.78,salaried,auto,south,45683.71,0,0
54,36365.24,532.0,4,7090.23,10,36,0.195,886.5,2289.76,28,31.66,0.814,salaried,personal,south,34285.55,1,0
48,53590.57,753.0,17,124.32,10,24,0.002,3232.59,31277.07,28,115.45,0.636,self_employed,home,west,64557.36,0,0
22,37798.73,659.0,28,948.91,3,24,0.025,1796.42,519.1,26,69.09,0.536,self_employed,business,west,51837.01,0,0
50,49025.13,605.0,9,13521.32,8,36,0.276,2402.93,22954.44,31,77.51,0.446,self_employed,personal,east,43193.18,0,0
33,42562.21,512.0,15,5137.56,5,60,0.121,2094.37,18847.52,32,65.45,0.935,salaried,auto,south,32576.08,1,0
61,34423.68,542.0,22,56197.78,3,48,1.632,1111.2,20175.23,28,39.69,0.781,contract,business,north,12088.42,1,0
36,78562.39,641.0,29,10707.01,2,24,0.136,3086.7,44125.27,28,110.24,0.855,self_employed,home,west,58009.36,0,0
25,56043.13,536.0,5,26890.08,5,12,0.48,3281.64,29442.49,28,117.2,0.537,salaried,business,north,32052.91,1,0
48,123459.19,704.0,19,2948.44,2,36,0.024,3636.38,48537.89,23,158.1,0.808,salaried,home,west,69321.32,0,0
59,63675.36,618.0,15,1743.94,0,36,0.027,2726.52,20535.54,15,181.77,0.937,salaried,home,west,51851.95,0,0
40,96745.54,517.0,27,4252.95,4,36,0.044,3317.28,13289.86,26,127.59,0.683,contract,education,central,54807.93,1,0
44,39028.27,594.0,25,2768.13,6,36,0.071,2054.81,1512.49,29,70.86,0.674,self_employed,business,north,42368.68,0,0
47,38810.91,560.0,21,8552.48,7,36,0.22,1546.35,16907.27,18,85.91,0.982,contract,home,north,49901.92,0,0
50,147177.08,546.0,10,12278.75,1,24,0.083,5168.05,83456.56,36,143.56,0.74,self_employed,home,west,62251.79,0,0
47,41191.53,462.0,0,4628.95,1,24,0.112,1875.91,7567.02,29,64.69,0.92,self_employed,home,east,32253.82,1,0
46,35343.96,658.0,4,847.27,3,24,0.024,892.49,8047.25,30,29.75,0.727,salaried,home,west,42704.79,0,0
27,31982.34,569.0,1,240.16,5,12,0.008,1412.5,8972.24,33,42.8,0.676,salaried,auto,east,40115.4,0,0
62,128295.02,810.0,5,2213.42,3,12,0.017,6861.07,54017.26,26,263.89,0.698,self_employed,home,central,74451.67,0,0
58,47876.8,734.0,26,11867.3,2,48,0.248,2918.44,24336.35,28,104.23,0.835,self_employed,business,south,53608.98,0,0
25,64959.97,789.0,25,2254.08,5,12,0.035,3640.99,11013.15,27,134.85,0.83,salaried,home,central,70014.69,0,0
43,57995.97,711.0,34,21769.47,5,12,0.375,2697.62,19330.39,28,96.34,0.583,contract,personal,east,50878.14,0,0
48,39123.0,600.0,12,9490.76,1,48,0.243,1696.35,6497.5,30,56.54,0.312,contract,personal,west,35325.79,0,0
54,47413.57,678.0,11,17830.36,2,60,0.376,1637.11,13720.34,32,51.16,0.937,self_employed,personal,north,43494.46,1,0
35,79265.46,624.0,17,4387.13,7,24,0.055,3229.75,44543.39,33,97.87,0.916,salaried,home,south,51079.64,0,0
52,31205.95,679.0,5,36966.79,2,48,1.185,1454.31,16597.59,37,39.31,0.546,self_employed,home,west,29051.96,1,0
46,73377.73,726.0,27,10240.81,4,24,0.14,1925.56,21094.91,22,87.53,0.769,salaried,home,south,58888.16,0,0
51,103292.18,701.0,27,3973.93,3,36,0.038,5265.0,24033.2,27,195.0,0.665,contract,personal,south,65218.06,0,0
39,61794.45,651.0,24,2150.47,0,36,0.035,1918.23,2076.45,25,76.73,0.694,salaried,business,east,56556.48,0,0
29,98718.74,656.0,4,18125.0,6,36,0.184,2531.1,4396.09,36,70.31,0.569,salaried,business,central,52184.09,0,0
49,29227.46,669.0,14,3445.83,5,48,0.118,728.23,256.75,23,31.66,0.587,salaried,home,south,52646.33,0,0
59,23777.16,744.0,8,408.41,5,12,0.017,812.06,3601.98,28,29.0,0.722,salaried,business,central,53378.11,0,0
24,60426.92,608.0,1,2939.79,4,36,0.049,2065.57,5422.89,27,76.5,0.282,contract,personal,north,45615.24,0,0
23,41612.04,628.0,8,1780.04,6,36,0.043,1859.24,1281.77,31,59.98,0.894,self_employed,auto,east,40386.31,0,0
49,80454.27,607.0,25,3467.41,8,48,0.043,3211.58,3819.03,25,128.46,0.707,salaried,business,west,54967.9,0,0
31,47112.81,662.0,22,8550.17,4,12,0.181,2453.68,11184.87,31,79.15,0.651,salaried,personal,central,47757.87,0,0
53,57886.33,704.0,27,6246.1,7,36,0.108,1252.18,26815.98,35,35.78,0.499,salaried,education,south,60268.5,0,0
58,56187.11,675.0,5,11167.3,7,36,0.199,1383.4,17297.0,29,47.7,0.71,salaried,personal,east,49255.2,0,0
31,56999.5,645.0,3,3655.92,3,36,0.064,1776.36,23804.89,35,50.75,0.82,contract,business,north,53942.45,1,1
47,42438.43,741.0,29,1148.54,7,24,0.027,953.01,1310.48,25,38.12,0.846,self_employed,home,east,57760.67,0,0
53,29316.58,582.0,17,1572.05,4,60,0.054,811.02,886.84,26,31.19,0.642,self_employed,home,west,35215.29,0,0
41,49087.7,523.0,29,14363.49,2,24,0.293,2510.27,26224.23,21,119.54,0.848,salaried,personal,west,38571.16,0,0
59,104038.76,677.0,26,928.17,3,48,0.009,5628.06,40581.77,29,194.07,0.937,salaried,education,west,61651.52,0,0
51,41193.15,647.0,30,14401.01,6,24,0.35,1875.28,3456.38,31,60.49,0.955,unemployed,business,central,49689.44,0,0
58,41090.98,636.0,29,2151.51,4,36,0.052,1833.6,14367.46,31,59.15,0.872,salaried,personal,south,54840.65,0,0
22,58159.32,538.0,11,10210.15,4,60,0.176,2730.76,5889.83,40,68.27,0.61,salaried,home,south,35930.08,1,0
47,31898.17,667.0,16,8781.89,2,36,0.275,1729.44,11397.18,21,82.35,0.655,contract,personal,west,47914.51,0,0
56,85098.92,803.0,33,930.87,11,48,0.011,4761.34,34313.46,30,158.71,0.95,contract,business,west,72951.11,0,0
31,33296.88,537.0,27,9865.85,1,12,0.296,1164.03,4402.36,30,38.8,0.586,salaried,home,south,35355.15,0,0
38,47563.28,637.0,3,5339.84,4,36,0.112,1816.12,537.73,27,67.26,0.679,self_employed,business,central,45088.17,0,0
21,169822.45,656.0,33,11053.22,0,24,0.065,9260.33,21447.0,36,257.23,0.453,self_employed,education,west,75657.76,0,0
55,32397.81,612.0,13,16242.17,1,36,0.501,959.36,16117.61,19,50.49,0.967,salaried,auto,south,37747.2,0,0
55,105089.41,664.0,12,362.71,4,12,0.003,6317.2,11739.14,24,263.22,0.96,salaried,auto,west,60606.35,0,0
51,57214.44,612.0,2,9396.17,5,36,0.164,3190.28,27043.02,35,91.15,0.771,salaried,auto,south,48934.8,0,0
48,60964.27,663.0,20,997.96,0,36,0.016,2389.98,1927.12,28,85.36,0.938,salaried,education,east,58427.68,0,0
59,37638.68,628.0,15,4286.01,3,48,0.114,1589.79,18753.59,26,61.15,0.528,contract,business,central,47629.04,0,0
21,77608.93,604.0,25,114.84,3,24,0.001,3031.46,1250.15,27,112.28,0.467,salaried,personal,north,54909.42,0,0
45,45951.14,643.0,5,3586.1,2,24,0.078,1395.85,5940.03,23,60.69,0.843,salaried,home,west,48536.69,0,0
63,32321.78,691.0,17,1669.97,2,24,0.052,996.56,1247.24,30,33.22,0.809,salaried,education,south,49239.98,0,0
58,104302.14,518.0,5,7312.74,4,36,0.07,3488.75,54860.8,32,109.02,0.62,contract,home,west,54895.41,1,0
40,45540.99,709.0,24,6461.97,2,24,0.142,1723.48,19833.26,30,57.45,0.802,self_employed,education,north,55515.61,0,0
23,23465.29,588.0,23,14187.27,8,12,0.605,1362.72,8098.91,28,48.67,0.5,self_employed,home,south,38947.63,0,0
22,48006.03,703.0,29,9193.89,7,60,0.192,1717.33,7632.68,37,46.41,0.681,salaried,home,north,61297.99,0,0
38,77935.07,593.0,22,11285.59,5,48,0.145,3450.22,20032.32,26,132.7,0.927,salaried,home,west,54800.11,0,0
64,72530.53,711.0,7,873.36,2,60,0.012,1778.51,37531.11,25,71.14,0.831,salaried,auto,west,51653.27,0,0
30,40603.29,646.0,8,253.42,1,36,0.006,1496.11,19610.62,28,53.43,0.819,self_employed,business,west,47447.02,0,0
25,34896.21,571.0,5,31422.52,4,48,0.9,1348.92,5187.98,31,43.51,0.979,contract,education,south,26137.61,0,0
29,29296.41,613.0,32,5012.34,2,36,0.171,1224.14,15487.62,31,39.49,0.77,self_employed,personal,west,53608.49,0,0
22,53624.24,751.0,32,4522.36,4,24,0.084,2149.08,8529.93,25,85.96,0.712,self_employed,business,south,64003.37,0,0
54,57985.49,654.0,6,320.76,5,60,0.006,2804.71,34214.88,34,82.49,0.851,salaried,personal,central,54060.41,0,0
58,74535.61,611.0,17,1139.37,1,24,0.015,4192.79,33634.7,22,190.58,0.773,salaried,personal,east,52453.64,0,0
51,50662.16,747.0,5,25392.07,3,24,0.501,2389.35,21833.07,31,77.08,0.729,salaried,home,east,45526.29,0,0
30,49991.06,723.0,20,10682.42,4,36,0.214,1848.34,17921.8,25,73.93,0.59,salaried,business,west,48129.39,0,0
32,47795.09,579.0,25,4736.68,5,24,0.099,2534.66,24679.2,26,97.49,0.941,self_employed,personal,north,49409.89,0,0
56,58030.02,633.0,14,21136.17,3,36,0.364,2863.92,3089.59,31,92.38,0.784,salaried,education,east,40798.72,1,0
41,51013.78,500.0,29,8022.03,3,60,0.157,2530.44,8552.07,28,90.37,0.459,salaried,education,north,44084.62,0,0
26,82668.12,724.0,10,12350.39,3,24,0.149,4432.49,39626.89,30,147.75,0.824,self_employed,auto,west,56313.54,0,0
23,62310.19,650.0,7,5084.36,7,36,0.082,1586.01,7222.28,22,72.09,0.753,salaried,auto,west,51005.47,0,0
30,56874.42,707.0,4,5083.23,4,48,0.089,2042.16,14158.96,25,81.69,0.687,salaried,home,central,54062.53,0,0
25,53168.45,486.0,7,637.19,2,12,0.012,1480.31,29276.58,26,56.93,0.814,unemployed,home,south,40426.71,1,0
46,35460.65,626.0,4,11917.43,3,12,0.336,1880.19,6976.04,28,67.15,0.384,self_employed,auto,north,37115.72,0,0
41,54160.46,664.0,9,939.42,2,48,0.017,2407.17,1464.63,29,83.01,0.653,salaried,personal,central,48387.21,0,0
46,40500.2,470.0,14,13005.51,5,60,0.321,2513.56,1069.73,25,100.54,0.972,salaried,home,east,32974.1,1,1
58,63319.46,706.0,2,1906.03,6,36,0.03,3109.61,22222.43,35,88.85,0.706,contract,auto,north,52677.51,0,0
64,49316.47,623.0,9,2557.6,7,12,0.052,1184.46,24845.98,38,31.17,0.901,salaried,home,north,45367.6,1,0
46,114570.04,501.0,6,22497.23,4,36,0.196,3762.22,38645.22,28,134.36,0.796,salaried,home,central,48487.18,0,0
28,30703.2,606.0,23,5740.56,5,48,0.187,1823.54,17340.57,25,72.94,0.589,self_employed,home,north,39673.63,0,0
25,15000.0,689.0,25,1204.28,6,36,0.08,925.85,791.02,30,30.86,0.738,salaried,personal,east,50547.71,0,0
35,61111.07,572.0,33,21192.63,3,24,0.347,1842.01,22965.43,25,73.68,0.815,self_employed,personal,south,53028.62,0,0
36,40560.06,646.0,7,5419.84,3,12,0.134,1679.93,10972.88,24,70.0,0.71,contract,auto,north,44599.69,0,0
21,58248.71,613.0,4,1259.06,6,48,0.022,2111.55,12136.35,34,62.1,0.745,salaried,home,east,50604.42,0,0
36,31068.91,481.0,25,4460.82,2,24,0.144,918.69,11654.64,27,34.03,0.829,self_employed,education,north,39592.66,0,0
57,127903.57,703.0,9,8009.67,2,60,0.063,4626.51,6253.35,30,154.22,0.719,salaried,auto,central,71377.91,0,0
23,45527.42,719.0,32,4049.58,6,12,0.089,1760.77,14260.53,28,62.88,0.95,self_employed,personal,west,58490.25,0,0
51,39396.19,748.0,30,23231.95,4,12,0.59,1915.32,2092.14,23,83.27,0.841,salaried,auto,south,46122.76,0,0
33,126845.04,651.0,24,2828.5,6,36,0.022,5299.02,2369.09,38,139.45,0.84,salaried,business,north,70755.23,0,0
36,79075.19,691.0,12,1740.36,7,24,0.022,4382.21,41013.08,25,175.29,0.612,salaried,home,north,60761.29,0,0
63,101243.1,513.0,0,2247.13,4,60,0.022,6084.28,41005.56,28,217.3,0.662,contract,home,central,55095.75,1,0
41,50137.3,670.0,23,787.19,6,24,0.016,1843.95,9483.17,24,76.83,0.971,contract,auto,west,53617.42,0,0
22,55332.15,623.0,26,5418.18,3,36,0.098,2308.11,1440.23,24,96.17,0.548,contract,auto,north,50633.64,0,0
47,41418.1,643.0,17,18958.28,5,36,0.458,2117.92,1749.51,33,64.18,0.743,salaried,personal,east,44372.6,0,0
58,39298.33,555.0,14,3278.99,5,12,0.083,2171.58,21643.43,41,52.97,0.719,contract,auto,south,42522.14,0,0
46,64809.49,745.0,16,2689.75,7,48,0.042,1945.7,30178.72,35,55.59,0.492,salaried,home,east,59422.03,0,0
58,45898.9,510.0,28,16347.31,4,48,0.356,2214.59,17149.34,29,76.37,0.92,salaried,home,south,36873.27,1,1
45,147173.67,673.0,4,3287.48,2,48,0.022,8089.27,85845.36,25,323.57,0.881,salaried,education,south,71476.4,0,0
31,79152.88,572.0,10,5831.71,4,36,0.074,4090.11,4390.59,28,146.08,0.62,salaried,auto,north,44136.16,1,1
28,126432.99,830.0,15,285.63,7,60,0.002,6310.57,69747.74,29,217.61,0.932,salaried,personal,central,85247.0,0,0
28,19872.54,709.0,33,3045.37,2,48,0.153,1195.81,3899.58,32,37.37,0.813,self_employed,home,central,52506.86,0,0
53,127126.69,648.0,16,1259.15,8,36,0.01,6598.13,19261.67,33,199.94,0.736,contract,personal,east,74479.93,0,0
27,18523.1,563.0,32,1006.9,3,12,0.054,763.42,8360.19,25,30.54,0.679,contract,home,south,47409.66,0,0
58,30717.57,726.0,30,5081.48,1,24,0.165,1752.66,6431.48,21,83.46,0.356,salaried,auto,central,50423.69,0,0
41,24619.86,373.0,17,2923.25,3,48,0.119,961.18,4376.35,22,43.69,0.877,self_employed,auto,east,31693.51,1,0
28,60437.93,683.0,24,1638.52,5,48,0.027,3266.34,10060.96,27,120.98,0.807,self_employed,education,north,58370.0,0,0
41,53734.54,693.0,4,6447.47,2,36,0.12,2518.21,3231.45,29,86.83,0.986,self_employed,personal,north,46556.37,1,0
40,77475.24,688.0,29,13794.12,3,24,0.178,3568.96,34110.38,38,93.92,0.968,salaried,auto,south,62921.1,0,0
28,52062.02,721.0,22,11947.45,5,24,0.229,2687.15,1292.51,24,111.96,0.647,salaried,education,central,54172.66,0,0
51,94023.04,602.0,17,2598.3,3,24,0.028,4699.0,32674.31,27,174.04,0.922,contract,home,south,65275.0,1,0
49,35606.66,697.0,31,2748.15,5,36,0.077,1533.68,6219.54,35,43.82,0.759,contract,home,south,50561.63,0,0
29,95003.9,593.0,29,11847.62,3,48,0.125,5484.34,38699.25,33,166.19,0.673,self_employed,home,south,55044.41,0,0
35,53432.09,579.0,28,7331.09,4,24,0.137,2719.95,3036.02,35,77.71,0.735,salaried,education,east,46041.53,0,0
50,156394.52,562.0,8,12207.7,4,12,0.078,7041.76,65816.25,42,167.66,0.82,salaried,auto,north,65852.13,1,0
46,80206.36,629.0,22,12.3,6,12,0.0,4023.3,1920.51,25,160.93,0.586,self_employed,auto,north,59126.98,0,0
30,47256.82,744.0,2,820.54,3,36,0.017,1661.57,582.86,25,66.46,0.633,salaried,education,south,48871.7,0,0
49,53352.02,796.0,21,14574.03,2,48,0.273,3333.4,1155.73,29,114.94,0.813,salaried,education,north,55617.16,0,0
36,34402.96,627.0,30,17141.46,2,36,0.498,1389.46,984.32,34,40.87,0.502,salaried,education,west,44763.97,1,0
56,63685.49,595.0,21,3786.67,6,24,0.059,2587.02,33812.95,35,73.91,0.513,salaried,personal,central,54002.96,0,0
40,47245.45,763.0,10,28602.81,7,12,0.605,1753.73,27718.77,28,62.63,0.631,salaried,education,north,42887.94,1,0
57,75047.44,687.0,2,3230.28,3,12,0.043,2568.83,4186.82,35,73.4,0.946,salaried,auto,south,53634.86,0,0
42,29670.26,652.0,13,19888.68,2,48,0.67,1809.07,9208.87,35,51.69,0.557,self_employed,personal,north,43669.07,0,0
27,46706.9,556.0,18,4929.1,6,12,0.106,2860.47,1371.21,23,124.37,0.639,salaried,education,west,44071.96,0,0
43,32151.54,772.0,30,7425.9,2,48,0.231,1939.72,5711.34,35,55.42,0.617,self_employed,auto,central,53189.24,0,0
61,33063.87,658.0,31,9277.04,2,48,0.281,1133.51,7950.2,17,66.68,0.8,salaried,personal,east,50562.82,0,0
60,71162.59,650.0,25,1285.57,6,48,0.018,3318.48,39286.62,35,94.81,0.886,salaried,business,central,62407.94,0,0
49,89861.77,696.0,0,340.36,6,36,0.004,2562.76,46701.25,21,122.04,0.78,self_employed,home,south,60151.8,0,0
36,18965.08,652.0,1,5008.69,4,12,0.264,965.3,1996.78,29,33.29,0.678,salaried,auto,west,37889.03,0,0
58,125222.01,775.0,5,1573.0,6,36,0.013,4029.83,2826.25,36,111.94,0.663,salaried,personal,west,70302.46,0,0
48,101909.37,736.0,13,7165.27,4,24,0.07,5036.91,36362.97,30,167.9,0.718,self_employed,home,west,62377.73,0,0
58,29554.64,602.0,27,5440.33,6,24,0.184,1498.12,2504.79,22,68.1,0.861,salaried,education,central,37375.61,0,0
51,78596.28,657.0,32,1171.98,3,36,0.015,4901.23,17612.13,28,175.04,0.887,self_employed,personal,central,65178.06,0,0
34,44042.76,600.0,24,9863.74,6,48,0.224,2360.01,15819.8,25,94.4,0.9,salaried,home,west,43635.91,0,0
53,51836.76,811.0,17,186.37,6,24,0.004,2327.02,14615.87,27,86.19,0.867,unemployed,personal,central,61834.49,0,0
29,71034.76,589.0,33,1216.02,2,24,0.017,2932.06,37021.35,34,86.24,0.75,salaried,auto,west,59217.43,0,0
47,67238.29,640.0,11,10840.68,6,24,0.161,1558.92,24522.78,42,37.12,0.836,salaried,personal,west,47297.35,0,0
44,41862.75,681.0,26,6754.23,6,60,0.161,2520.72,17133.42,43,58.62,0.672,contract,auto,south,52102.3,0,0
33,41783.03,693.0,23,2980.73,4,60,0.071,1189.26,13618.05,30,39.64,0.638,contract,business,central,57242.79,0,0
46,42907.34,707.0,32,1788.76,4,36,0.042,967.37,8541.03,26,37.21,0.725,salaried,home,west,62243.27,0,0
49,90605.7,718.0,14,9252.14,6,48,0.102,3207.6,33002.05,33,97.2,0.859,contract,auto,east,59092.06,0,0
63,23439.61,709.0,31,2071.48,1,48,0.088,712.7,14036.03,29,24.58,0.824,self_employed,personal,west,52585.74,0,0
48,50369.38,613.0,16,37566.97,7,48,0.746,2067.05,6869.27,28,73.82,0.582,contract,home,north,29678.37,0,0
48,109935.17,604.0,34,18314.43,5,60,0.167,6523.81,48346.1,25,260.95,0.888,salaried,auto,north,60642.15,0,0
28,74359.49,653.0,34,1275.71,2,60,0.017,4511.9,32196.36,17,265.41,0.807,salaried,auto,west,60827.6,0,0
43,86936.55,603.0,12,17640.7,7,36,0.203,2847.21,41084.37,26,109.51,0.666,salaried,personal,north,45990.79,0,0
49,50684.41,594.0,8,3808.67,3,60,0.075,2976.64,13876.13,28,106.31,0.564,contract,education,north,45805.72,1,0
25,32093.11,614.0,9,6059.78,5,36,0.189,1873.52,841.61,29,64.6,0.805,salaried,home,north,41180.25,1,0
62,55551.14,829.0,0,1387.01,6,24,0.025,2172.65,30241.64,22,98.76,0.776,salaried,auto,north,64666.2,0,0
27,39734.65,781.0,33,1135.91,2,24,0.029,1725.51,6738.56,23,75.02,0.878,salaried,business,north,61668.86,0,0
62,147828.62,630.0,24,18055.25,7,36,0.122,3382.13,3733.83,28,120.79,0.763,salaried,personal,east,67987.59,0,0
56,50454.16,474.0,21,8945.89,8,24,0.177,1094.83,25313.32,23,47.6,0.803,unemployed,home,east,38141.38,1,0
61,72175.54,600.0,9,5553.36,4,12,0.077,1967.12,37944.74,24,81.96,0.698,unemployed,auto,north,50168.29,0,0
47,116550.09,725.0,25,331.51,4,24,0.003,4968.94,48829.68,27,184.03,0.636,contract,personal,west,74774.85,0,0
22,33072.68,517.0,18,22955.03,4,36,0.694,1338.84,909.63,31,43.19,0.788,unemployed,home,north,30570.38,1,0
45,19421.22,701.0,3,4245.72,3,60,0.219,414.83,765.0,32,12.96,0.894,unemployed,education,central,41158.05,0,0
29,67542.09,696.0,4,4850.7,3,36,0.072,1720.56,18259.62,32,53.77,0.585,contract,education,west,50325.83,0,0
47,73515.19,651.0,28,3080.0,1,48,0.042,2816.23,10220.45,23,122.44,0.876,salaried,home,north,55376.85,0,0
21,44965.75,647.0,4,19971.65,5,36,0.444,2448.65,9714.08,20,122.43,0.577,salaried,education,central,30256.84,0,0
43,32198.85,573.0,0,3802.38,5,24,0.118,1396.79,1192.75,30,46.56,0.936,salaried,auto,west,31528.87,1,0
30,62281.43,709.0,27,1723.16,2,24,0.028,3082.5,4343.36,24,128.44,0.58,salaried,auto,central,60513.95,0,0
62,53600.52,676.0,18,6248.36,3,24,0.117,2132.85,1731.98,19,112.26,0.554,self_employed,auto,west,49682.72,0,0
45,62629.43,609.0,0,13688.42,7,48,0.219,2294.96,1423.91,26,88.27,0.791,contract,education,central,44756.68,1,0
23,32538.19,583.0,28,4177.46,4,24,0.128,1909.92,2767.43,26,73.46,0.442,self_employed,education,east,42119.99,0,0
26,62702.59,549.0,31,9501.17,5,12,0.152,3472.83,6240.83,24,144.7,0.931,self_employed,home,central,46826.68,0,0
26,78338.22,682.0,13,3264.55,4,48,0.042,2282.79,32281.83,27,84.55,0.963,self_employed,business,east,58834.19,0,0
22,27511.25,633.0,31,11449.05,6,36,0.416,1506.65,7007.48,23,65.51,0.842,salaried,personal,north,45503.59,0,1
38,104525.62,634.0,8,9943.23,3,36,0.095,3274.62,479.93,28,116.95,0.935,contract,auto,north,51976.66,1,0
43,60749.96,517.0,18,10276.16,5,48,0.169,1364.62,7865.32,30,45.49,0.717,contract,home,west,44723.37,1,0
22,79453.32,557.0,10,9343.78,6,24,0.118,4261.81,2519.24,26,163.92,0.669,salaried,auto,south,46340.76,1,0
32,30469.49,548.0,3,1529.76,2,48,0.05,829.78,11587.16,24,34.57,0.59,contract,auto,north,40530.99,0,0
42,73656.17,715.0,24,19702.58,3,36,0.267,2402.06,4358.17,22,109.18,0.713,self_employed,auto,west,53318.39,0,0
57,25846.0,665.0,16,7931.63,2,12,0.307,1364.07,829.42,27,50.52,0.861,salaried,auto,east,39806.76,0,0
40,35358.32,626.0,7,4337.04,3,48,0.123,1451.28,3146.96,32,45.35,0.548,self_employed,business,east,39450.49,1,0
59,60993.06,744.0,0,1702.32,8,24,0.028,3030.01,24128.55,30,101.0,0.694,contract,home,south,58531.56,0,0
44,47849.81,732.0,1,13774.85,5,24,0.288,1055.38,1778.32,33,31.98,0.674,self_employed,home,east,38678.39,0,0
40,54850.89,744.0,9,6402.69,1,60,0.117,1910.0,12004.32,30,63.67,0.677,salaried,personal,west,47613.24,0,0
21,128968.58,629.0,26,1434.05,3,48,0.011,4594.22,51856.31,22,208.83,0.535,contract,business,central,75887.63,0,0
21,54465.16,530.0,26,22892.84,8,12,0.42,1689.98,30460.81,31,54.52,0.236,salaried,home,west,35304.51,0,0
37,74560.47,795.0,12,1009.28,5,48,0.014,2719.18,235.41,22,123.6,0.868,salaried,business,west,57867.46,0,0
21,52572.86,695.0,10,6685.22,4,48,0.127,1894.55,7352.21,29,65.33,0.674,contract,auto,central,52114.55,0,0
50,51876.8,696.0,13,8487.9,3,24,0.164,3121.46,4600.48,25,124.86,0.56,salaried,home,east,51556.28,0,0
61,34883.86,707.0,31,62032.21,6,24,1.778,1960.94,1496.81,24,81.71,0.926,salaried,home,north,23826.52,0,1
23,63937.1,850.0,15,1366.99,6,36,0.021,3519.9,2579.6,35,100.57,0.72,salaried,home,west,63783.51,0,0
31,169560.61,641.0,28,8557.01,3,36,0.05,3555.54,12604.31,34,104.57,0.584,salaried,home,north,82023.08,0,0
44,56361.32,772.0,33,5828.67,4,24,0.103,2032.6,5556.1,27,75.28,0.486,contract,auto,west,63265.3,0,0
42,48042.74,578.0,25,2674.92,7,36,0.056,1313.3,24706.32,27,48.64,0.22,salaried,auto,south,40329.93,0,0
64,90496.21,719.0,4,25658.48,1,60,0.284,3040.02,3290.94,34,89.41,0.753,salaried,education,south,49145.32,0,0
46,85841.79,802.0,18,14082.06,8,12,0.164,2391.68,27126.07,24,99.65,0.795,contract,education,east,64975.79,0,0
33,66010.94,646.0,27,13507.58,4,60,0.205,1576.62,21469.14,31,50.86,0.891,salaried,auto,west,54399.84,0,0
21,47156.83,487.0,27,20650.31,1,48,0.438,2069.47,5464.84,31,66.76,0.756,contract,home,west,39633.9,1,0
44,90670.96,698.0,16,11620.3,8,48,0.128,4759.35,22736.96,22,216.33,0.832,salaried,business,west,59303.45,0,0
30,57206.25,632.0,18,6360.46,5,36,0.111,2364.88,2046.65,24,98.54,0.977,salaried,auto,west,49515.84,0,0
55,81731.29,722.0,26,4471.37,5,12,0.055,2679.89,24905.13,29,92.41,0.677,salaried,home,west,65053.89,0,0
44,37470.76,610.0,11,10960.62,3,36,0.293,938.47,1006.19,27,34.76,0.229,contract,education,central,44608.14,0,0
48,41605.2,850.0,2,8310.11,6,48,0.2,2358.72,7713.86,32,73.71,0.408,salaried,auto,north,49691.58,0,0
56,56590.48,659.0,3,7045.21,4,36,0.124,2685.14,1323.72,32,83.91,0.827,self_employed,auto,west,47696.36,0,0
36,31074.93,717.0,10,8003.71,4,12,0.258,843.98,12820.99,29,29.1,0.701,contract,home,west,43664.94,0,0
60,45868.99,565.0,33,9586.97,4,12,0.209,1523.24,26794.02,31,49.14,0.46,unemployed,home,east,49066.67,1,0
36,30461.15,550.0,17,31178.44,10,12,1.024,1628.99,16440.62,31,52.55,0.773,salaried,auto,east,24992.57,1,0
37,27034.29,540.0,34,12591.06,3,36,0.466,1419.82,13064.48,24,59.16,0.539,self_employed,business,west,40429.08,0,0
35,162136.96,540.0,17,1746.99,7,60,0.011,7862.75,70340.82,25,314.51,0.771,salaried,home,south,67073.94,0,0
36,41190.44,708.0,5,5659.2,3,48,0.137,1018.11,11420.09,32,31.82,0.928,salaried,personal,north,49714.1,0,0
35,42853.18,599.0,33,10205.59,2,24,0.238,2044.15,10651.91,21,97.34,0.546,salaried,education,south,47794.99,0,0
54,56167.78,542.0,32,1738.48,2,48,0.031,2598.54,2257.5,26,99.94,0.884,self_employed,auto,north,48615.63,1,0
31,33597.88,591.0,7,24288.23,6,36,0.723,1553.74,4269.51,30,51.79,0.859,contract,home,west,35668.72,1,0
21,43228.24,710.0,19,721.38,7,24,0.017,2382.51,24204.48,28,85.09,0.633,salaried,auto,west,56206.61,0,0
35,123683.87,708.0,19,8497.19,2,36,0.069,3187.61,10932.89,31,102.83,0.835,salaried,personal,central,66326.15,0,0
46,63649.38,735.0,17,33543.1,2,36,0.527,1395.78,5516.31,35,39.88,0.826,salaried,personal,east,46555.4,0,0
24,84434.96,626.0,26,11713.22,4,48,0.139,2572.04,10643.67,26,98.92,0.544,salaried,education,south,53585.09,0,0
63,109986.94,820.0,4,10178.12,5,60,0.093,2795.23,6676.8,31,90.17,0.618,self_employed,personal,east,66568.01,0,0
25,59563.14,742.0,6,53641.1,5,12,0.901,3135.58,302.6,16,195.97,0.866,salaried,home,east,32032.87,1,0
55,49042.35,550.0,21,14123.19,2,12,0.288,1181.85,531.65,31,38.12,0.88,unemployed,home,west,45994.4,1,0
33,28417.64,719.0,33,31647.48,5,12,1.114,1022.25,5966.69,31,32.98,0.82,contract,auto,central,39115.16,0,0
30,45601.59,652.0,12,10802.58,7,24,0.237,2657.18,15949.57,27,98.41,0.907,salaried,auto,north,48841.66,0,0
31,50356.15,636.0,31,9854.96,8,60,0.196,2932.04,16781.83,30,97.73,0.697,contract,home,east,48761.13,0,0
38,37673.98,651.0,23,12940.85,0,60,0.343,1347.17,237.26,37,36.41,0.514,self_employed,personal,central,48141.53,0,0
54,108591.83,593.0,15,1882.66,4,36,0.017,4999.38,46185.0,38,131.56,0.441,salaried,education,north,61198.96,0,0
59,88968.05,736.0,13,14749.11,6,36,0.166,2583.41,16892.86,20,129.17,0.8,contract,home,east,65242.34,1,0
61,84414.46,601.0,6,31601.22,3,24,0.374,2030.92,21908.57,34,59.73,0.476,salaried,auto,east,37497.84,1,0
62,51416.21,602.0,11,8512.48,4,12,0.166,2709.23,11984.89,22,123.15,0.704,salaried,home,north,43911.65,0,0
43,34034.69,715.0,19,111.89,6,24,0.003,719.36,10458.38,28,25.69,0.884,salaried,home,central,54901.83,0,0
27,98479.2,834.0,32,673.41,7,12,0.007,5452.64,3843.51,30,181.75,0.511,salaried,home,east,71354.8,0,0
59,63001.42,608.0,5,2407.47,3,12,0.038,2196.52,8325.79,24,91.52,0.906,salaried,education,south,48353.3,0,0
23,76717.65,544.0,26,6079.49,4,48,0.079,2021.18,837.56,30,67.37,0.477,salaried,home,north,51410.83,0,0
32,71586.47,747.0,12,4806.17,2,12,0.067,2999.71,34768.71,28,107.13,0.604,contract,personal,north,65190.52,0,0
27,62304.08,667.0,4,34860.41,4,48,0.56,3822.9,21317.99,31,123.32,0.928,salaried,auto,east,32339.26,1,0
46,133229.32,693.0,23,26200.48,3,60,0.197,6859.73,61442.22,40,171.49,0.604,self_employed,home,west,63180.73,0,0
53,40302.66,653.0,9,4488.92,6,12,0.111,2116.05,17317.2,28,75.57,0.846,salaried,business,north,43587.35,0,0
57,47144.93,700.0,31,14232.75,2,24,0.302,1781.72,826.0,27,65.99,0.706,contract,home,north,49378.81,0,0
35,113382.39,681.0,8,9104.4,3,24,0.08,4488.23,3583.85,30,149.61,0.746,contract,auto,south,60100.27,1,0
22,56214.42,606.0,34,2507.14,2,12,0.045,3147.11,5853.13,28,112.4,0.874,salaried,personal,east,55235.91,0,0
61,51191.56,710.0,11,24085.99,7,60,0.47,1245.84,24212.5,25,49.83,0.737,self_employed,business,central,49258.26,0,0
27,48346.39,693.0,10,2704.08,7,48,0.056,1117.64,671.03,26,42.99,0.859,contract,personal,north,51700.58,0,0
52,73547.46,618.0,7,18385.79,3,24,0.25,3644.59,43480.1,27,134.98,0.884,salaried,home,west,49040.89,0,0
24,48865.25,635.0,9,9136.07,4,48,0.187,1573.02,28552.28,32,49.16,0.633,salaried,education,south,43543.82,0,0
40,46457.86,583.0,13,8734.99,3,36,0.188,2902.28,539.52,28,103.65,0.675,salaried,personal,east,42263.0,0,0
56,73003.82,689.0,29,16404.24,2,36,0.225,4545.59,1766.64,22,206.62,0.968,contract,home,south,51104.8,0,0
52,56498.29,690.0,0,6136.49,4,36,0.109,2690.14,4965.49,27,99.63,0.512,salaried,auto,north,43615.63,0,0
48,34397.83,647.0,11,17278.83,4,48,0.502,1380.03,8841.61,19,72.63,0.421,salaried,personal,central,47897.32,1,0
33,54962.55,553.0,4,7191.14,9,48,0.131,1162.96,25956.11,22,52.86,0.827,contract,home,west,39355.24,1,0
21,101472.1,478.0,13,37588.5,4,48,0.37,4658.9,51818.49,34,137.03,0.612,contract,business,west,40115.84,1,0
55,76449.66,630.0,16,9707.44,2,48,0.127,1877.61,22922.98,19,98.82,0.547,salaried,home,west,54302.56,0,0
50,107268.56,670.0,21,4216.52,3,36,0.039,6275.44,5640.64,23,272.85,0.754,contract,personal,east,64211.01,0,0
56,38984.33,705.0,30,12971.09,4,24,0.333,998.42,2077.54,21,47.54,0.641,salaried,education,central,47574.49,0,0
45,87693.53,746.0,25,6418.26,4,24,0.073,2189.8,32450.22,26,84.22,0.877,salaried,home,east,63069.94,0,0
36,40463.98,620.0,12,14760.23,8,12,0.365,2057.03,8854.74,26,79.12,0.421,salaried,business,central,39111.66,0,0
39,31114.31,516.0,2,16132.82,3,24,0.518,846.44,1406.42,26,32.56,0.893,salaried,auto,north,31687.3,1,0
21,37745.49,606.0,10,8635.44,3,36,0.229,1708.12,15430.87,27,63.26,0.355,self_employed,business,east,36161.71,0,0
25,57476.68,836.0,4,18514.78,3,60,0.322,3102.92,16746.9,23,134.91,0.94,salaried,education,central,50270.65,0,0
42,86040.91,790.0,3,4648.98,2,12,0.054,1800.58,40148.93,23,78.29,0.525,salaried,personal,east,61784.51,0,0
44,62298.15,686.0,31,531.8,2,36,0.009,1693.47,30817.08,32,52.92,0.682,contract,auto,central,57454.01,0,0
63,50565.42,613.0,9,9779.66,1,48,0.193,1428.66,20069.68,37,38.61,0.902,contract,home,south,41782.47,0,0
57,34047.26,642.0,9,13012.56,4,48,0.382,1495.33,989.36,32,46.73,0.483,salaried,auto,east,39521.1,0,0
56,74413.98,796.0,17,680.29,5,24,0.009,4025.74,2158.84,31,129.86,0.774,self_employed,auto,west,71894.98,0,0
56,83585.91,668.0,22,13262.75,4,24,0.159,4737.71,22839.66,27,175.47,0.945,salaried,auto,east,54632.24,0,0
24,61958.97,618.0,17,9173.93,5,36,0.148,1452.95,33361.07,29,50.1,0.432,unemployed,personal,central,51024.26,0,0
56,33740.58,763.0,34,1113.87,2,60,0.033,1417.77,10661.36,27,52.51,0.939,contract,home,east,61663.9,0,0
38,77957.5,484.0,2,6987.59,3,48,0.09,4448.93,1850.82,21,211.85,0.671,salaried,home,central,39354.35,1,0
36,94113.82,565.0,0,1036.09,0,24,0.011,2239.6,1895.86,24,93.32,0.652,salaried,business,north,48493.22,0,0
61,107996.88,582.0,16,3492.41,5,36,0.032,2366.63,39526.0,26,91.02,0.573,salaried,home,east,62282.9,0,0
38,44490.74,735.0,5,14666.07,5,24,0.33,1014.05,272.78,42,24.14,0.598,self_employed,auto,north,43883.79,0,0
42,65929.23,602.0,10,956.14,6,36,0.015,3932.22,34799.48,31,126.85,0.6,salaried,home,north,53424.53,0,0
22,42593.66,499.0,13,5535.48,3,36,0.13,1595.84,16176.78,32,49.87,0.801,salaried,home,central,39715.35,0,0
41,35772.59,591.0,27,8376.09,6,36,0.234,835.06,5740.13,29,28.8,0.899,self_employed,auto,north,42825.18,0,0
56,110463.66,610.0,10,25397.74,4,36,0.23,6885.7,20500.62,23,299.38,0.759,self_employed,education,east,48566.49,0,0
64,69846.5,644.0,3,12029.5,4,12,0.172,4232.49,37996.72,29,145.95,0.624,contract,auto,south,45837.83,0,0
59,96929.23,661.0,5,1349.53,5,60,0.014,3707.02,3790.26,21,176.52,0.732,salaried,business,west,56072.68,0,0
59,31220.45,732.0,18,31225.83,5,60,1.0,784.68,610.57,28,28.02,0.922,self_employed,home,east,31042.16,0,0
49,61684.54,623.0,30,5850.06,3,36,0.095,3195.88,11744.38,22,145.27,0.62,salaried,home,west,51218.28,0,0
46,68100.14,600.0,1,4154.28,7,24,0.061,1588.91,30818.18,29,54.79,0.427,contract,business,central,54962.95,0,0
41,37254.19,654.0,24,1240.04,7,36,0.033,1750.53,5140.36,36,48.63,0.605,self_employed,business,north,46847.62,0,0
37,105823.44,671.0,10,24392.58,5,24,0.231,5562.92,6152.85,30,185.43,0.712,salaried,personal,north,47961.58,1,0
36,48509.55,599.0,20,7941.48,5,36,0.164,1440.13,11919.7,28,51.43,0.861,self_employed,education,west,40754.54,0,0
51,66445.4,505.0,2,39796.29,3,24,0.599,3996.2,29029.5,32,124.88,0.483,salaried,auto,east,29340.07,1,0
29,42293.29,608.0,1,1718.98,4,36,0.041,2635.91,2304.71,27,97.63,0.819,contract,auto,north,36868.29,1,0
51,31650.73,719.0,10,7103.66,2,12,0.224,1132.57,3784.64,27,41.95,0.378,self_employed,education,central,50131.88,0,0
34,81705.54,643.0,23,1047.65,2,60,0.013,4982.92,31597.44,35,142.37,0.908,self_employed,education,west,63264.02,0,1
57,64252.89,756.0,23,6686.25,6,36,0.104,1958.82,27621.2,29,67.55,0.65,contract,business,west,63468.2,0,0
22,60280.46,693.0,20,19848.46,1,60,0.329,3270.35,1281.41,30,109.01,0.735,salaried,home,central,53481.21,0,0
34,47802.06,605.0,24,1041.94,1,48,0.022,2471.48,26920.02,31,79.73,0.591,salaried,personal,north,52147.0,0,0
53,63470.04,775.0,3,2828.07,4,36,0.045,1431.6,15234.72,33,43.38,0.549,self_employed,home,west,58859.98,1,0
55,95779.78,576.0,22,10322.72,3,48,0.108,3029.98,22004.34,22,137.73,0.558,salaried,education,south,56766.16,0,1
59,39826.42,508.0,23,714.19,4,36,0.018,1468.03,20163.79,27,54.37,0.323,salaried,education,east,45655.25,0,0
40,69711.65,679.0,20,5445.98,6,60,0.078,1494.82,582.41,29,51.55,0.674,self_employed,personal,east,54427.64,0,0
22,59344.85,583.0,1,3645.52,3,48,0.061,3579.38,9182.85,31,115.46,0.56,salaried,auto,west,41085.13,0,0
61,49861.95,645.0,22,16389.67,4,12,0.329,1480.51,25693.47,27,54.83,0.937,unemployed,personal,central,49517.88,1,0
39,25835.36,559.0,14,452.89,5,60,0.018,1534.2,8960.14,39,39.34,0.724,salaried,education,east,34496.08,0,0
57,53884.78,650.0,25,17915.99,6,36,0.332,2110.28,20306.27,30,70.34,0.634,salaried,auto,north,50487.42,0,0
38,73328.88,691.0,25,10945.38,3,36,0.149,1916.94,1446.1,38,50.45,0.54,salaried,home,west,53330.35,0,0
36,62679.37,704.0,27,3174.03,4,48,0.051,2424.22,2067.63,29,83.59,0.895,self_employed,personal,central,51557.77,0,0
24,28356.08,553.0,25,1983.22,4,24,0.07,1315.13,14379.48,29,45.35,0.679,self_employed,auto,central,43154.89,0,0
32,94956.56,535.0,1,26993.39,7,60,0.284,3856.23,5600.04,26,148.32,0.755,salaried,business,central,35289.82,1,0
49,113727.9,684.0,34,7265.07,8,24,0.064,3875.55,27890.29,33,117.44,0.964,salaried,business,central,72687.99,0,0
27,51571.59,618.0,31,3805.03,2,24,0.074,2824.52,582.86,26,108.64,0.344,salaried,personal,central,54885.92,0,0
34,153274.29,603.0,29,409.39,8,48,0.003,9298.22,3519.49,27,344.38,0.757,contract,home,south,74844.24,0,1
32,37298.28,640.0,19,1631.37,7,36,0.044,925.09,824.5,31,29.84,0.326,salaried,auto,west,48704.61,0,0
55,30563.31,636.0,12,8205.42,7,48,0.268,1336.32,6897.49,32,41.76,0.626,unemployed,personal,east,47899.46,1,0
25,34314.74,682.0,26,6477.45,6,24,0.189,1170.04,5749.96,20,58.5,0.794,salaried,home,east,50884.38,0,0
37,60494.79,691.0,22,12754.87,2,48,0.211,3142.65,20369.86,37,84.94,0.66,self_employed,home,central,52510.58,0,0
62,24336.76,734.0,15,16207.43,5,24,0.666,1150.74,14166.08,28,41.1,0.843,salaried,home,south,46869.87,0,0
52,47102.87,628.0,30,4555.15,5,48,0.097,1035.64,2390.88,27,38.36,0.973,salaried,personal,central,49144.08,0,1
30,202916.05,735.0,11,957.55,6,24,0.005,9597.47,7142.79,34,282.28,0.852,salaried,personal,central,85135.77,0,0
63,27536.81,700.0,32,14111.63,3,24,0.512,1404.76,15816.17,40,35.12,0.791,salaried,home,east,54988.17,0,0
37,42353.26,724.0,31,7261.68,5,36,0.171,2242.32,11192.68,25,89.69,0.818,salaried,education,east,47866.98,0,0
25,33988.22,556.0,1,35115.04,2,60,1.033,1969.83,11431.2,26,75.76,0.591,self_employed,home,east,26814.23,1,0
62,47659.26,641.0,22,14322.17,4,48,0.301,2870.12,3958.94,32,89.69,0.494,salaried,auto,east,43949.92,0,1
29,46320.01,811.0,31,3591.85,4,24,0.078,1479.98,16878.42,26,56.92,0.914,salaried,business,south,64208.29,0,0
53,40082.59,533.0,14,5035.26,3,36,0.126,1939.74,9791.71,28,69.28,0.33,self_employed,auto,south,39983.16,1,0
56,50496.68,802.0,7,2417.69,4,24,0.048,2223.79,22306.19,23,96.69,0.471,self_employed,auto,south,54189.37,0,0
56,72037.53,799.0,21,6456.93,3,60,0.09,3966.13,22331.94,27,146.89,0.749,contract,personal,south,60598.44,0,0
38,101053.53,712.0,33,11163.4,2,24,0.11,2265.68,8308.05,27,83.91,0.677,salaried,education,central,65874.96,0,1
29,47667.66,536.0,0,8532.09,2,60,0.179,1806.79,532.86,24,75.28,0.632,salaried,personal,west,36318.36,0,0
49,54317.59,632.0,9,3768.09,6,48,0.069,1907.01,28909.15,27,70.63,0.673,salaried,home,south,45838.68,0,0
34,66733.68,717.0,15,15599.71,5,12,0.234,3205.62,24500.46,26,123.29,0.694,salaried,home,east,50539.7,0,0
45,31066.95,537.0,23,998.97,1,24,0.032,1188.31,1885.29,24,49.51,0.986,contract,home,east,44217.99,0,0
35,50579.77,707.0,23,1384.18,3,48,0.027,1883.39,9974.77,30,62.78,0.506,salaried,auto,west,55060.48,0,0
26,43153.18,659.0,13,4660.04,2,48,0.108,1574.17,19810.06,16,98.39,0.754,self_employed,home,east,45095.91,0,0
62,83147.37,602.0,25,10903.31,5,24,0.131,4593.08,29616.34,37,124.14,0.844,self_employed,education,west,48341.36,0,0
49,119171.8,555.0,17,10662.99,4,36,0.089,4882.92,6311.21,34,143.62,0.536,unemployed,auto,west,50943.5,1,0
35,38189.73,774.0,19,4108.79,6,36,0.108,1431.33,7120.42,26,55.05,0.872,self_employed,business,east,53545.07,0,0
49,96374.37,716.0,23,10734.56,8,12,0.111,5484.51,50714.96,21,261.17,0.407,self_employed,auto,north,63974.61,0,0
24,28105.83,636.0,25,562.49,5,24,0.02,587.65,748.18,22,26.71,0.804,salaried,home,south,48925.32,0,0
38,59296.36,653.0,28,3082.69,2,60,0.052,2022.89,34567.09,20,101.14,0.744,contract,education,south,58300.37,0,0
64,60900.62,627.0,21,10650.87,2,60,0.175,2978.65,31154.73,29,102.71,0.715,salaried,auto,west,53294.88,0,0
59,27784.64,496.0,10,1830.52,4,36,0.066,699.86,15409.18,34,20.58,0.864,salaried,home,east,34218.52,0,0
36,37317.14,760.0,10,2152.45,5,36,0.058,1678.54,18837.02,31,54.15,0.458,salaried,auto,east,53980.99,0,0
31,35718.56,669.0,2,818.02,6,48,0.023,1412.66,16130.13,27,52.32,0.238,salaried,auto,west,47150.23,0,0
34,30027.54,731.0,20,4079.68,3,24,0.136,1462.68,14508.59,32,45.71,0.902,salaried,auto,central,45374.79,0,0
23,16320.9,611.0,10,15682.98,4,12,0.961,700.97,5609.5,27,25.96,0.812,self_employed,auto,south,25280.92,0,0
62,49352.21,658.0,7,16290.73,8,48,0.33,1428.61,12193.59,26,54.95,0.804,self_employed,home,central,36481.15,0,1
58,52101.64,677.0,30,17848.19,5,24,0.343,1373.6,1332.5,24,57.23,0.77,salaried,education,central,45494.55,0,0
62,51917.88,738.0,9,336.55,2,36,0.006,1744.58,13942.82,30,58.15,0.757,salaried,auto,north,56570.36,0,0
38,76463.42,802.0,5,45307.95,6,36,0.593,4596.23,23921.73,27,170.23,0.821,salaried,home,west,43479.36,0,0
40,22651.38,620.0,16,6285.99,4,12,0.277,670.16,9356.27,29,23.11,0.822,salaried,business,central,43315.22,0,0
45,45639.44,620.0,6,18552.79,4,36,0.406,1827.94,10604.89,38,48.1,0.851,salaried,personal,south,36822.73,0,0
58,171440.24,629.0,31,21195.77,2,24,0.124,10358.61,7121.2,28,369.95,0.915,salaried,home,north,72043.44,0,0
33,80744.1,599.0,12,6503.15,5,12,0.081,2361.82,17367.5,33,71.57,0.45,contract,personal,central,46057.54,0,0
24,80951.76,850.0,5,471.97,6,36,0.006,2511.45,28483.86,31,81.01,0.685,salaried,auto,east,66237.1,0,0
34,34287.38,507.0,2,8189.87,4,36,0.239,1397.48,1379.12,31,45.08,0.319,salaried,education,west,31141.04,1,0
53,49604.82,850.0,26,3659.45,5,24,0.074,1250.54,12268.32,33,37.9,0.548,self_employed,home,west,59712.06,0,0
48,19246.08,704.0,25,2084.74,5,24,0.108,465.21,6456.73,22,21.15,0.746,contract,home,north,48910.75,0,0
57,70506.98,643.0,3,1813.55,5,36,0.026,2357.6,207.78,32,73.68,0.628,salaried,business,east,48733.74,0,0
28,101735.8,579.0,20,7373.79,0,36,0.072,2725.46,30122.17,28,97.34,0.951,unemployed,business,west,56958.17,1,0
64,28214.49,647.0,27,993.1,2,60,0.035,1089.37,14004.47,28,38.91,0.775,contract,education,central,48671.08,0,0
54,32160.75,602.0,17,15515.79,4,36,0.482,815.32,6219.44,29,28.11,0.806,salaried,home,south,37007.97,1,0
64,53401.14,767.0,31,2320.7,4,60,0.043,2419.57,929.92,28,86.41,0.89,contract,personal,central,55589.2,0,0
25,58045.49,704.0,32,7172.4,4,60,0.124,2400.75,2716.53,26,92.34,0.575,self_employed,auto,north,50784.56,0,0
25,42456.0,792.0,25,1206.52,6,36,0.028,1932.66,8746.77,20,96.63,0.753,self_employed,education,central,57439.99,0,0
51,37537.05,625.0,16,17671.21,5,36,0.471,2191.02,9220.79,33,66.39,0.774,self_employed,education,north,39367.4,0,0
29,37718.43,662.0,28,10601.45,2,12,0.281,1328.34,18721.63,27,49.2,0.7,salaried,home,central,50676.11,0,0
62,52994.11,642.0,19,2081.96,6,24,0.039,1696.67,3035.77,26,65.26,0.933,unemployed,home,east,50004.81,0,0
52,70527.76,618.0,29,11320.82,5,60,0.161,3156.82,39650.56,24,131.53,0.688,salaried,auto,west,58557.62,0,0
53,52987.64,563.0,4,778.85,5,48,0.015,1649.25,7129.24,29,56.87,0.645,salaried,home,south,46787.97,0,0
23,50757.42,711.0,5,13314.24,3,36,0.262,1198.14,737.67,31,38.65,0.701,contract,home,north,49544.67,0,0
50,24546.77,679.0,9,6066.22,4,36,0.247,571.48,11506.72,24,23.81,0.798,self_employed,home,east,41027.98,1,0
32,80031.57,646.0,5,1152.38,2,36,0.014,1888.21,723.65,24,78.68,0.674,salaried,auto,west,51550.35,0,0
49,52937.88,693.0,9,7196.14,3,36,0.136,1626.59,5381.91,27,60.24,0.522,salaried,business,west,51151.37,0,0
23,44512.18,615.0,20,2018.04,5,24,0.045,2280.87,3249.7,26,87.73,0.868,contract,personal,east,43161.09,0,0
46,60767.61,651.0,3,10053.9,2,48,0.165,1655.83,22537.99,24,68.99,0.757,self_employed,home,central,34729.98,0,0
50,37059.71,723.0,12,11098.13,1,36,0.299,1170.11,18833.16,21,55.72,0.273,salaried,personal,central,41968.51,0,0
29,44930.1,735.0,9,12875.6,4,48,0.287,2545.67,5589.64,29,87.78,0.662,unemployed,home,north,44505.98,0,0
46,56863.81,780.0,15,20273.06,5,24,0.357,2219.73,14166.05,38,58.41,0.858,salaried,personal,west,45602.2,0,0
22,39920.7,556.0,18,9576.32,3,36,0.24,900.41,16545.09,30,30.01,0.578,salaried,auto,south,44574.6,0,0
23,25833.98,568.0,5,6091.37,1,48,0.236,804.52,5089.2,23,34.98,0.345,salaried,personal,north,36104.84,0,0
24,24009.08,552.0,25,17331.26,1,36,0.722,801.36,318.63,29,27.63,0.81,salaried,education,south,36138.86,0,0
45,66209.54,595.0,8,20709.24,3,36,0.313,1890.09,36125.06,32,59.07,0.752,salaried,personal,west,42489.63,1,0
33,53423.24,622.0,9,13699.17,3,24,0.256,3265.35,2283.98,23,141.97,0.887,salaried,auto,north,42268.76,0,0
59,52579.87,687.0,2,25692.5,3,36,0.489,1986.01,2926.9,35,56.74,0.568,salaried,home,south,41467.01,1,0
64,32118.54,749.0,18,34957.02,3,24,1.088,1198.56,1519.36,23,52.11,0.312,salaried,education,north,43549.66,0,0
55,53677.69,617.0,34,2604.89,2,24,0.049,3304.87,11904.65,28,118.03,0.585,contract,home,central,50425.15,0,0
43,45242.65,699.0,5,1826.7,4,48,0.04,1977.37,157.28,23,85.97,0.682,contract,personal,north,53913.5,0,0
29,41355.97,759.0,28,5357.53,7,12,0.13,1003.77,1203.04,25,40.15,0.718,contract,auto,central,57586.88,0,0
22,52377.23,611.0,18,52065.09,4,24,0.994,2059.07,12203.03,36,57.2,0.811,self_employed,home,north,28325.66,1,0
61,61907.33,626.0,14,833.71,3,48,0.013,2977.6,1937.33,36,82.71,0.766,contract,home,north,50300.18,0,0
64,119068.75,656.0,20,11202.97,3,48,0.094,5309.55,323.07,32,165.92,0.894,salaried,auto,central,67434.79,0,0
51,69869.33,508.0,22,17124.36,7,24,0.245,3916.1,23014.48,17,230.36,0.854,self_employed,home,west,46209.61,0,0
64,79690.3,693.0,19,50761.3,4,24,0.637,4857.24,20684.08,30,161.91,0.586,salaried,home,south,37637.47,1,0
22,89062.6,548.0,1,8701.45,4,48,0.098,2073.47,36923.85,21,98.74,0.743,salaried,personal,south,47092.42,1,0
52,38414.48,717.0,31,4303.69,7,48,0.112,1208.9,6764.79,20,60.45,0.849,salaried,auto,south,61912.23,0,0
38,46891.98,613.0,27,1639.03,2,36,0.035,2734.77,23210.25,17,160.87,0.543,salaried,personal,north,54774.84,0,0
33,36054.62,607.0,3,36038.27,3,36,1.0,2061.27,20165.5,34,60.63,0.672,salaried,education,north,29484.31,1,0
25,39862.05,567.0,6,23217.3,1,48,0.582,857.22,4625.43,22,38.96,0.729,self_employed,auto,west,32386.88,1,0
62,44680.43,696.0,2,14690.62,1,24,0.329,2006.23,17647.29,26,77.16,0.728,self_employed,home,central,35774.67,0,0
64,39436.82,695.0,24,25905.49,6,36,0.657,1346.63,1528.08,28,48.09,0.89,salaried,home,east,47799.38,0,0
30,59924.82,611.0,8,565.06,1,60,0.009,2573.14,1302.18,38,67.71,0.612,self_employed,education,north,45379.26,0,0
63,65826.61,803.0,22,8984.66,5,24,0.136,1974.74,5658.56,28,70.53,0.907,salaried,business,east,61460.02,0,0
45,30098.66,653.0,22,2891.72,5,24,0.096,1512.14,12276.1,24,63.01,0.64,self_employed,personal,north,52597.13,0,0
54,47078.1,649.0,25,13056.23,5,12,0.277,1630.78,1337.95,25,65.23,0.956,salaried,home,east,47614.96,1,0
57,47310.65,655.0,17,905.51,2,24,0.019,2251.38,6194.07,24,93.81,0.86,self_employed,personal,south,51886.93,0,0
50,27928.9,592.0,23,2694.39,5,36,0.096,669.49,148.59,36,18.6,0.737,self_employed,home,south,44867.66,0,0
27,38377.8,566.0,26,17089.22,5,24,0.445,2339.27,21825.83,21,111.39,0.964,salaried,home,south,39208.77,0,0
26,80262.16,618.0,1,12456.76,4,36,0.155,2519.41,20635.96,30,83.98,0.755,salaried,personal,west,48073.02,1,0
23,79798.49,704.0,0,43479.64,2,36,0.545,3017.98,3624.95,30,100.6,0.706,salaried,personal,west,35759.57,0,0
33,26026.34,493.0,15,9295.01,4,36,0.357,955.3,2581.64,26,36.74,0.645,salaried,auto,east,41341.52,1,0
23,67000.68,523.0,23,3249.7,2,60,0.049,3059.6,25596.18,28,109.27,0.853,salaried,personal,south,41823.98,1,0
46,27955.54,598.0,10,7144.34,4,24,0.256,705.99,965.01,34,20.76,0.515,self_employed,home,north,41522.1,0,0
44,45221.73,498.0,25,25936.24,3,36,0.574,1571.07,1198.22,30,52.37,0.723,contract,business,west,27859.46,0,0
26,51854.98,530.0,5,9493.86,8,36,0.183,2983.18,842.0,26,114.74,0.752,self_employed,auto,north,40134.44,1,0
63,76019.79,719.0,25,19195.5,4,36,0.253,2843.66,16307.89,21,135.41,0.599,salaried,education,west,60698.67,1,0
62,50082.92,613.0,28,208.38,4,36,0.004,1539.23,19132.58,30,51.31,0.703,self_employed,education,west,49801.85,0,0
32,34329.55,578.0,0,4151.91,5,48,0.121,2006.97,7751.64,24,83.62,0.709,salaried,personal,south,39614.51,0,0
56,31800.15,662.0,8,24642.95,3,36,0.775,1436.38,5195.51,27,53.2,0.472,salaried,personal,west,32072.58,1,1
22,58430.59,660.0,26,360.74,4,48,0.006,2230.94,25388.19,30,74.36,0.676,self_employed,home,south,56163.86,0,0
31,40732.85,749.0,6,6588.89,6,48,0.162,2440.75,13619.03,24,101.7,0.681,salaried,business,west,46502.8,0,0
59,45075.22,499.0,2,3829.12,4,24,0.085,2250.39,17301.45,25,90.02,0.828,salaried,home,east,35985.37,0,0
54,83843.65,571.0,8,9351.32,2,60,0.112,4085.89,2027.21,30,136.2,0.385,salaried,home,south,42588.68,0,0
46,65887.5,599.0,1,1593.03,5,48,0.024,2271.96,11084.37,24,94.66,0.827,contract,personal,north,47232.43,0,0
38,110647.32,683.0,9,9533.67,7,12,0.086,4885.71,18234.68,25,195.43,0.673,salaried,home,central,58581.35,0,0
41,34262.65,850.0,16,43278.29,5,48,1.263,1384.2,20404.31,36,38.45,0.798,self_employed,auto,south,39093.02,0,0
56,39374.11,700.0,30,2846.76,4,24,0.072,1475.13,1599.69,34,43.39,0.73,salaried,business,north,57207.41,0,0
60,58844.83,627.0,0,5569.51,4,36,0.095,1242.04,4588.24,29,42.83,0.735,self_employed,auto,east,45274.32,0,0
64,122818.0,547.0,17,271.34,5,24,0.002,4063.27,48279.54,35,116.09,0.889,salaried,auto,west,63391.08,0,0
42,37885.0,536.0,5,5123.23,3,36,0.135,2335.32,3026.33,24,97.3,0.77,salaried,home,west,36983.46,1,0
50,55120.93,727.0,3,4687.77,8,48,0.085,2940.53,1068.02,16,183.78,0.569,salaried,business,east,44543.15,0,0
63,98179.58,582.0,3,7485.63,3,48,0.076,4560.95,50110.13,25,182.44,0.505,salaried,education,central,53906.03,0,1
50,55407.18,620.0,34,2670.75,3,48,0.048,2116.67,3049.21,28,75.6,0.758,self_employed,home,south,57601.26,0,0
28,85733.74,791.0,3,3586.24,5,48,0.042,2060.88,44479.58,25,82.44,0.855,self_employed,home,north,63807.8,0,0
54,130727.49,504.0,0,8472.09,6,36,0.065,6043.17,44648.13,27,223.82,0.523,contract,personal,west,51566.13,0,0
29,61870.93,673.0,30,21520.27,3,48,0.348,1991.12,17497.47,30,66.37,0.778,salaried,home,west,48069.69,0,0
40,66590.44,573.0,18,2413.25,4,36,0.036,2985.89,10821.45,34,87.82,0.96,unemployed,education,north,46982.99,0,0
60,75684.24,789.0,20,10183.7,3,24,0.135,4563.09,36549.35,27,169.0,0.71,self_employed,auto,south,67126.49,0,0
45,36063.37,570.0,29,6678.83,7,48,0.185,1932.38,13748.24,22,87.84,0.783,self_employed,personal,north,50454.78,0,0
39,27814.01,707.0,6,994.45,2,36,0.036,1692.66,9098.33,27,62.69,0.782,salaried,home,east,46257.32,0,0
25,58180.39,496.0,4,7500.65,5,36,0.129,3242.88,9903.07,29,111.82,0.948,salaried,auto,west,36566.75,1,0
31,40892.08,782.0,1,11103.95,6,36,0.272,1001.21,8177.41,19,52.7,0.823,self_employed,auto,central,46771.42,0,0
35,87006.77,728.0,2,8207.41,0,12,0.094,2163.88,14113.26,33,65.57,0.712,salaried,home,east,57909.53,0,0
28,62407.06,603.0,14,992.5,4,24,0.016,3061.0,2433.52,27,113.37,0.634,self_employed,education,west,48068.72,0,0
39,86345.77,683.0,9,17350.66,4,24,0.201,4160.37,32348.59,22,189.11,0.729,self_employed,personal,east,54082.36,0,0
43,31547.76,731.0,8,376.81,5,48,0.012,1156.61,3766.67,27,42.84,0.218,salaried,education,central,46513.94,0,0
47,85024.22,663.0,22,2422.74,7,36,0.028,1961.28,18069.94,38,51.61,0.37,salaried,home,south,67295.25,0,0
60,19255.63,617.0,13,8607.21,1,60,0.447,973.83,57.52,29,33.58,0.475,contract,home,north,36922.4,0,0
52,32734.19,642.0,32,2213.25,6,48,0.068,825.08,4028.83,28,29.47,0.255,contract,business,west,46354.3,0,0
46,72006.19,659.0,15,966.25,5,24,0.013,3406.52,2351.76,23,148.11,0.669,unemployed,personal,south,54200.15,0,0
47,43210.87,655.0,19,6455.45,3,24,0.149,986.82,10325.84,27,36.55,0.623,contract,auto,south,53637.53,1,0
39,45123.76,687.0,7,11536.12,7,24,0.256,1282.06,16271.74,32,40.06,0.386,salaried,personal,west,48140.63,0,0
62,56854.77,563.0,33,4760.22,1,48,0.084,2502.83,15025.69,35,71.51,0.787,self_employed,auto,south,53698.95,1,0
49,102732.08,595.0,30,10789.7,6,48,0.105,4696.93,7632.54,23,204.21,0.936,salaried,business,east,57921.46,0,0
59,22815.69,617.0,7,17737.17,5,60,0.777,1114.19,9277.53,25,44.57,0.955,self_employed,business,east,31508.04,0,0
61,95027.14,690.0,24,28703.12,4,36,0.302,2418.12,53974.49,21,115.15,0.49,self_employed,education,north,56101.48,1,0
53,97573.09,520.0,12,2390.53,1,24,0.024,3840.29,17425.43,32,120.01,0.568,self_employed,home,central,52128.22,1,0
39,43175.65,663.0,17,8368.06,3,48,0.194,1140.26,6061.93,30,38.01,0.47,salaried,business,central,43766.01,0,0
57,39628.42,716.0,33,2793.94,2,24,0.071,2371.67,20054.96,29,81.78,0.547,salaried,education,south,56971.27,0,0
39,51375.32,654.0,16,18425.8,6,24,0.359,2856.36,9102.58,36,79.34,0.801,salaried,personal,central,43432.82,1,0
53,39250.63,656.0,11,19889.06,5,12,0.507,1741.37,9388.44,29,60.05,0.918,salaried,auto,south,43635.34,0,1
36,63268.92,624.0,15,3499.61,3,36,0.055,2453.61,9418.76,32,76.68,0.706,self_employed,business,south,48754.11,0,0
43,67087.67,655.0,12,9329.44,7,36,0.139,2305.5,25801.7,19,121.34,0.59,salaried,home,west,50567.05,0,0
27,26923.12,613.0,10,19677.26,3,36,0.731,1442.34,7566.42,19,75.91,0.69,salaried,education,north,42069.38,1,0
46,35804.89,636.0,13,6390.14,3,60,0.178,1506.44,8397.73,29,51.95,0.777,salaried,auto,central,45909.37,1,0
52,31783.02,612.0,27,11471.83,2,12,0.361,678.21,5442.36,30,22.61,0.47,salaried,personal,north,30248.49,0,0
32,59671.47,635.0,23,14523.52,8,12,0.243,2661.2,34232.35,31,85.85,0.831,contract,education,east,47695.74,0,0
28,80221.71,623.0,16,18494.22,1,36,0.231,4535.99,5579.42,20,226.8,0.855,contract,personal,north,42889.84,1,0
25,33421.48,550.0,8,6516.31,3,60,0.195,1540.93,5987.15,30,51.36,0.42,self_employed,education,east,35983.92,0,0
62,79967.39,522.0,29,25598.6,2,24,0.32,1900.98,17640.36,29,65.55,0.736,self_employed,home,south,47173.13,1,0
48,35733.37,657.0,2,8922.84,8,36,0.25,1623.55,1766.07,25,64.94,0.724,self_employed,auto,central,42494.21,1,0
25,74860.37,701.0,7,1480.98,7,24,0.02,3898.62,42820.41,28,139.24,0.876,self_employed,auto,south,52137.37,0,0
46,47682.55,782.0,17,8531.35,1,36,0.179,2460.63,1166.92,20,123.03,0.805,contract,business,north,54543.88,0,0
25,44410.65,743.0,29,3190.47,1,24,0.072,1927.38,25612.65,23,83.8,0.655,salaried,home,south,59019.38,0,0
42,90590.33,727.0,2,4188.16,8,24,0.046,4729.4,52357.58,38,124.46,0.45,self_employed,home,central,55894.86,0,0
35,121110.77,669.0,33,14892.72,1,24,0.123,3118.01,6643.91,30,103.93,0.85,self_employed,education,north,67252.26,0,0
33,22611.47,660.0,27,32623.84,6,60,1.443,717.47,1251.32,19,37.76,0.886,salaried,home,east,37695.41,0,0
48,70951.09,583.0,24,18351.88,5,36,0.259,2149.34,34447.36,28,76.76,0.566,contract,home,central,42459.22,0,1
53,58676.84,573.0,29,3548.1,3,24,0.06,2074.84,11388.8,29,71.55,0.964,salaried,personal,west,56490.06,0,1
63,72841.94,666.0,6,5440.6,4,36,0.075,3450.02,35311.62,27,127.78,0.85,salaried,education,north,54146.71,0,0
43,28358.12,579.0,28,36938.33,3,24,1.303,1198.12,861.16,29,41.31,0.315,salaried,personal,west,29749.77,1,0
53,33258.17,642.0,1,23137.81,6,36,0.696,1340.08,11091.51,34,39.41,0.611,self_employed,auto,west,36755.66,0,0
63,40048.91,438.0,25,33930.39,5,60,0.847,1775.21,133.36,29,61.21,0.855,self_employed,home,west,27390.32,1,0
